image,D00,D10,D20,D40,combination,split
Japan_001337.jpg,0,0,0,0,NONE,train
Japan_001996.jpg,1,0,0,0,D00,train
Japan_004046.jpg,0,1,0,0,D10,train
Japan_005136.jpg,0,1,1,0,D10+D20,train
Japan_000808.jpg,0,0,1,0,D20,train
Japan_009402.jpg,0,0,0,0,NONE,train
Japan_002562.jpg,0,0,0,1,D40,train
Japan_002884.jpg,0,0,0,1,D40,train
Japan_006148.jpg,0,0,0,0,NONE,train
Japan_005913.jpg,0,0,1,0,D20,train
Japan_001612.jpg,0,0,1,0,D20,train
Japan_005022.jpg,1,0,0,0,D00,train
Japan_009682.jpg,0,0,0,0,NONE,train
Japan_012052.jpg,0,0,1,0,D20,train
Japan_007689.jpg,0,0,0,0,NONE,train
Japan_006674.jpg,0,0,1,0,D20,train
Japan_010083.jpg,1,0,0,0,D00,train
Japan_004282.jpg,0,0,1,0,D20,train
Japan_008840.jpg,0,0,1,0,D20,train
Japan_005446.jpg,1,1,1,0,D00+D10+D20,train
Japan_002395.jpg,1,0,0,0,D00,train
Japan_003185.jpg,0,0,0,1,D40,train
Japan_006185.jpg,1,0,1,0,D00+D20,train
Japan_006020.jpg,1,1,0,0,D00+D10,train
Japan_009341.jpg,1,1,0,0,D00+D10,train
Japan_010996.jpg,0,0,0,0,NONE,train
Japan_005797.jpg,0,0,0,0,NONE,train
Japan_000200.jpg,1,0,0,0,D00,train
Japan_000340.jpg,0,1,0,0,D10,train
Japan_007469.jpg,0,0,0,0,NONE,train
Japan_007539.jpg,0,0,1,0,D20,train
Japan_012830.jpg,0,0,1,0,D20,train
Japan_005524.jpg,0,0,0,0,NONE,train
Japan_007858.jpg,0,0,1,0,D20,train
Japan_002044.jpg,0,0,1,0,D20,train
Japan_011469.jpg,0,0,0,0,NONE,train
Japan_005349.jpg,0,1,0,0,D10,train
Japan_007142.jpg,0,0,0,1,D40,train
Japan_001093.jpg,0,1,1,0,D10+D20,train
Japan_004559.jpg,0,0,0,0,NONE,train
Japan_007277.jpg,0,0,1,0,D20,train
Japan_002900.jpg,0,0,0,0,NONE,train
Japan_003153.jpg,0,1,1,1,D10+D20+D40,train
Japan_001513.jpg,0,1,0,0,D10,train
Japan_001940.jpg,0,0,0,0,NONE,train
Japan_004622.jpg,1,1,1,0,D00+D10+D20,train
Japan_011749.jpg,1,0,0,0,D00,train
Japan_003046.jpg,0,0,1,1,D20+D40,train
Japan_010274.jpg,0,0,1,0,D20,train
Japan_004747.jpg,0,0,0,0,NONE,train
Japan_013032.jpg,0,0,0,1,D40,train
Japan_011404.jpg,0,1,1,0,D10+D20,train
Japan_011791.jpg,1,0,0,0,D00,train
Japan_000785.jpg,0,0,0,0,NONE,train
Japan_011256.jpg,0,0,1,1,D20+D40,train
Japan_005502.jpg,0,0,1,0,D20,train
Japan_002604.jpg,0,0,0,0,NONE,train
Japan_002433.jpg,1,1,1,0,D00+D10+D20,train
Japan_006398.jpg,0,0,0,0,NONE,train
Japan_008773.jpg,0,0,0,0,NONE,train
Japan_009097.jpg,0,0,1,0,D20,train
Japan_003678.jpg,0,0,1,0,D20,train
Japan_006932.jpg,0,1,1,0,D10+D20,train
Japan_007881.jpg,0,0,0,0,NONE,train
Japan_011527.jpg,0,0,1,0,D20,train
Japan_007302.jpg,0,0,1,0,D20,train
Japan_003915.jpg,0,0,1,0,D20,train
Japan_012329.jpg,1,1,1,0,D00+D10+D20,train
Japan_000427.jpg,0,0,0,0,NONE,train
Japan_004088.jpg,0,0,0,0,NONE,train
Japan_006378.jpg,0,0,0,0,NONE,train
Japan_011599.jpg,0,0,0,0,NONE,train
Japan_009076.jpg,1,1,1,0,D00+D10+D20,train
Japan_002664.jpg,1,0,0,0,D00,train
Japan_011186.jpg,1,0,0,0,D00,train
Japan_002302.jpg,0,1,1,0,D10+D20,train
Japan_004960.jpg,1,0,0,0,D00,train
Japan_005170.jpg,0,0,0,0,NONE,train
Japan_000790.jpg,0,0,1,1,D20+D40,train
Japan_006889.jpg,0,0,0,0,NONE,train
Japan_009444.jpg,0,0,0,1,D40,train
Japan_004539.jpg,1,0,0,0,D00,train
Japan_008624.jpg,0,0,0,0,NONE,train
Japan_000129.jpg,0,0,0,1,D40,train
Japan_000158.jpg,0,0,1,0,D20,train
Japan_009454.jpg,0,0,0,1,D40,train
Japan_005406.jpg,0,0,0,0,NONE,train
Japan_008919.jpg,0,1,0,0,D10,train
Japan_003107.jpg,1,0,0,0,D00,train
Japan_010407.jpg,0,1,1,0,D10+D20,train
Japan_007467.jpg,1,0,0,0,D00,train
Japan_011211.jpg,0,0,1,0,D20,train
Japan_000143.jpg,0,0,0,0,NONE,train
Japan_007592.jpg,0,0,1,0,D20,train
Japan_000684.jpg,0,1,0,0,D10,train
Japan_000394.jpg,0,1,1,0,D10+D20,train
Japan_006480.jpg,0,1,1,0,D10+D20,train
Japan_010488.jpg,0,0,0,0,NONE,train
Japan_002331.jpg,0,0,1,0,D20,train
Japan_002118.jpg,0,0,0,0,NONE,train
Japan_010799.jpg,0,0,0,0,NONE,train
Japan_009617.jpg,0,1,1,0,D10+D20,train
Japan_010484.jpg,0,1,1,0,D10+D20,train
Japan_010257.jpg,0,1,1,0,D10+D20,train
Japan_000010.jpg,0,0,0,0,NONE,train
Japan_003106.jpg,0,0,1,0,D20,train
Japan_007832.jpg,1,0,1,0,D00+D20,train
Japan_011395.jpg,0,0,1,0,D20,train
Japan_012569.jpg,1,0,0,0,D00,train
Japan_010349.jpg,0,0,1,0,D20,train
Japan_006079.jpg,0,1,0,0,D10,train
Japan_009490.jpg,0,0,1,1,D20+D40,train
Japan_000022.jpg,0,0,0,0,NONE,train
Japan_006059.jpg,0,1,0,0,D10,train
Japan_001409.jpg,0,0,1,1,D20+D40,train
Japan_008006.jpg,1,0,0,0,D00,train
Japan_001437.jpg,1,1,1,0,D00+D10+D20,train
Japan_001499.jpg,0,0,1,0,D20,train
Japan_004948.jpg,1,0,0,0,D00,train
Japan_002592.jpg,1,0,0,0,D00,train
Japan_001326.jpg,0,0,1,0,D20,train
Japan_012401.jpg,0,0,1,0,D20,train
Japan_000012.jpg,0,0,1,0,D20,train
Japan_011332.jpg,0,1,0,0,D10,train
Japan_001553.jpg,0,0,0,0,NONE,train
Japan_000011.jpg,1,0,1,0,D00+D20,train
Japan_012419.jpg,0,0,0,0,NONE,train
Japan_003696.jpg,0,0,0,0,NONE,train
Japan_005355.jpg,0,1,1,0,D10+D20,train
Japan_010923.jpg,0,0,0,0,NONE,train
Japan_008808.jpg,0,0,1,0,D20,train
Japan_011489.jpg,1,1,0,0,D00+D10,train
Japan_005018.jpg,0,0,0,0,NONE,train
Japan_007243.jpg,0,0,0,0,NONE,train
Japan_007167.jpg,0,0,1,0,D20,train
Japan_003681.jpg,0,1,0,0,D10,train
Japan_004565.jpg,0,0,0,0,NONE,train
Japan_009215.jpg,0,0,1,1,D20+D40,train
Japan_004087.jpg,0,0,1,0,D20,train
Japan_001228.jpg,0,0,1,1,D20+D40,train
Japan_012150.jpg,1,0,0,0,D00,train
Japan_012346.jpg,0,0,0,0,NONE,train
Japan_000836.jpg,0,0,1,1,D20+D40,train
Japan_011026.jpg,0,1,0,0,D10,train
Japan_002570.jpg,0,0,1,0,D20,train
Japan_007029.jpg,1,0,0,0,D00,train
Japan_005000.jpg,0,0,1,0,D20,train
Japan_005673.jpg,0,0,1,0,D20,train
Japan_008713.jpg,0,1,1,0,D10+D20,train
Japan_001688.jpg,0,0,0,0,NONE,train
Japan_001629.jpg,1,1,0,0,D00+D10,train
Japan_007990.jpg,1,0,0,0,D00,train
Japan_007502.jpg,0,1,1,0,D10+D20,train
Japan_008333.jpg,0,0,1,0,D20,train
Japan_011900.jpg,0,0,0,0,NONE,train
Japan_008075.jpg,1,1,1,0,D00+D10+D20,train
Japan_010395.jpg,0,0,0,1,D40,train
Japan_007376.jpg,0,0,1,0,D20,train
Japan_010298.jpg,0,0,1,0,D20,train
Japan_007584.jpg,0,0,1,0,D20,train
Japan_009465.jpg,0,0,1,0,D20,train
Japan_000865.jpg,1,0,0,0,D00,train
Japan_010124.jpg,0,1,0,0,D10,train
Japan_012980.jpg,0,1,0,0,D10,train
Japan_008354.jpg,0,0,0,0,NONE,train
Japan_012377.jpg,0,0,0,0,NONE,train
Japan_007364.jpg,0,0,0,1,D40,train
Japan_005419.jpg,0,0,0,0,NONE,train
Japan_000743.jpg,0,0,1,1,D20+D40,train
Japan_006410.jpg,0,0,1,1,D20+D40,train
Japan_011023.jpg,0,0,1,0,D20,train
Japan_000480.jpg,0,0,1,0,D20,train
Japan_003022.jpg,0,0,1,0,D20,train
Japan_008465.jpg,0,0,0,0,NONE,train
Japan_009159.jpg,0,0,1,0,D20,train
Japan_011650.jpg,0,0,1,1,D20+D40,train
Japan_009302.jpg,0,1,1,0,D10+D20,train
Japan_010761.jpg,1,0,0,0,D00,train
Japan_003995.jpg,0,1,1,1,D10+D20+D40,train
Japan_004171.jpg,0,1,0,0,D10,train
Japan_010730.jpg,0,0,0,0,NONE,train
Japan_003965.jpg,0,0,1,0,D20,train
Japan_009316.jpg,1,0,0,0,D00,train
Japan_001599.jpg,0,0,0,0,NONE,train
Japan_002345.jpg,1,0,0,0,D00,train
Japan_000873.jpg,1,0,0,0,D00,train
Japan_006282.jpg,1,0,1,0,D00+D20,train
Japan_006519.jpg,1,1,0,0,D00+D10,train
Japan_010796.jpg,0,0,0,0,NONE,train
Japan_003313.jpg,0,0,0,0,NONE,train
Japan_009940.jpg,1,0,0,0,D00,train
Japan_012135.jpg,0,0,0,0,NONE,train
Japan_006730.jpg,0,0,0,0,NONE,train
Japan_008050.jpg,0,0,1,1,D20+D40,train
Japan_005006.jpg,0,0,1,0,D20,train
Japan_003444.jpg,0,0,1,0,D20,train
Japan_006986.jpg,0,0,0,0,NONE,train
Japan_002929.jpg,1,1,0,0,D00+D10,train
Japan_001449.jpg,0,0,1,0,D20,train
Japan_008965.jpg,0,0,0,0,NONE,train
Japan_001515.jpg,0,1,0,0,D10,train
Japan_007429.jpg,1,0,0,0,D00,train
Japan_007709.jpg,0,0,1,0,D20,train
Japan_001096.jpg,0,1,1,0,D10+D20,train
Japan_011374.jpg,0,0,0,1,D40,train
Japan_007370.jpg,0,0,1,0,D20,train
Japan_005375.jpg,1,0,0,0,D00,train
Japan_009318.jpg,0,0,1,1,D20+D40,train
Japan_012268.jpg,1,0,0,0,D00,train
Japan_000387.jpg,0,0,0,0,NONE,train
Japan_007626.jpg,1,0,1,0,D00+D20,train
Japan_009173.jpg,0,0,0,0,NONE,train
Japan_009546.jpg,0,0,0,1,D40,train
Japan_001360.jpg,1,0,1,0,D00+D20,train
Japan_001380.jpg,0,0,0,0,NONE,train
Japan_004799.jpg,0,1,0,0,D10,train
Japan_008243.jpg,1,0,1,0,D00+D20,train
Japan_009638.jpg,1,1,1,0,D00+D10+D20,train
Japan_012371.jpg,0,0,1,0,D20,train
Japan_009357.jpg,0,0,0,0,NONE,train
Japan_004275.jpg,0,0,1,0,D20,train
Japan_003299.jpg,1,0,1,0,D00+D20,train
Japan_003940.jpg,0,0,0,0,NONE,train
Japan_009863.jpg,1,0,0,0,D00,train
Japan_008585.jpg,0,0,0,0,NONE,train
Japan_001320.jpg,0,1,0,0,D10,train
Japan_000850.jpg,0,0,0,0,NONE,train
Japan_011100.jpg,0,0,0,0,NONE,train
Japan_012375.jpg,0,0,0,0,NONE,train
Japan_006766.jpg,0,0,0,0,NONE,train
Japan_009918.jpg,1,0,0,0,D00,train
Japan_010863.jpg,0,1,1,0,D10+D20,train
Japan_001977.jpg,0,0,1,0,D20,train
Japan_004676.jpg,0,0,0,1,D40,train
Japan_005158.jpg,0,0,0,0,NONE,train
Japan_008344.jpg,1,0,0,0,D00,train
Japan_001007.jpg,1,1,0,0,D00+D10,train
Japan_003431.jpg,0,0,1,1,D20+D40,train
Japan_004582.jpg,0,0,1,0,D20,train
Japan_010382.jpg,0,0,1,0,D20,train
Japan_004872.jpg,0,0,1,0,D20,train
Japan_000176.jpg,0,0,1,0,D20,train
Japan_008835.jpg,0,0,1,0,D20,train
Japan_009484.jpg,0,0,0,1,D40,train
Japan_004923.jpg,0,1,1,0,D10+D20,train
Japan_007457.jpg,0,0,1,0,D20,train
Japan_006584.jpg,0,0,0,0,NONE,train
Japan_010741.jpg,1,1,0,0,D00+D10,train
Japan_000613.jpg,1,0,0,0,D00,train
Japan_005254.jpg,0,0,0,0,NONE,train
Japan_000757.jpg,0,0,0,0,NONE,train
Japan_004890.jpg,0,0,1,0,D20,train
Japan_002474.jpg,1,0,1,0,D00+D20,train
Japan_007876.jpg,0,0,0,0,NONE,train
Japan_001522.jpg,1,1,0,0,D00+D10,train
Japan_004515.jpg,0,0,1,0,D20,train
Japan_012463.jpg,0,0,1,0,D20,train
Japan_007776.jpg,0,0,1,0,D20,train
Japan_001371.jpg,1,0,0,0,D00,train
Japan_003580.jpg,0,0,1,0,D20,train
Japan_005665.jpg,0,0,0,0,NONE,train
Japan_012121.jpg,0,0,1,0,D20,train
Japan_011087.jpg,0,0,0,0,NONE,train
Japan_008780.jpg,1,0,1,0,D00+D20,train
Japan_000372.jpg,1,0,0,0,D00,train
Japan_000718.jpg,0,0,0,0,NONE,train
Japan_000070.jpg,0,1,0,0,D10,train
Japan_007061.jpg,0,0,1,1,D20+D40,train
Japan_012200.jpg,1,1,0,0,D00+D10,train
Japan_007206.jpg,1,1,0,0,D00+D10,train
Japan_009892.jpg,0,0,0,0,NONE,train
Japan_012662.jpg,1,1,0,0,D00+D10,train
Japan_006315.jpg,0,0,0,0,NONE,train
Japan_010561.jpg,0,0,0,1,D40,train
Japan_002477.jpg,0,0,1,0,D20,train
Japan_000778.jpg,0,1,1,0,D10+D20,train
Japan_001073.jpg,0,0,0,0,NONE,train
Japan_002183.jpg,1,0,0,0,D00,train
Japan_000980.jpg,0,0,1,0,D20,train
Japan_002001.jpg,0,0,1,0,D20,train
Japan_002133.jpg,0,0,1,1,D20+D40,train
Japan_007468.jpg,0,0,0,0,NONE,train
Japan_013111.jpg,0,0,1,0,D20,train
Japan_006139.jpg,0,1,0,0,D10,train
Japan_006898.jpg,1,1,0,0,D00+D10,train
Japan_007863.jpg,1,1,0,0,D00+D10,train
Japan_005994.jpg,0,0,1,0,D20,train
Japan_002986.jpg,0,1,0,0,D10,train
Japan_002872.jpg,0,0,0,0,NONE,train
Japan_007485.jpg,0,0,1,0,D20,train
Japan_001795.jpg,0,0,0,0,NONE,train
Japan_000471.jpg,1,0,1,0,D00+D20,train
Japan_001084.jpg,1,0,0,0,D00,train
Japan_008139.jpg,1,1,0,0,D00+D10,train
Japan_005895.jpg,0,0,0,0,NONE,train
Japan_000695.jpg,0,0,1,0,D20,train
Japan_010997.jpg,0,0,0,0,NONE,train
Japan_010922.jpg,0,0,1,0,D20,train
Japan_007168.jpg,0,0,1,0,D20,train
Japan_004356.jpg,0,1,1,0,D10+D20,train
Japan_002400.jpg,0,0,1,0,D20,train
Japan_008341.jpg,0,1,0,0,D10,train
Japan_012097.jpg,0,0,0,0,NONE,train
Japan_004999.jpg,0,1,1,0,D10+D20,train
Japan_011066.jpg,0,0,1,0,D20,train
Japan_008485.jpg,0,0,1,0,D20,train
Japan_003421.jpg,0,0,1,0,D20,train
Japan_010031.jpg,0,0,0,0,NONE,train
Japan_008748.jpg,0,1,1,0,D10+D20,train
Japan_009506.jpg,0,0,0,1,D40,train
Japan_001921.jpg,0,0,0,1,D40,train
Japan_010994.jpg,0,1,1,0,D10+D20,train
Japan_012254.jpg,1,0,0,0,D00,train
Japan_008619.jpg,0,0,0,0,NONE,train
Japan_002055.jpg,0,1,0,0,D10,train
Japan_004787.jpg,0,0,0,0,NONE,train
Japan_008345.jpg,0,1,0,0,D10,train
Japan_000632.jpg,0,0,1,0,D20,train
Japan_006029.jpg,0,0,1,1,D20+D40,train
Japan_002063.jpg,1,0,0,0,D00,train
Japan_007021.jpg,1,1,1,0,D00+D10+D20,train
Japan_000423.jpg,0,0,0,1,D40,train
Japan_007652.jpg,0,0,1,0,D20,train
Japan_012369.jpg,1,0,0,0,D00,train
Japan_005676.jpg,1,1,0,0,D00+D10,train
Japan_000097.jpg,0,1,1,0,D10+D20,train
Japan_005792.jpg,0,0,0,0,NONE,train
Japan_013054.jpg,1,1,1,0,D00+D10+D20,train
Japan_009684.jpg,0,0,1,1,D20+D40,train
Japan_009754.jpg,0,0,0,0,NONE,train
Japan_011061.jpg,0,0,1,0,D20,train
Japan_012129.jpg,0,0,0,0,NONE,train
Japan_002566.jpg,1,0,0,0,D00,train
Japan_000588.jpg,1,0,0,0,D00,train
Japan_009225.jpg,0,0,0,0,NONE,train
Japan_012706.jpg,0,0,1,0,D20,train
Japan_003390.jpg,0,0,1,0,D20,train
Japan_001536.jpg,0,0,1,0,D20,train
Japan_002383.jpg,0,0,0,0,NONE,train
Japan_001301.jpg,0,0,1,1,D20+D40,train
Japan_010596.jpg,0,0,1,0,D20,train
Japan_012050.jpg,0,1,0,0,D10,train
Japan_002693.jpg,0,0,1,0,D20,train
Japan_005522.jpg,0,0,0,0,NONE,train
Japan_008614.jpg,0,0,1,1,D20+D40,train
Japan_009050.jpg,0,0,1,0,D20,train
Japan_011610.jpg,0,0,1,1,D20+D40,train
Japan_001793.jpg,0,0,1,1,D20+D40,train
Japan_005107.jpg,0,0,0,0,NONE,train
Japan_003160.jpg,1,0,0,0,D00,train
Japan_007140.jpg,0,0,0,0,NONE,train
Japan_005183.jpg,1,1,1,0,D00+D10+D20,train
Japan_013025.jpg,0,1,0,0,D10,train
Japan_009242.jpg,0,0,0,0,NONE,train
Japan_004639.jpg,0,0,0,0,NONE,train
Japan_001027.jpg,0,1,0,1,D10+D40,train
Japan_001614.jpg,0,0,1,0,D20,train
Japan_008972.jpg,1,0,0,0,D00,train
Japan_012197.jpg,1,0,1,0,D00+D20,train
Japan_006941.jpg,0,0,0,0,NONE,train
Japan_010995.jpg,1,0,0,0,D00,train
Japan_003197.jpg,1,0,0,0,D00,train
Japan_004509.jpg,0,0,0,0,NONE,train
Japan_012747.jpg,0,1,0,1,D10+D40,train
Japan_010534.jpg,0,0,1,0,D20,train
Japan_004107.jpg,1,0,0,0,D00,train
Japan_008406.jpg,0,0,1,0,D20,train
Japan_006888.jpg,0,0,1,0,D20,train
Japan_004597.jpg,1,0,1,0,D00+D20,train
Japan_000713.jpg,1,0,0,0,D00,train
Japan_003310.jpg,1,1,0,0,D00+D10,train
Japan_010590.jpg,1,0,0,0,D00,train
Japan_010239.jpg,1,1,0,0,D00+D10,train
Japan_001140.jpg,1,0,0,0,D00,train
Japan_006399.jpg,0,0,0,0,NONE,train
Japan_006261.jpg,0,0,0,0,NONE,train
Japan_002298.jpg,0,0,1,0,D20,train
Japan_002240.jpg,0,0,1,1,D20+D40,train
Japan_012724.jpg,0,0,1,1,D20+D40,train
Japan_002709.jpg,0,0,1,0,D20,train
Japan_001609.jpg,0,0,0,0,NONE,train
Japan_010577.jpg,0,0,1,0,D20,train
Japan_004199.jpg,1,0,0,0,D00,train
Japan_012948.jpg,1,1,0,0,D00+D10,train
Japan_003876.jpg,0,0,0,0,NONE,train
Japan_004560.jpg,0,0,0,0,NONE,train
Japan_011939.jpg,0,0,1,0,D20,train
Japan_003194.jpg,0,0,1,0,D20,train
Japan_012241.jpg,1,0,0,0,D00,train
Japan_009488.jpg,0,1,1,0,D10+D20,train
Japan_009534.jpg,0,0,0,0,NONE,train
Japan_008560.jpg,1,1,1,0,D00+D10+D20,train
Japan_002081.jpg,0,0,0,0,NONE,train
Japan_008990.jpg,0,0,1,1,D20+D40,train
Japan_005124.jpg,0,1,1,0,D10+D20,train
Japan_007802.jpg,0,0,0,0,NONE,train
Japan_013033.jpg,0,0,0,0,NONE,train
Japan_009972.jpg,0,0,0,0,NONE,train
Japan_003210.jpg,1,0,0,0,D00,train
Japan_008296.jpg,1,0,0,0,D00,train
Japan_001848.jpg,0,0,0,0,NONE,train
Japan_004911.jpg,0,0,0,0,NONE,train
Japan_006598.jpg,0,1,1,0,D10+D20,train
Japan_000130.jpg,1,0,0,0,D00,train
Japan_003821.jpg,1,0,0,0,D00,train
Japan_008905.jpg,0,0,0,0,NONE,train
Japan_005984.jpg,1,0,0,0,D00,train
Japan_005251.jpg,1,0,0,0,D00,train
Japan_008152.jpg,0,0,0,0,NONE,train
Japan_010980.jpg,0,0,1,0,D20,train
Japan_003805.jpg,0,0,0,0,NONE,train
Japan_001858.jpg,0,1,1,0,D10+D20,train
Japan_003576.jpg,1,0,0,0,D00,train
Japan_001957.jpg,1,0,0,0,D00,train
Japan_011943.jpg,1,0,0,0,D00,train
Japan_007049.jpg,0,0,0,0,NONE,train
Japan_004689.jpg,0,0,1,1,D20+D40,train
Japan_004270.jpg,1,0,0,0,D00,train
Japan_008191.jpg,0,0,0,0,NONE,train
Japan_007227.jpg,0,0,1,0,D20,train
Japan_008187.jpg,1,0,0,0,D00,train
Japan_004148.jpg,0,0,1,0,D20,train
Japan_006786.jpg,0,0,1,0,D20,train
Japan_003667.jpg,1,0,0,0,D00,train
Japan_009897.jpg,1,1,1,0,D00+D10+D20,train
Japan_007666.jpg,0,0,0,0,NONE,train
Japan_002692.jpg,0,0,0,0,NONE,train
Japan_008030.jpg,0,0,1,0,D20,train
Japan_012088.jpg,0,0,1,0,D20,train
Japan_009790.jpg,1,0,0,0,D00,train
Japan_007520.jpg,0,0,0,0,NONE,train
Japan_012599.jpg,0,0,1,0,D20,train
Japan_008228.jpg,0,0,1,1,D20+D40,train
Japan_001618.jpg,0,0,1,0,D20,train
Japan_007476.jpg,0,0,1,0,D20,train
Japan_009750.jpg,0,0,0,0,NONE,train
Japan_001109.jpg,0,0,1,1,D20+D40,train
Japan_001836.jpg,0,0,0,0,NONE,train
Japan_008625.jpg,0,1,0,0,D10,train
Japan_000709.jpg,0,0,1,1,D20+D40,train
Japan_001003.jpg,0,0,0,0,NONE,train
Japan_006318.jpg,1,0,1,1,D00+D20+D40,train
Japan_002314.jpg,0,0,1,0,D20,train
Japan_006481.jpg,0,1,1,0,D10+D20,train
Japan_006212.jpg,0,0,0,0,NONE,train
Japan_000526.jpg,0,0,0,1,D40,train
Japan_010487.jpg,0,0,1,0,D20,train
Japan_003168.jpg,0,0,0,0,NONE,train
Japan_005628.jpg,0,0,1,1,D20+D40,train
Japan_006243.jpg,0,0,1,1,D20+D40,train
Japan_004920.jpg,0,0,1,0,D20,train
Japan_002483.jpg,0,0,1,0,D20,train
Japan_003698.jpg,0,0,1,0,D20,train
Japan_005009.jpg,0,0,0,0,NONE,train
Japan_001019.jpg,0,0,0,0,NONE,train
Japan_000062.jpg,0,0,0,1,D40,train
Japan_009026.jpg,1,1,1,0,D00+D10+D20,train
Japan_002951.jpg,1,1,0,0,D00+D10,train
Japan_008009.jpg,0,0,1,0,D20,train
Japan_003439.jpg,0,0,1,0,D20,train
Japan_009127.jpg,1,1,1,0,D00+D10+D20,train
Japan_008673.jpg,1,0,1,0,D00+D20,train
Japan_006446.jpg,1,1,0,0,D00+D10,train
Japan_000871.jpg,0,0,1,0,D20,train
Japan_010807.jpg,0,0,1,0,D20,train
Japan_010360.jpg,0,1,0,0,D10,train
Japan_003551.jpg,1,1,0,0,D00+D10,train
Japan_001855.jpg,0,0,0,0,NONE,train
Japan_005737.jpg,1,0,0,0,D00,train
Japan_001973.jpg,0,0,0,0,NONE,train
Japan_003470.jpg,0,0,1,1,D20+D40,train
Japan_009695.jpg,0,0,0,0,NONE,train
Japan_012192.jpg,0,0,1,0,D20,train
Japan_009621.jpg,0,0,0,0,NONE,train
Japan_004887.jpg,1,0,0,0,D00,train
Japan_007692.jpg,0,1,1,0,D10+D20,train
Japan_007949.jpg,0,0,1,0,D20,train
Japan_001935.jpg,0,0,1,0,D20,train
Japan_010625.jpg,0,0,1,0,D20,train
Japan_008701.jpg,0,0,1,0,D20,train
Japan_010397.jpg,0,1,1,0,D10+D20,train
Japan_005273.jpg,0,0,1,0,D20,train
Japan_002307.jpg,0,0,1,0,D20,train
Japan_010605.jpg,0,1,0,0,D10,train
Japan_007073.jpg,0,0,0,0,NONE,train
Japan_005564.jpg,0,0,1,0,D20,train
Japan_003123.jpg,0,0,0,0,NONE,train
Japan_001738.jpg,0,0,0,0,NONE,train
Japan_002503.jpg,0,0,0,0,NONE,train
Japan_007706.jpg,0,0,0,0,NONE,train
Japan_005209.jpg,1,0,0,0,D00,train
Japan_009290.jpg,0,0,1,0,D20,train
Japan_007127.jpg,0,1,1,0,D10+D20,train
Japan_009409.jpg,0,0,1,1,D20+D40,train
Japan_009396.jpg,1,0,0,0,D00,train
Japan_003700.jpg,0,0,0,0,NONE,train
Japan_007180.jpg,1,0,0,0,D00,train
Japan_011678.jpg,1,1,0,0,D00+D10,train
Japan_011539.jpg,0,0,1,0,D20,train
Japan_008308.jpg,1,0,0,0,D00,train
Japan_001812.jpg,0,0,0,0,NONE,train
Japan_002646.jpg,0,0,0,0,NONE,train
Japan_009397.jpg,1,0,1,0,D00+D20,train
Japan_002916.jpg,0,0,1,0,D20,train
Japan_012973.jpg,0,0,1,0,D20,train
Japan_013043.jpg,0,0,0,1,D40,train
Japan_000353.jpg,0,1,1,0,D10+D20,train
Japan_012195.jpg,0,0,1,0,D20,train
Japan_000936.jpg,0,0,1,0,D20,train
Japan_007330.jpg,0,0,1,0,D20,train
Japan_012517.jpg,0,0,1,1,D20+D40,train
Japan_003301.jpg,0,0,0,0,NONE,train
Japan_012563.jpg,0,1,1,0,D10+D20,train
Japan_006201.jpg,1,0,0,0,D00,train
Japan_011729.jpg,0,0,1,0,D20,train
Japan_001042.jpg,1,0,0,0,D00,train
Japan_010047.jpg,0,0,1,0,D20,train
Japan_003255.jpg,0,0,1,1,D20+D40,train
Japan_007432.jpg,1,0,0,0,D00,train
Japan_003644.jpg,1,0,1,0,D00+D20,train
Japan_004201.jpg,0,0,0,0,NONE,train
Japan_005434.jpg,0,0,0,0,NONE,train
Japan_000008.jpg,0,0,0,0,NONE,train
Japan_008862.jpg,1,1,1,0,D00+D10+D20,train
Japan_000274.jpg,0,0,0,0,NONE,train
Japan_002478.jpg,1,1,0,0,D00+D10,train
Japan_005900.jpg,0,1,0,0,D10,train
Japan_009929.jpg,0,0,0,1,D40,train
Japan_011605.jpg,1,1,0,0,D00+D10,train
Japan_004526.jpg,1,1,0,0,D00+D10,train
Japan_000883.jpg,0,0,1,0,D20,train
Japan_011383.jpg,0,0,1,0,D20,train
Japan_009285.jpg,0,0,0,0,NONE,train
Japan_005069.jpg,0,1,0,0,D10,train
Japan_000630.jpg,1,1,1,0,D00+D10+D20,train
Japan_003452.jpg,1,1,1,0,D00+D10+D20,train
Japan_012643.jpg,0,0,1,0,D20,train
Japan_007189.jpg,0,0,0,0,NONE,train
Japan_007129.jpg,0,0,1,1,D20+D40,train
Japan_005264.jpg,0,0,1,1,D20+D40,train
Japan_001961.jpg,0,0,1,0,D20,train
Japan_004412.jpg,0,0,0,0,NONE,train
Japan_005085.jpg,1,0,0,0,D00,train
Japan_001878.jpg,0,0,1,1,D20+D40,train
Japan_006549.jpg,1,0,0,0,D00,train
Japan_002458.jpg,0,0,1,0,D20,train
Japan_009992.jpg,0,0,1,0,D20,train
Japan_003295.jpg,0,0,0,0,NONE,train
Japan_011125.jpg,0,0,1,0,D20,train
Japan_003537.jpg,1,0,0,0,D00,train
Japan_001767.jpg,1,0,0,0,D00,train
Japan_010578.jpg,0,0,1,1,D20+D40,train
Japan_009418.jpg,0,0,0,0,NONE,train
Japan_009655.jpg,1,1,0,0,D00+D10,train
Japan_002174.jpg,0,0,0,0,NONE,train
Japan_012538.jpg,1,1,0,0,D00+D10,train
Japan_004748.jpg,1,0,0,0,D00,train
Japan_001861.jpg,0,0,1,1,D20+D40,train
Japan_012624.jpg,0,0,1,0,D20,train
Japan_003682.jpg,0,0,0,1,D40,train
Japan_001610.jpg,0,0,1,0,D20,train
Japan_006929.jpg,0,0,0,0,NONE,train
Japan_006658.jpg,1,0,1,0,D00+D20,train
Japan_004026.jpg,0,0,0,1,D40,train
Japan_013102.jpg,0,0,1,0,D20,train
Japan_011758.jpg,0,0,0,0,NONE,train
Japan_010403.jpg,0,0,1,1,D20+D40,train
Japan_013058.jpg,0,1,1,0,D10+D20,train
Japan_008420.jpg,0,1,0,0,D10,train
Japan_003890.jpg,0,0,1,0,D20,train
Japan_000511.jpg,1,0,1,0,D00+D20,train
Japan_001031.jpg,0,0,0,0,NONE,train
Japan_003553.jpg,0,0,0,1,D40,train
Japan_000872.jpg,1,1,0,0,D00+D10,train
Japan_002588.jpg,0,0,1,0,D20,train
Japan_009379.jpg,0,0,1,0,D20,train
Japan_004945.jpg,0,0,1,0,D20,train
Japan_012580.jpg,0,0,1,0,D20,train
Japan_011744.jpg,1,1,0,0,D00+D10,train
Japan_012004.jpg,0,0,0,0,NONE,train
Japan_011283.jpg,0,0,1,1,D20+D40,train
Japan_005833.jpg,0,0,0,0,NONE,train
Japan_006995.jpg,1,0,1,0,D00+D20,train
Japan_003758.jpg,0,1,1,1,D10+D20+D40,train
Japan_004661.jpg,0,1,1,0,D10+D20,train
Japan_010290.jpg,0,0,0,1,D40,train
Japan_011324.jpg,0,0,0,0,NONE,train
Japan_006120.jpg,0,0,1,0,D20,train
Japan_006065.jpg,1,0,1,0,D00+D20,train
Japan_005842.jpg,1,0,1,0,D00+D20,train
Japan_011759.jpg,0,0,1,0,D20,train
Japan_011160.jpg,0,0,0,0,NONE,train
Japan_005678.jpg,0,0,1,0,D20,train
Japan_012413.jpg,0,1,0,0,D10,train
Japan_001668.jpg,0,0,0,1,D40,train
Japan_000123.jpg,0,0,0,0,NONE,train
Japan_007146.jpg,0,1,0,0,D10,train
Japan_008032.jpg,0,0,0,0,NONE,train
Japan_010499.jpg,0,0,1,0,D20,train
Japan_011994.jpg,0,0,1,0,D20,train
Japan_005962.jpg,1,1,1,0,D00+D10+D20,train
Japan_007900.jpg,0,0,1,1,D20+D40,train
Japan_004386.jpg,0,0,0,0,NONE,train
Japan_012487.jpg,0,0,1,0,D20,train
Japan_002901.jpg,0,0,1,0,D20,train
Japan_001652.jpg,0,1,0,0,D10,train
Japan_004955.jpg,0,0,0,0,NONE,train
Japan_000964.jpg,0,0,1,0,D20,train
Japan_004964.jpg,0,0,1,0,D20,train
Japan_009607.jpg,0,0,0,0,NONE,train
Japan_002555.jpg,0,0,0,0,NONE,train
Japan_006849.jpg,0,0,0,0,NONE,train
Japan_002767.jpg,0,0,1,0,D20,train
Japan_001338.jpg,0,0,1,1,D20+D40,train
Japan_011891.jpg,0,1,0,0,D10,train
Japan_006081.jpg,1,0,0,0,D00,train
Japan_004858.jpg,1,0,1,0,D00+D20,train
Japan_003038.jpg,0,0,1,1,D20+D40,train
Japan_007027.jpg,0,0,1,0,D20,train
Japan_008269.jpg,0,0,0,0,NONE,train
Japan_004759.jpg,0,0,1,1,D20+D40,train
Japan_008515.jpg,0,0,1,0,D20,train
Japan_005259.jpg,0,0,0,1,D40,train
Japan_005137.jpg,0,0,1,1,D20+D40,train
Japan_007855.jpg,0,0,1,0,D20,train
Japan_012652.jpg,0,0,1,0,D20,train
Japan_002439.jpg,1,0,0,0,D00,train
Japan_008712.jpg,0,0,0,1,D40,train
Japan_007792.jpg,0,0,0,0,NONE,train
Japan_009652.jpg,1,1,0,0,D00+D10,train
Japan_008587.jpg,0,1,0,0,D10,train
Japan_012790.jpg,0,1,0,0,D10,train
Japan_011842.jpg,0,0,0,1,D40,train
Japan_002623.jpg,0,0,0,1,D40,train
Japan_004389.jpg,1,1,0,0,D00+D10,train
Japan_004001.jpg,0,0,0,0,NONE,train
Japan_012176.jpg,0,0,1,0,D20,train
Japan_009180.jpg,0,0,1,0,D20,train
Japan_000921.jpg,0,0,0,0,NONE,train
Japan_008411.jpg,0,0,1,0,D20,train
Japan_013007.jpg,1,1,0,0,D00+D10,train
Japan_010925.jpg,0,0,1,0,D20,train
Japan_009108.jpg,1,0,1,0,D00+D20,train
Japan_011743.jpg,0,0,0,0,NONE,train
Japan_005735.jpg,0,0,1,0,D20,train
Japan_006531.jpg,0,0,1,0,D20,train
Japan_006641.jpg,0,1,1,0,D10+D20,train
Japan_007667.jpg,0,0,0,0,NONE,train
Japan_010399.jpg,1,0,0,0,D00,train
Japan_006367.jpg,0,0,0,0,NONE,train
Japan_002989.jpg,1,0,0,0,D00,train
Japan_010608.jpg,0,0,1,0,D20,train
Japan_002793.jpg,0,0,0,1,D40,train
Japan_010358.jpg,0,1,0,0,D10,train
Japan_001981.jpg,0,0,0,0,NONE,train
Japan_004760.jpg,0,0,0,0,NONE,train
Japan_003984.jpg,1,0,0,0,D00,train
Japan_008415.jpg,0,1,0,0,D10,train
Japan_008805.jpg,0,1,1,0,D10+D20,train
Japan_003346.jpg,0,1,1,1,D10+D20+D40,train
Japan_009457.jpg,1,0,1,0,D00+D20,train
Japan_010163.jpg,0,0,0,0,NONE,train
Japan_005297.jpg,1,0,1,0,D00+D20,train
Japan_000219.jpg,0,0,1,0,D20,train
Japan_011719.jpg,0,0,1,0,D20,train
Japan_005026.jpg,0,0,1,0,D20,train
Japan_004585.jpg,1,1,0,0,D00+D10,train
Japan_009000.jpg,0,0,1,0,D20,train
Japan_011172.jpg,1,1,1,0,D00+D10+D20,train
Japan_007768.jpg,0,1,0,0,D10,train
Japan_010937.jpg,0,0,1,0,D20,train
Japan_005052.jpg,0,0,1,0,D20,train
Japan_002851.jpg,1,0,0,0,D00,train
Japan_010316.jpg,0,0,0,0,NONE,train
Japan_002424.jpg,1,1,1,0,D00+D10+D20,train
Japan_005724.jpg,0,0,1,0,D20,train
Japan_007414.jpg,0,1,1,0,D10+D20,train
Japan_005604.jpg,0,0,1,1,D20+D40,train
Japan_000601.jpg,1,0,0,0,D00,train
Japan_006840.jpg,0,1,1,0,D10+D20,train
Japan_010324.jpg,1,0,1,0,D00+D20,train
Japan_011498.jpg,0,0,0,0,NONE,train
Japan_009216.jpg,0,0,1,0,D20,train
Japan_010802.jpg,0,0,0,0,NONE,train
Japan_012971.jpg,1,1,0,0,D00+D10,train
Japan_013114.jpg,0,0,1,0,D20,train
Japan_007293.jpg,0,0,1,0,D20,train
Japan_012939.jpg,0,1,0,0,D10,train
Japan_006086.jpg,0,0,0,1,D40,train
Japan_011951.jpg,0,0,1,0,D20,train
Japan_002348.jpg,0,0,0,0,NONE,train
Japan_007460.jpg,1,1,0,0,D00+D10,train
Japan_000972.jpg,1,0,0,0,D00,train
Japan_005765.jpg,0,0,1,0,D20,train
Japan_008956.jpg,0,1,0,0,D10,train
Japan_010127.jpg,0,0,1,0,D20,train
Japan_002632.jpg,0,0,0,0,NONE,train
Japan_005418.jpg,1,0,0,0,D00,train
Japan_002040.jpg,1,0,0,0,D00,train
Japan_005197.jpg,0,1,1,1,D10+D20+D40,train
Japan_000633.jpg,0,0,1,0,D20,train
Japan_011764.jpg,0,0,1,0,D20,train
Japan_012701.jpg,0,0,0,0,NONE,train
Japan_002332.jpg,0,0,1,0,D20,train
Japan_011295.jpg,1,0,0,0,D00,train
Japan_011912.jpg,0,0,1,0,D20,train
Japan_000463.jpg,0,0,1,0,D20,train
Japan_008161.jpg,0,1,0,0,D10,train
Japan_009845.jpg,0,0,1,0,D20,train
Japan_005166.jpg,0,0,1,0,D20,train
Japan_004397.jpg,0,0,1,0,D20,train
Japan_002675.jpg,0,0,1,0,D20,train
Japan_002807.jpg,1,0,0,0,D00,train
Japan_008544.jpg,1,1,1,0,D00+D10+D20,train
Japan_010035.jpg,1,0,0,0,D00,train
Japan_013064.jpg,0,1,1,0,D10+D20,train
Japan_010655.jpg,0,0,0,0,NONE,train
Japan_010862.jpg,0,0,0,1,D40,train
Japan_011266.jpg,0,0,1,0,D20,train
Japan_012230.jpg,0,0,1,1,D20+D40,train
Japan_002008.jpg,1,1,0,0,D00+D10,train
Japan_000823.jpg,1,0,1,0,D00+D20,train
Japan_006025.jpg,0,1,0,0,D10,train
Japan_010771.jpg,0,0,1,0,D20,train
Japan_005261.jpg,0,0,0,0,NONE,train
Japan_012772.jpg,1,0,0,0,D00,train
Japan_006656.jpg,1,1,0,0,D00+D10,train
Japan_006691.jpg,1,0,0,0,D00,train
Japan_002598.jpg,0,1,1,0,D10+D20,train
Japan_011509.jpg,0,0,0,0,NONE,train
Japan_011944.jpg,0,0,0,1,D40,train
Japan_005919.jpg,0,0,0,0,NONE,train
Japan_006784.jpg,0,0,0,1,D40,train
Japan_003930.jpg,0,0,1,0,D20,train
Japan_001664.jpg,1,1,0,0,D00+D10,train
Japan_002839.jpg,0,1,1,0,D10+D20,train
Japan_000912.jpg,1,0,0,0,D00,train
Japan_002411.jpg,0,1,1,0,D10+D20,train
Japan_001350.jpg,0,0,0,0,NONE,train
Japan_000026.jpg,1,0,0,0,D00,train
Japan_000852.jpg,1,1,0,0,D00+D10,train
Japan_007782.jpg,0,0,1,0,D20,train
Japan_009958.jpg,0,0,0,0,NONE,train
Japan_010456.jpg,0,0,1,0,D20,train
Japan_012966.jpg,0,0,0,0,NONE,train
Japan_004242.jpg,1,0,1,0,D00+D20,train
Japan_011815.jpg,0,0,1,0,D20,train
Japan_001772.jpg,0,1,1,0,D10+D20,train
Japan_004581.jpg,0,0,0,0,NONE,train
Japan_012165.jpg,0,1,1,0,D10+D20,train
Japan_009675.jpg,0,0,1,0,D20,train
Japan_008933.jpg,0,0,1,0,D20,train
Japan_003518.jpg,0,0,0,0,NONE,train
Japan_013047.jpg,1,0,0,0,D00,train
Japan_000153.jpg,0,1,1,0,D10+D20,train
Japan_009447.jpg,0,0,1,0,D20,train
Japan_003419.jpg,0,0,0,0,NONE,train
Japan_001355.jpg,0,0,1,0,D20,train
Japan_003878.jpg,0,0,1,1,D20+D40,train
Japan_002000.jpg,1,0,0,0,D00,train
Japan_000074.jpg,1,0,1,1,D00+D20+D40,train
Japan_009545.jpg,0,0,0,0,NONE,train
Japan_000189.jpg,1,1,0,1,D00+D10+D40,train
Japan_012911.jpg,0,0,0,0,NONE,train
Japan_004378.jpg,0,0,1,1,D20+D40,train
Japan_006630.jpg,0,0,0,0,NONE,train
Japan_006330.jpg,1,0,0,0,D00,train
Japan_001074.jpg,0,0,1,0,D20,train
Japan_005017.jpg,1,0,0,0,D00,train
Japan_010540.jpg,0,0,0,0,NONE,train
Japan_008441.jpg,0,1,1,0,D10+D20,train
Japan_000218.jpg,0,0,0,0,NONE,train
Japan_004527.jpg,0,0,0,0,NONE,train
Japan_007083.jpg,0,0,1,0,D20,train
Japan_004537.jpg,0,0,1,1,D20+D40,train
Japan_011499.jpg,1,1,0,0,D00+D10,train
Japan_000564.jpg,0,0,0,0,NONE,train
Japan_005165.jpg,1,0,0,0,D00,train
Japan_004754.jpg,0,1,0,0,D10,train
Japan_012774.jpg,1,1,0,0,D00+D10,train
Japan_003594.jpg,1,0,1,1,D00+D20+D40,train
Japan_006547.jpg,0,0,0,0,NONE,train
Japan_004993.jpg,0,0,0,0,NONE,train
Japan_002219.jpg,0,1,1,0,D10+D20,train
Japan_003263.jpg,1,0,0,0,D00,train
Japan_011890.jpg,0,0,0,0,NONE,train
Japan_003154.jpg,0,0,0,1,D40,train
Japan_010302.jpg,0,0,1,0,D20,train
Japan_006327.jpg,1,0,0,0,D00,train
Japan_006934.jpg,1,0,0,0,D00,train
Japan_006669.jpg,0,0,0,0,NONE,train
Japan_012475.jpg,0,0,0,0,NONE,train
Japan_007024.jpg,0,1,0,0,D10,train
Japan_000703.jpg,1,0,0,0,D00,train
Japan_011068.jpg,0,0,1,0,D20,train
Japan_003554.jpg,0,0,1,0,D20,train
Japan_009717.jpg,0,0,1,0,D20,train
Japan_010446.jpg,0,0,0,0,NONE,train
Japan_001369.jpg,1,1,0,0,D00+D10,train
Japan_001470.jpg,0,0,0,0,NONE,train
Japan_011949.jpg,0,0,1,0,D20,train
Japan_000698.jpg,0,0,1,0,D20,train
Japan_001804.jpg,0,1,0,0,D10,train
Japan_008391.jpg,1,1,0,0,D00+D10,train
Japan_010911.jpg,0,1,0,0,D10,train
Japan_000947.jpg,1,0,0,0,D00,train
Japan_006339.jpg,0,0,0,0,NONE,train
Japan_000889.jpg,0,0,1,0,D20,train
Japan_008828.jpg,1,0,1,0,D00+D20,train
Japan_010020.jpg,0,0,1,0,D20,train
Japan_001978.jpg,0,1,1,0,D10+D20,train
Japan_012005.jpg,0,0,1,0,D20,train
Japan_009594.jpg,0,0,0,0,NONE,train
Japan_008558.jpg,0,0,0,0,NONE,train
Japan_012839.jpg,0,0,1,1,D20+D40,train
Japan_000043.jpg,0,1,1,0,D10+D20,train
Japan_006987.jpg,0,1,0,0,D10,train
Japan_001171.jpg,0,1,1,0,D10+D20,train
Japan_003496.jpg,1,0,0,0,D00,train
Japan_012888.jpg,0,0,1,1,D20+D40,train
Japan_004971.jpg,0,0,1,0,D20,train
Japan_012989.jpg,0,0,0,0,NONE,train
Japan_011820.jpg,0,0,1,0,D20,train
Japan_000735.jpg,0,0,0,0,NONE,train
Japan_006304.jpg,0,0,0,0,NONE,train
Japan_002682.jpg,1,0,0,0,D00,train
Japan_008586.jpg,0,0,1,1,D20+D40,train
Japan_012217.jpg,0,0,0,0,NONE,train
Japan_012999.jpg,0,0,0,0,NONE,train
Japan_007276.jpg,1,0,1,0,D00+D20,train
Japan_004066.jpg,0,0,1,1,D20+D40,train
Japan_003544.jpg,1,0,0,0,D00,train
Japan_008507.jpg,0,0,0,0,NONE,train
Japan_003523.jpg,0,0,1,1,D20+D40,train
Japan_007379.jpg,0,1,0,0,D10,train
Japan_000697.jpg,0,0,1,0,D20,train
Japan_000521.jpg,0,0,0,0,NONE,train
Japan_010336.jpg,0,0,0,1,D40,train
Japan_000281.jpg,0,0,1,1,D20+D40,train
Japan_009855.jpg,1,0,0,0,D00,train
Japan_012013.jpg,0,0,0,0,NONE,train
Japan_002835.jpg,1,0,0,0,D00,train
Japan_003365.jpg,0,0,0,0,NONE,train
Japan_010370.jpg,1,1,0,0,D00+D10,train
Japan_001265.jpg,1,0,1,0,D00+D20,train
Japan_000131.jpg,0,1,0,0,D10,train
Japan_003778.jpg,0,1,1,0,D10+D20,train
Japan_004344.jpg,1,0,0,0,D00,train
Japan_004668.jpg,0,0,1,0,D20,train
Japan_005530.jpg,0,1,1,0,D10+D20,train
Japan_003901.jpg,1,1,1,0,D00+D10+D20,train
Japan_005527.jpg,0,0,0,0,NONE,train
Japan_006562.jpg,0,1,0,0,D10,train
Japan_008478.jpg,0,0,1,0,D20,train
Japan_003411.jpg,1,1,1,0,D00+D10+D20,train
Japan_008873.jpg,0,0,0,0,NONE,train
Japan_003010.jpg,0,0,0,0,NONE,train
Japan_000415.jpg,0,0,1,0,D20,train
Japan_001943.jpg,0,0,0,0,NONE,train
Japan_008510.jpg,0,0,1,0,D20,train
Japan_010480.jpg,1,0,1,0,D00+D20,train
Japan_012020.jpg,0,0,1,0,D20,train
Japan_005880.jpg,0,0,0,0,NONE,train
Japan_001207.jpg,0,0,1,0,D20,train
Japan_001564.jpg,1,0,0,0,D00,train
Japan_003231.jpg,0,0,0,0,NONE,train
Japan_011058.jpg,0,0,1,1,D20+D40,train
Japan_005579.jpg,0,0,1,0,D20,train
Japan_013072.jpg,0,0,1,0,D20,train
Japan_007068.jpg,0,0,0,0,NONE,train
Japan_008319.jpg,1,1,0,0,D00+D10,train
Japan_004989.jpg,0,0,0,0,NONE,train
Japan_002148.jpg,0,0,1,0,D20,train
Japan_009407.jpg,1,1,0,0,D00+D10,train
Japan_011399.jpg,0,0,1,0,D20,train
Japan_008174.jpg,0,0,0,0,NONE,train
Japan_007564.jpg,0,0,1,0,D20,train
Japan_010392.jpg,1,0,0,0,D00,train
Japan_012862.jpg,0,0,0,0,NONE,train
Japan_011601.jpg,0,0,0,0,NONE,train
Japan_013013.jpg,0,0,0,0,NONE,train
Japan_003524.jpg,0,0,0,0,NONE,train
Japan_001048.jpg,0,0,1,0,D20,train
Japan_008634.jpg,1,1,1,0,D00+D10+D20,train
Japan_007568.jpg,0,0,0,0,NONE,train
Japan_012801.jpg,0,0,1,1,D20+D40,train
Japan_009115.jpg,0,0,1,0,D20,train
Japan_000885.jpg,0,0,1,0,D20,train
Japan_011316.jpg,0,0,0,0,NONE,train
Japan_004896.jpg,1,0,0,0,D00,train
Japan_001085.jpg,0,1,1,0,D10+D20,train
Japan_005855.jpg,0,1,1,0,D10+D20,train
Japan_012889.jpg,0,1,0,0,D10,train
Japan_001600.jpg,1,1,0,0,D00+D10,train
Japan_011796.jpg,0,0,1,0,D20,train
Japan_012406.jpg,0,0,1,0,D20,train
Japan_001910.jpg,0,0,1,1,D20+D40,train
Japan_011597.jpg,0,0,0,0,NONE,train
Japan_007134.jpg,0,0,1,0,D20,train
Japan_003136.jpg,1,0,1,0,D00+D20,train
Japan_000881.jpg,0,0,1,1,D20+D40,train
Japan_002804.jpg,1,0,0,0,D00,train
Japan_009799.jpg,0,0,1,0,D20,train
Japan_010332.jpg,0,0,0,0,NONE,train
Japan_009361.jpg,0,0,0,0,NONE,train
Japan_010929.jpg,0,0,0,0,NONE,train
Japan_006424.jpg,1,1,0,0,D00+D10,train
Japan_013022.jpg,0,0,1,0,D20,train
Japan_008561.jpg,0,1,0,0,D10,train
Japan_004737.jpg,0,0,0,0,NONE,train
Japan_005713.jpg,0,0,1,0,D20,train
Japan_011219.jpg,0,0,1,0,D20,train
Japan_002718.jpg,0,1,0,0,D10,train
Japan_008049.jpg,0,0,0,0,NONE,train
Japan_001546.jpg,0,0,1,1,D20+D40,train
Japan_006983.jpg,1,0,1,0,D00+D20,train
Japan_011225.jpg,0,0,0,0,NONE,train
Japan_008739.jpg,0,0,1,0,D20,train
Japan_002267.jpg,0,0,0,0,NONE,train
Japan_006334.jpg,1,1,1,0,D00+D10+D20,train
Japan_011717.jpg,1,0,1,0,D00+D20,train
Japan_009787.jpg,1,0,0,0,D00,train
Japan_004500.jpg,0,0,0,0,NONE,train
Japan_003770.jpg,0,0,1,1,D20+D40,train
Japan_007621.jpg,0,1,1,0,D10+D20,train
Japan_005858.jpg,0,0,0,0,NONE,train
Japan_011607.jpg,1,0,0,0,D00,train
Japan_006565.jpg,0,0,0,0,NONE,train
Japan_009389.jpg,0,0,0,1,D40,train
Japan_000587.jpg,1,0,0,0,D00,train
Japan_011799.jpg,0,0,1,0,D20,train
Japan_003188.jpg,0,0,1,0,D20,train
Japan_002039.jpg,1,0,0,0,D00,train
Japan_005572.jpg,1,1,0,0,D00+D10,train
Japan_000609.jpg,0,0,0,0,NONE,train
Japan_003820.jpg,0,0,1,0,D20,train
Japan_002825.jpg,0,0,1,0,D20,train
Japan_009792.jpg,0,0,0,0,NONE,train
Japan_012172.jpg,0,0,1,0,D20,train
Japan_009719.jpg,0,0,1,1,D20+D40,train
Japan_001036.jpg,0,0,1,1,D20+D40,train
Japan_011067.jpg,1,0,1,1,D00+D20+D40,train
Japan_011958.jpg,0,0,1,0,D20,train
Japan_006556.jpg,1,0,0,0,D00,train
Japan_009582.jpg,0,0,1,0,D20,train
Japan_010583.jpg,0,0,0,0,NONE,train
Japan_009255.jpg,1,1,0,0,D00+D10,train
Japan_002056.jpg,0,0,1,1,D20+D40,train
Japan_012486.jpg,1,0,0,0,D00,train
Japan_005233.jpg,0,0,1,0,D20,train
Japan_000213.jpg,0,1,0,0,D10,train
Japan_009873.jpg,0,0,0,0,NONE,train
Japan_006393.jpg,1,0,1,1,D00+D20+D40,train
Japan_011222.jpg,1,0,0,0,D00,train
Japan_011268.jpg,0,0,0,0,NONE,train
Japan_004717.jpg,0,0,0,0,NONE,train
Japan_009872.jpg,0,0,0,0,NONE,train
Japan_006181.jpg,1,1,0,0,D00+D10,train
Japan_003270.jpg,0,0,0,0,NONE,train
Japan_003159.jpg,1,0,0,0,D00,train
Japan_005723.jpg,0,0,0,0,NONE,train
Japan_002239.jpg,0,0,1,1,D20+D40,train
Japan_003009.jpg,1,0,0,0,D00,train
Japan_012355.jpg,1,0,0,0,D00,train
Japan_008810.jpg,1,0,0,0,D00,train
Japan_001037.jpg,0,0,0,0,NONE,train
Japan_011064.jpg,0,0,0,0,NONE,train
Japan_005211.jpg,0,1,0,0,D10,train
Japan_001066.jpg,1,1,0,0,D00+D10,train
Japan_007265.jpg,0,1,1,0,D10+D20,train
Japan_010604.jpg,1,0,0,0,D00,train
Japan_000668.jpg,0,1,0,0,D10,train
Japan_012489.jpg,0,0,1,0,D20,train
Japan_002288.jpg,0,0,1,0,D20,train
Japan_002899.jpg,0,0,1,0,D20,train
Japan_007496.jpg,0,0,1,0,D20,train
Japan_003048.jpg,0,0,0,0,NONE,train
Japan_006743.jpg,0,1,0,0,D10,train
Japan_008078.jpg,1,1,0,0,D00+D10,train
Japan_002788.jpg,0,0,0,0,NONE,train
Japan_009605.jpg,0,0,0,0,NONE,train
Japan_008184.jpg,0,0,1,0,D20,train
Japan_005800.jpg,1,0,0,0,D00,train
Japan_010231.jpg,0,0,1,1,D20+D40,train
Japan_003568.jpg,0,0,0,1,D40,train
Japan_000976.jpg,0,0,0,0,NONE,train
Japan_005538.jpg,0,1,1,0,D10+D20,train
Japan_000744.jpg,0,0,1,0,D20,train
Japan_011258.jpg,1,1,0,0,D00+D10,train
Japan_010431.jpg,1,0,0,0,D00,train
Japan_001047.jpg,0,1,0,0,D10,train
Japan_012983.jpg,1,0,0,0,D00,train
Japan_010081.jpg,0,0,1,0,D20,train
Japan_012240.jpg,0,0,0,1,D40,train
Japan_000171.jpg,0,1,0,0,D10,train
Japan_010547.jpg,0,0,1,0,D20,train
Japan_009394.jpg,0,0,0,0,NONE,train
Japan_006015.jpg,0,0,0,0,NONE,train
Japan_006499.jpg,0,0,1,0,D20,train
Japan_006464.jpg,0,0,1,0,D20,train
Japan_004111.jpg,1,0,0,0,D00,train
Japan_000418.jpg,0,0,1,0,D20,train
Japan_012644.jpg,1,0,0,0,D00,train
Japan_004121.jpg,0,0,0,1,D40,train
Japan_007722.jpg,1,1,0,0,D00+D10,train
Japan_008401.jpg,1,0,0,0,D00,train
Japan_004323.jpg,0,1,0,0,D10,train
Japan_003973.jpg,0,0,1,1,D20+D40,train
Japan_009125.jpg,0,0,1,0,D20,train
Japan_003494.jpg,1,1,1,0,D00+D10+D20,train
Japan_011320.jpg,1,1,0,0,D00+D10,train
Japan_008128.jpg,0,0,0,1,D40,train
Japan_004043.jpg,0,0,0,0,NONE,train
Japan_001076.jpg,0,1,1,0,D10+D20,train
Japan_003711.jpg,1,1,0,0,D00+D10,train
Japan_005901.jpg,1,0,0,0,D00,train
Japan_002745.jpg,0,0,1,0,D20,train
Japan_000740.jpg,0,0,1,0,D20,train
Japan_000488.jpg,0,0,1,0,D20,train
Japan_000738.jpg,1,1,0,0,D00+D10,train
Japan_009281.jpg,0,0,0,0,NONE,train
Japan_001332.jpg,1,1,0,0,D00+D10,train
Japan_004058.jpg,0,0,1,0,D20,train
Japan_008630.jpg,0,0,1,1,D20+D40,train
Japan_011391.jpg,1,0,0,0,D00,train
Japan_005214.jpg,0,1,0,0,D10,train
Japan_010682.jpg,0,0,1,0,D20,train
Japan_002653.jpg,0,0,0,0,NONE,train
Japan_003057.jpg,0,1,1,0,D10+D20,train
Japan_006882.jpg,1,0,0,0,D00,train
Japan_007289.jpg,0,0,0,0,NONE,train
Japan_004656.jpg,0,1,0,0,D10,train
Japan_011124.jpg,0,0,1,1,D20+D40,train
Japan_003590.jpg,0,0,0,0,NONE,train
Japan_001044.jpg,0,1,0,0,D10,train
Japan_012749.jpg,0,1,1,0,D10+D20,train
Japan_010510.jpg,0,0,0,1,D40,train
Japan_002294.jpg,0,0,0,0,NONE,train
Japan_011331.jpg,0,1,0,0,D10,train
Japan_004243.jpg,0,1,0,0,D10,train
Japan_006865.jpg,0,1,0,0,D10,train
Japan_009482.jpg,0,0,0,0,NONE,train
Japan_005802.jpg,0,0,0,0,NONE,train
Japan_000133.jpg,0,0,0,0,NONE,train
Japan_009126.jpg,0,0,0,0,NONE,train
Japan_004767.jpg,1,0,0,0,D00,train
Japan_011895.jpg,0,1,1,1,D10+D20+D40,train
Japan_001251.jpg,0,0,1,0,D20,train
Japan_000627.jpg,1,1,1,0,D00+D10+D20,train
Japan_007349.jpg,0,0,0,0,NONE,train
Japan_005037.jpg,0,1,1,0,D10+D20,train
Japan_002330.jpg,0,0,1,0,D20,train
Japan_006022.jpg,0,1,1,0,D10+D20,train
Japan_006194.jpg,1,0,0,0,D00,train
Japan_010957.jpg,0,1,0,0,D10,train
Japan_007902.jpg,0,0,0,0,NONE,train
Japan_000434.jpg,1,0,0,0,D00,train
Japan_005276.jpg,0,0,0,0,NONE,train
Japan_004631.jpg,0,0,1,1,D20+D40,train
Japan_008608.jpg,0,0,0,0,NONE,train
Japan_005649.jpg,0,0,0,1,D40,train
Japan_011887.jpg,0,0,0,0,NONE,train
Japan_002166.jpg,0,0,0,0,NONE,train
Japan_008737.jpg,1,0,0,0,D00,train
Japan_010177.jpg,0,0,1,0,D20,train
Japan_004598.jpg,0,0,1,0,D20,train
Japan_002276.jpg,1,0,1,1,D00+D20+D40,train
Japan_006863.jpg,0,1,1,0,D10+D20,train
Japan_000214.jpg,0,0,0,0,NONE,train
Japan_002539.jpg,0,0,0,0,NONE,train
Japan_001530.jpg,0,0,1,0,D20,train
Japan_011685.jpg,0,1,1,0,D10+D20,train
Japan_002711.jpg,0,1,0,0,D10,train
Japan_012471.jpg,0,0,1,0,D20,train
Japan_011390.jpg,1,0,0,1,D00+D40,train
Japan_001063.jpg,0,0,1,1,D20+D40,train
Japan_004803.jpg,1,0,0,0,D00,train
Japan_004491.jpg,0,0,0,0,NONE,train
Japan_009856.jpg,1,1,0,0,D00+D10,train
Japan_008513.jpg,0,0,1,0,D20,train
Japan_005120.jpg,0,1,1,0,D10+D20,train
Japan_007431.jpg,0,0,0,0,NONE,train
Japan_011136.jpg,0,0,1,1,D20+D40,train
Japan_010268.jpg,0,0,0,0,NONE,train
Japan_004252.jpg,1,0,0,0,D00,train
Japan_006344.jpg,0,1,0,0,D10,train
Japan_005961.jpg,0,0,0,0,NONE,train
Japan_001456.jpg,0,0,1,0,D20,train
Japan_000672.jpg,0,0,1,0,D20,train
Japan_008774.jpg,1,1,1,0,D00+D10+D20,train
Japan_009143.jpg,0,0,0,1,D40,train
Japan_009539.jpg,0,0,1,0,D20,train
Japan_006915.jpg,0,0,1,0,D20,train
Japan_011094.jpg,0,0,1,0,D20,train
Japan_009976.jpg,0,0,0,0,NONE,train
Japan_011644.jpg,0,0,1,0,D20,train
Japan_007873.jpg,1,0,1,1,D00+D20+D40,train
Japan_007899.jpg,0,0,0,1,D40,train
Japan_006045.jpg,0,0,1,0,D20,train
Japan_005690.jpg,0,0,1,0,D20,train
Japan_006655.jpg,0,0,0,0,NONE,train
Japan_001577.jpg,0,0,0,0,NONE,train
Japan_005382.jpg,1,1,0,0,D00+D10,train
Japan_008709.jpg,0,0,0,0,NONE,train
Japan_004123.jpg,1,0,0,0,D00,train
Japan_009647.jpg,1,0,0,0,D00,train
Japan_004756.jpg,1,0,0,0,D00,train
Japan_012191.jpg,0,0,1,1,D20+D40,train
Japan_005568.jpg,0,0,0,0,NONE,train
Japan_011512.jpg,0,0,0,0,NONE,train
Japan_007114.jpg,0,0,0,1,D40,train
Japan_011671.jpg,0,0,1,0,D20,train
Japan_002947.jpg,1,1,0,0,D00+D10,train
Japan_007850.jpg,1,0,0,0,D00,train
Japan_001071.jpg,0,1,1,0,D10+D20,train
Japan_008948.jpg,0,0,0,0,NONE,train
Japan_010147.jpg,0,0,1,0,D20,train
Japan_006634.jpg,0,0,0,0,NONE,train
Japan_008340.jpg,0,0,0,0,NONE,train
Japan_004910.jpg,0,1,0,0,D10,train
Japan_011680.jpg,0,0,0,0,NONE,train
Japan_012940.jpg,0,1,0,0,D10,train
Japan_010185.jpg,0,0,0,0,NONE,train
Japan_009339.jpg,0,1,0,1,D10+D40,train
Japan_012032.jpg,0,1,0,1,D10+D40,train
Japan_008697.jpg,0,0,1,0,D20,train
Japan_011009.jpg,0,0,1,0,D20,train
Japan_007750.jpg,1,0,0,1,D00+D40,train
Japan_004391.jpg,0,0,0,0,NONE,train
Japan_003072.jpg,0,0,0,0,NONE,train
Japan_001215.jpg,0,0,0,1,D40,train
Japan_009100.jpg,0,0,1,0,D20,train
Japan_003287.jpg,0,0,1,0,D20,train
Japan_011630.jpg,1,0,0,0,D00,train
Japan_003396.jpg,0,1,0,0,D10,train
Japan_006912.jpg,0,0,0,0,NONE,train
Japan_010558.jpg,0,1,1,0,D10+D20,train
Japan_003555.jpg,0,0,0,0,NONE,train
Japan_000798.jpg,0,0,0,0,NONE,train
Japan_001363.jpg,0,1,1,0,D10+D20,train
Japan_000913.jpg,1,0,0,0,D00,train
Japan_008195.jpg,0,0,0,0,NONE,train
Japan_007096.jpg,0,0,0,1,D40,train
Japan_005398.jpg,0,0,0,0,NONE,train
Japan_011224.jpg,0,1,0,0,D10,train
Japan_002075.jpg,0,0,0,0,NONE,train
Japan_002032.jpg,0,1,1,0,D10+D20,train
Japan_001257.jpg,0,1,1,1,D10+D20+D40,train
Japan_009329.jpg,0,0,1,0,D20,train
Japan_003961.jpg,1,1,0,0,D00+D10,train
Japan_002557.jpg,0,0,1,1,D20+D40,train
Japan_006351.jpg,0,0,0,0,NONE,train
Japan_012041.jpg,0,0,0,0,NONE,train
Japan_010443.jpg,0,0,0,0,NONE,train
Japan_005278.jpg,0,1,0,0,D10,train
Japan_004800.jpg,0,0,1,0,D20,train
Japan_003603.jpg,0,0,1,0,D20,train
Japan_006724.jpg,1,0,0,0,D00,train
Japan_004456.jpg,0,0,0,0,NONE,train
Japan_002607.jpg,0,0,1,0,D20,train
Japan_013066.jpg,0,0,0,0,NONE,train
Japan_012947.jpg,0,1,0,0,D10,train
Japan_000188.jpg,0,0,1,0,D20,train
Japan_010292.jpg,0,1,1,0,D10+D20,train
Japan_009328.jpg,1,0,1,0,D00+D20,train
Japan_007811.jpg,0,0,1,0,D20,train
Japan_004659.jpg,0,0,0,0,NONE,train
Japan_010699.jpg,0,0,0,1,D40,train
Japan_000312.jpg,1,0,0,0,D00,train
Japan_002921.jpg,1,0,0,0,D00,train
Japan_011171.jpg,0,0,0,0,NONE,train
Japan_004678.jpg,0,0,0,0,NONE,train
Japan_007091.jpg,1,0,0,0,D00,train
Japan_000583.jpg,0,1,0,0,D10,train
Japan_009085.jpg,0,0,1,1,D20+D40,train
Japan_012080.jpg,0,0,0,0,NONE,train
Japan_007241.jpg,1,0,1,0,D00+D20,train
Japan_003760.jpg,0,1,1,0,D10+D20,train
Japan_004103.jpg,0,0,1,0,D20,train
Japan_009515.jpg,0,0,1,0,D20,train
Japan_001572.jpg,0,0,0,0,NONE,train
Japan_006534.jpg,1,0,0,0,D00,train
Japan_008941.jpg,0,1,1,0,D10+D20,train
Japan_011287.jpg,1,0,0,0,D00,train
Japan_006164.jpg,0,0,1,0,D20,train
Japan_004584.jpg,0,0,0,0,NONE,train
Japan_000598.jpg,0,0,1,1,D20+D40,train
Japan_007035.jpg,0,1,1,0,D10+D20,train
Japan_006116.jpg,0,1,1,0,D10+D20,train
Japan_002945.jpg,0,0,1,0,D20,train
Japan_006161.jpg,1,0,0,0,D00,train
Japan_004904.jpg,1,0,1,0,D00+D20,train
Japan_010042.jpg,1,0,0,0,D00,train
Japan_002489.jpg,0,0,0,0,NONE,train
Japan_007426.jpg,0,1,0,0,D10,train
Japan_006804.jpg,0,0,0,0,NONE,train
Japan_011411.jpg,0,1,1,0,D10+D20,train
Japan_003757.jpg,0,1,1,0,D10+D20,train
Japan_002046.jpg,1,1,0,0,D00+D10,train
Japan_005148.jpg,0,0,0,0,NONE,train
Japan_002119.jpg,1,0,0,0,D00,train
Japan_006039.jpg,1,0,1,0,D00+D20,train
Japan_000805.jpg,0,0,1,0,D20,train
Japan_001527.jpg,0,1,0,0,D10,train
Japan_005609.jpg,1,0,0,0,D00,train
Japan_009412.jpg,0,0,1,0,D20,train
Japan_012978.jpg,1,1,0,0,D00+D10,train
Japan_007646.jpg,0,0,0,0,NONE,train
Japan_011103.jpg,0,0,1,1,D20+D40,train
Japan_004309.jpg,0,0,1,0,D20,train
Japan_001370.jpg,0,0,1,0,D20,train
Japan_000585.jpg,0,0,1,0,D20,train
Japan_012814.jpg,1,0,0,0,D00,train
Japan_003018.jpg,0,1,0,0,D10,train
Japan_004907.jpg,0,0,1,0,D20,train
Japan_004794.jpg,1,0,1,1,D00+D20+D40,train
Japan_011276.jpg,1,1,0,0,D00+D10,train
Japan_003830.jpg,0,1,1,0,D10+D20,train
Japan_008595.jpg,0,0,0,0,NONE,train
Japan_005544.jpg,0,0,1,1,D20+D40,train
Japan_007152.jpg,0,0,1,0,D20,train
Japan_003183.jpg,1,1,1,0,D00+D10+D20,train
Japan_005014.jpg,0,0,1,0,D20,train
Japan_010309.jpg,0,0,1,0,D20,train
Japan_007609.jpg,0,0,1,0,D20,train
Japan_005759.jpg,1,0,0,0,D00,train
Japan_002492.jpg,1,0,0,0,D00,train
Japan_005846.jpg,0,0,1,0,D20,train
Japan_005084.jpg,1,0,0,0,D00,train
Japan_001494.jpg,1,1,1,0,D00+D10+D20,train
Japan_000948.jpg,0,0,1,1,D20+D40,train
Japan_004784.jpg,0,0,0,0,NONE,train
Japan_008124.jpg,0,0,1,0,D20,train
Japan_011375.jpg,0,0,1,0,D20,train
Japan_011036.jpg,0,0,0,1,D40,train
Japan_010451.jpg,1,1,0,0,D00+D10,train
Japan_011642.jpg,1,1,1,0,D00+D10+D20,train
Japan_008295.jpg,0,1,0,0,D10,train
Japan_010933.jpg,0,0,1,1,D20+D40,train
Japan_010947.jpg,0,0,0,0,NONE,train
Japan_003307.jpg,0,0,1,0,D20,train
Japan_000628.jpg,1,0,0,0,D00,train
Japan_002035.jpg,1,1,0,0,D00+D10,train
Japan_003480.jpg,0,1,0,0,D10,train
Japan_002965.jpg,0,0,1,0,D20,train
Japan_000673.jpg,0,0,1,0,D20,train
Japan_007808.jpg,1,0,0,0,D00,train
Japan_001561.jpg,0,1,1,0,D10+D20,train
Japan_005742.jpg,0,0,1,0,D20,train
Japan_009246.jpg,1,0,0,0,D00,train
Japan_009761.jpg,1,1,0,0,D00+D10,train
Japan_001238.jpg,0,1,0,0,D10,train
Japan_002098.jpg,1,0,0,0,D00,train
Japan_008896.jpg,1,1,0,0,D00+D10,train
Japan_002968.jpg,0,1,0,0,D10,train
Japan_002521.jpg,1,1,0,0,D00+D10,train
Japan_001127.jpg,0,0,0,0,NONE,train
Japan_000786.jpg,0,0,0,0,NONE,train
Japan_011263.jpg,0,0,1,1,D20+D40,train
Japan_010070.jpg,0,0,0,0,NONE,train
Japan_010587.jpg,0,0,1,0,D20,train
Japan_009948.jpg,0,0,1,1,D20+D40,train
Japan_003720.jpg,0,0,0,0,NONE,train
Japan_005964.jpg,1,0,0,0,D00,train
Japan_011284.jpg,1,0,0,0,D00,train
Japan_003672.jpg,0,0,0,0,NONE,train
Japan_006809.jpg,0,0,0,0,NONE,train
Japan_003171.jpg,1,0,0,0,D00,train
Japan_003074.jpg,0,0,0,1,D40,train
Japan_010425.jpg,0,0,0,0,NONE,train
Japan_004377.jpg,0,0,1,0,D20,train
Japan_010371.jpg,0,0,1,0,D20,train
Japan_012902.jpg,0,1,1,0,D10+D20,train
Japan_004410.jpg,0,0,0,0,NONE,train
Japan_009079.jpg,1,0,0,0,D00,train
Japan_007237.jpg,0,0,0,1,D40,train
Japan_010125.jpg,1,0,0,0,D00,train
Japan_010017.jpg,0,0,0,0,NONE,train
Japan_010463.jpg,1,1,0,0,D00+D10,train
Japan_009327.jpg,0,0,0,0,NONE,train
Japan_000550.jpg,1,0,0,0,D00,train
Japan_004489.jpg,0,0,1,0,D20,train
Japan_012614.jpg,1,0,0,0,D00,train
Japan_008398.jpg,0,0,1,0,D20,train
Japan_007482.jpg,0,0,0,0,NONE,train
Japan_003704.jpg,0,0,1,0,D20,train
Japan_002914.jpg,0,0,1,0,D20,train
Japan_009448.jpg,1,0,0,0,D00,train
Japan_009822.jpg,1,1,0,0,D00+D10,train
Japan_003974.jpg,0,0,0,0,NONE,train
Japan_009560.jpg,0,0,1,0,D20,train
Japan_005888.jpg,0,1,1,0,D10+D20,train
Japan_004776.jpg,0,0,1,0,D20,train
Japan_007681.jpg,1,0,0,0,D00,train
Japan_002701.jpg,1,1,0,0,D00+D10,train
Japan_006231.jpg,0,0,0,0,NONE,train
Japan_011115.jpg,0,0,0,0,NONE,train
Japan_008556.jpg,0,0,0,0,NONE,train
Japan_005870.jpg,0,1,1,0,D10+D20,train
Japan_003019.jpg,1,0,1,0,D00+D20,train
Japan_010798.jpg,0,0,1,0,D20,train
Japan_006704.jpg,0,0,1,1,D20+D40,train
Japan_006394.jpg,0,0,1,0,D20,train
Japan_007479.jpg,0,0,0,0,NONE,train
Japan_012452.jpg,0,0,0,1,D40,train
Japan_005531.jpg,0,0,0,0,NONE,train
Japan_004325.jpg,0,0,1,0,D20,train
Japan_008402.jpg,0,1,0,0,D10,train
Japan_011319.jpg,0,0,1,0,D20,train
Japan_010723.jpg,0,1,1,0,D10+D20,train
Japan_007071.jpg,0,0,1,0,D20,train
Japan_003938.jpg,0,0,0,0,NONE,train
Japan_010000.jpg,0,0,1,0,D20,train
Japan_006988.jpg,0,0,1,0,D20,train
Japan_004885.jpg,0,1,1,1,D10+D20+D40,train
Japan_004801.jpg,1,0,1,0,D00+D20,train
Japan_010073.jpg,0,0,0,0,NONE,train
Japan_006187.jpg,1,1,0,0,D00+D10,train
Japan_006709.jpg,0,0,0,0,NONE,train
Japan_012170.jpg,0,0,1,1,D20+D40,train
Japan_003873.jpg,1,0,0,0,D00,train
Japan_000704.jpg,0,0,0,0,NONE,train
Japan_007760.jpg,1,1,1,1,D00+D10+D20+D40,train
Japan_001172.jpg,0,1,0,0,D10,train
Japan_010100.jpg,0,1,1,0,D10+D20,train
Japan_010030.jpg,0,1,0,0,D10,train
Japan_010515.jpg,0,0,1,0,D20,train
Japan_012151.jpg,1,0,0,0,D00,train
Japan_004809.jpg,0,0,0,0,NONE,train
Japan_004357.jpg,0,0,1,0,D20,train
Japan_002613.jpg,0,0,0,0,NONE,train
Japan_003479.jpg,0,0,1,0,D20,train
Japan_010114.jpg,0,0,0,0,NONE,train
Japan_004578.jpg,1,1,0,0,D00+D10,train
Japan_002295.jpg,0,0,1,1,D20+D40,train
Japan_006563.jpg,1,0,0,0,D00,train
Japan_000067.jpg,1,0,1,0,D00+D20,train
Japan_001543.jpg,0,0,1,0,D20,train
Japan_004432.jpg,1,0,0,0,D00,train
Japan_010216.jpg,0,0,0,0,NONE,train
Japan_012886.jpg,0,0,0,0,NONE,train
Japan_002823.jpg,0,0,1,0,D20,train
Japan_001690.jpg,0,1,1,0,D10+D20,train
Japan_010982.jpg,1,1,0,0,D00+D10,train
Japan_012280.jpg,0,0,1,1,D20+D40,train
Japan_007790.jpg,0,1,1,0,D10+D20,train
Japan_005968.jpg,0,0,1,1,D20+D40,train
Japan_001985.jpg,1,0,1,0,D00+D20,train
Japan_003962.jpg,0,1,1,0,D10+D20,train
Japan_001517.jpg,1,1,0,0,D00+D10,train
Japan_003384.jpg,0,1,0,0,D10,train
Japan_003786.jpg,0,0,1,0,D20,train
Japan_004580.jpg,1,0,0,0,D00,train
Japan_011555.jpg,0,0,1,0,D20,train
Japan_001735.jpg,1,0,0,0,D00,train
Japan_009734.jpg,0,0,1,0,D20,train
Japan_001841.jpg,0,1,1,0,D10+D20,train
Japan_001306.jpg,0,0,1,0,D20,train
Japan_006046.jpg,0,0,0,0,NONE,train
Japan_001714.jpg,0,0,0,0,NONE,train
Japan_008446.jpg,1,0,0,0,D00,train
Japan_002558.jpg,1,0,0,0,D00,train
Japan_000799.jpg,1,0,0,0,D00,train
Japan_011407.jpg,0,0,1,0,D20,train
Japan_000117.jpg,0,0,1,1,D20+D40,train
Japan_000209.jpg,0,0,0,0,NONE,train
Japan_001970.jpg,1,0,0,0,D00,train
Japan_005808.jpg,0,0,0,0,NONE,train
Japan_011711.jpg,1,0,0,0,D00,train
Japan_011350.jpg,0,1,1,0,D10+D20,train
Japan_009631.jpg,1,0,0,0,D00,train
Japan_007004.jpg,0,0,1,0,D20,train
Japan_003373.jpg,0,0,0,0,NONE,train
Japan_004195.jpg,0,0,1,1,D20+D40,train
Japan_012221.jpg,1,0,0,0,D00,train
Japan_011364.jpg,0,0,0,0,NONE,train
Japan_004710.jpg,1,1,0,0,D00+D10,train
Japan_007751.jpg,0,0,1,0,D20,train
Japan_004702.jpg,0,1,0,0,D10,train
Japan_011409.jpg,0,1,1,0,D10+D20,train
Japan_007618.jpg,1,1,0,0,D00+D10,train
Japan_005295.jpg,0,0,0,0,NONE,train
Japan_005644.jpg,0,0,0,0,NONE,train
Japan_012203.jpg,0,0,1,0,D20,train
Japan_002581.jpg,0,0,0,0,NONE,train
Japan_011797.jpg,0,0,0,0,NONE,train
Japan_009187.jpg,0,0,1,0,D20,train
Japan_012757.jpg,1,1,0,0,D00+D10,train
Japan_011728.jpg,0,1,1,1,D10+D20+D40,train
Japan_012497.jpg,0,1,0,0,D10,train
Japan_000283.jpg,0,0,0,0,NONE,train
Japan_009363.jpg,0,0,0,1,D40,train
Japan_009712.jpg,0,0,1,0,D20,train
Japan_011984.jpg,0,0,1,0,D20,train
Japan_005500.jpg,0,0,1,1,D20+D40,train
Japan_005271.jpg,1,1,0,0,D00+D10,train
Japan_013037.jpg,1,0,0,0,D00,train
Japan_009008.jpg,0,0,0,0,NONE,train
Japan_000927.jpg,1,1,1,0,D00+D10+D20,train
Japan_004231.jpg,0,0,0,0,NONE,train
Japan_003417.jpg,0,0,0,0,NONE,train
Japan_012797.jpg,1,0,0,0,D00,train
Japan_011081.jpg,0,0,1,1,D20+D40,train
Japan_006515.jpg,1,0,1,0,D00+D20,train
Japan_003360.jpg,0,0,0,0,NONE,train
Japan_001581.jpg,0,0,0,0,NONE,train
Japan_000796.jpg,0,0,0,0,NONE,train
Japan_012641.jpg,0,0,1,0,D20,train
Japan_004134.jpg,0,1,0,0,D10,train
Japan_002561.jpg,0,0,1,0,D20,train
Japan_002678.jpg,0,1,1,0,D10+D20,train
Japan_009755.jpg,0,0,0,0,NONE,train
Japan_005510.jpg,0,0,1,1,D20+D40,train
Japan_007198.jpg,0,1,0,0,D10,train
Japan_010556.jpg,0,0,1,0,D20,train
Japan_005180.jpg,0,1,0,0,D10,train
Japan_000534.jpg,0,0,1,0,D20,train
Japan_000766.jpg,0,0,0,0,NONE,train
Japan_007543.jpg,1,0,0,0,D00,train
Japan_002089.jpg,1,0,1,0,D00+D20,train
Japan_007121.jpg,0,0,0,1,D40,train
Japan_010084.jpg,0,1,0,0,D10,train
Japan_012062.jpg,0,0,0,1,D40,train
Japan_009437.jpg,0,0,0,0,NONE,train
Japan_007176.jpg,0,0,1,0,D20,train
Japan_005288.jpg,0,0,0,0,NONE,train
Japan_000279.jpg,0,0,1,0,D20,train
Japan_013003.jpg,0,0,1,1,D20+D40,train
Japan_006117.jpg,1,0,0,0,D00,train
Japan_004398.jpg,0,0,1,0,D20,train
Japan_003007.jpg,0,0,0,0,NONE,train
Japan_003593.jpg,0,0,1,0,D20,train
Japan_005876.jpg,0,1,1,1,D10+D20+D40,train
Japan_006959.jpg,0,0,1,1,D20+D40,train
Japan_005047.jpg,0,0,1,1,D20+D40,train
Japan_000231.jpg,0,0,1,0,D20,train
Japan_011513.jpg,1,1,0,0,D00+D10,train
Japan_008967.jpg,0,0,0,0,NONE,train
Japan_012680.jpg,0,0,0,0,NONE,train
Japan_009970.jpg,0,0,0,0,NONE,train
Japan_001519.jpg,1,0,0,0,D00,train
Japan_012640.jpg,0,0,0,0,NONE,train
Japan_002237.jpg,0,0,1,0,D20,train
Japan_008721.jpg,0,0,0,1,D40,train
Japan_011079.jpg,0,0,1,0,D20,train
Japan_012127.jpg,0,0,1,0,D20,train
Japan_009841.jpg,1,1,0,0,D00+D10,train
Japan_010906.jpg,0,0,1,1,D20+D40,train
Japan_010622.jpg,0,0,1,0,D20,train
Japan_009424.jpg,0,0,0,0,NONE,train
Japan_002560.jpg,1,0,0,0,D00,train
Japan_008904.jpg,0,0,1,0,D20,train
Japan_013129.jpg,1,0,0,0,D00,train
Japan_006047.jpg,0,0,1,0,D20,train
Japan_006845.jpg,1,1,0,0,D00+D10,train
Japan_000120.jpg,0,0,0,0,NONE,train
Japan_008422.jpg,0,0,0,0,NONE,train
Japan_010814.jpg,1,0,0,0,D00,train
Japan_002597.jpg,0,0,0,0,NONE,train
Japan_009547.jpg,0,0,1,0,D20,train
Japan_002712.jpg,0,1,1,0,D10+D20,train
Japan_002176.jpg,0,0,0,0,NONE,train
Japan_001783.jpg,0,0,1,0,D20,train
Japan_013071.jpg,1,1,0,0,D00+D10,train
Japan_011648.jpg,0,0,1,0,D20,train
Japan_004074.jpg,1,0,0,0,D00,train
Japan_002959.jpg,1,0,1,0,D00+D20,train
Japan_011045.jpg,0,0,0,0,NONE,train
Japan_005230.jpg,0,0,1,0,D20,train
Japan_007003.jpg,0,0,1,1,D20+D40,train
Japan_007633.jpg,0,0,1,1,D20+D40,train
Japan_010856.jpg,1,0,1,0,D00+D20,train
Japan_012300.jpg,0,0,1,0,D20,train
Japan_001746.jpg,0,0,1,0,D20,train
Japan_011208.jpg,0,0,1,0,D20,train
Japan_004682.jpg,0,0,0,0,NONE,train
Japan_002648.jpg,0,1,0,0,D10,train
Japan_009758.jpg,1,0,0,0,D00,train
Japan_010646.jpg,1,0,0,0,D00,train
Japan_003394.jpg,0,0,0,0,NONE,train
Japan_012212.jpg,0,0,0,0,NONE,train
Japan_007266.jpg,0,1,1,0,D10+D20,train
Japan_004343.jpg,1,0,0,0,D00,train
Japan_007622.jpg,0,0,1,0,D20,train
Japan_009294.jpg,1,1,0,0,D00+D10,train
Japan_009600.jpg,0,0,0,0,NONE,train
Japan_008096.jpg,1,0,0,0,D00,train
Japan_013093.jpg,0,1,0,0,D10,train
Japan_011813.jpg,0,0,0,0,NONE,train
Japan_006628.jpg,0,0,1,1,D20+D40,train
Japan_002373.jpg,1,1,1,1,D00+D10+D20+D40,train
Japan_008114.jpg,0,0,1,0,D20,train
Japan_002593.jpg,0,0,1,0,D20,train
Japan_009075.jpg,1,0,0,0,D00,train
Japan_005223.jpg,0,0,1,0,D20,train
Japan_009135.jpg,1,0,0,0,D00,train
Japan_000438.jpg,0,0,1,0,D20,train
Japan_001423.jpg,0,1,0,0,D10,train
Japan_004924.jpg,0,0,1,0,D20,train
Japan_001539.jpg,1,0,0,0,D00,train
Japan_010965.jpg,0,0,1,1,D20+D40,train
Japan_000732.jpg,0,0,0,0,NONE,train
Japan_001625.jpg,1,0,0,0,D00,train
Japan_002413.jpg,0,0,1,0,D20,train
Japan_011147.jpg,1,0,0,0,D00,train
Japan_003766.jpg,0,0,1,0,D20,train
Japan_011708.jpg,0,0,0,0,NONE,train
Japan_011825.jpg,0,0,0,0,NONE,train
Japan_009252.jpg,0,0,1,1,D20+D40,train
Japan_010264.jpg,1,0,0,0,D00,train
Japan_010962.jpg,1,0,0,0,D00,train
Japan_009326.jpg,0,0,1,1,D20+D40,train
Japan_012225.jpg,1,1,0,0,D00+D10,train
Japan_011668.jpg,0,1,0,0,D10,train
Japan_003320.jpg,0,0,0,0,NONE,train
Japan_012143.jpg,0,0,1,0,D20,train
Japan_010296.jpg,1,0,1,0,D00+D20,train
Japan_002374.jpg,0,0,0,0,NONE,train
Japan_009508.jpg,0,0,0,0,NONE,train
Japan_008067.jpg,0,0,1,0,D20,train
Japan_009934.jpg,1,0,1,0,D00+D20,train
Japan_003249.jpg,0,0,0,0,NONE,train
Japan_003306.jpg,1,0,0,0,D00,train
Japan_011410.jpg,0,0,1,0,D20,train
Japan_006126.jpg,0,0,1,0,D20,train
Japan_004758.jpg,0,0,1,0,D20,train
Japan_007749.jpg,0,0,1,1,D20+D40,train
Japan_000335.jpg,0,0,0,1,D40,train
Japan_005032.jpg,0,0,0,0,NONE,train
Japan_008572.jpg,0,0,1,0,D20,train
Japan_002569.jpg,0,0,0,0,NONE,train
Japan_007967.jpg,1,0,0,0,D00,train
Japan_000084.jpg,0,0,0,0,NONE,train
Japan_007328.jpg,0,0,1,0,D20,train
Japan_010823.jpg,0,1,1,0,D10+D20,train
Japan_011767.jpg,0,0,1,1,D20+D40,train
Japan_003134.jpg,0,0,0,0,NONE,train
Japan_008449.jpg,0,0,0,0,NONE,train
Japan_004898.jpg,0,0,1,0,D20,train
Japan_001692.jpg,1,0,0,0,D00,train
Japan_000091.jpg,1,0,0,0,D00,train
Japan_005675.jpg,0,0,1,0,D20,train
Japan_009656.jpg,0,0,1,0,D20,train
Japan_011989.jpg,0,0,1,0,D20,train
Japan_006030.jpg,0,0,1,0,D20,train
Japan_000716.jpg,0,0,1,0,D20,train
Japan_005119.jpg,0,1,1,0,D10+D20,train
Japan_004114.jpg,0,0,1,0,D20,train
Japan_007230.jpg,1,1,0,0,D00+D10,train
Japan_006199.jpg,0,0,0,0,NONE,train
Japan_000278.jpg,1,0,0,0,D00,train
Japan_009064.jpg,0,0,0,0,NONE,train
Japan_010277.jpg,1,1,0,0,D00+D10,train
Japan_002129.jpg,1,1,0,0,D00+D10,train
Japan_007980.jpg,1,0,0,0,D00,train
Japan_006396.jpg,0,0,0,0,NONE,train
Japan_012290.jpg,0,0,0,1,D40,train
Japan_012531.jpg,0,0,1,0,D20,train
Japan_010235.jpg,0,0,0,0,NONE,train
Japan_006452.jpg,0,0,1,0,D20,train
Japan_001278.jpg,1,0,0,0,D00,train
Japan_012071.jpg,1,1,0,0,D00+D10,train
Japan_004479.jpg,0,0,0,0,NONE,train
Japan_006942.jpg,0,0,0,0,NONE,train
Japan_006323.jpg,1,0,1,0,D00+D20,train
Japan_008796.jpg,0,0,0,0,NONE,train
Japan_000493.jpg,0,0,0,0,NONE,train
Japan_006356.jpg,1,1,1,0,D00+D10+D20,train
Japan_008898.jpg,0,0,1,0,D20,train
Japan_007916.jpg,0,1,1,0,D10+D20,train
Japan_005852.jpg,0,0,0,0,NONE,train
Japan_012392.jpg,1,0,0,0,D00,train
Japan_009789.jpg,0,0,1,1,D20+D40,train
Japan_001563.jpg,0,1,0,1,D10+D40,train
Japan_011568.jpg,0,0,0,0,NONE,train
Japan_002436.jpg,0,0,0,0,NONE,train
Japan_005617.jpg,0,0,1,0,D20,train
Japan_005068.jpg,0,1,0,0,D10,train
Japan_009991.jpg,0,0,1,0,D20,train
Japan_009197.jpg,0,0,1,0,D20,train
Japan_002792.jpg,0,0,0,0,NONE,train
Japan_002878.jpg,0,0,1,0,D20,train
Japan_012838.jpg,1,0,0,0,D00,train
Japan_004442.jpg,0,0,1,0,D20,train
Japan_010366.jpg,0,0,0,0,NONE,train
Japan_001422.jpg,0,0,0,0,NONE,train
Japan_005203.jpg,0,1,0,0,D10,train
Japan_001205.jpg,0,1,0,0,D10,train
Japan_007767.jpg,0,1,0,0,D10,train
Japan_009542.jpg,1,0,1,0,D00+D20,train
Japan_004023.jpg,1,0,0,1,D00+D40,train
Japan_006332.jpg,0,0,1,1,D20+D40,train
Japan_001174.jpg,0,0,1,0,D20,train
Japan_005255.jpg,0,0,1,0,D20,train
Japan_010157.jpg,1,1,0,0,D00+D10,train
Japan_003731.jpg,0,1,0,0,D10,train
Japan_001832.jpg,0,0,0,0,NONE,train
Japan_010526.jpg,0,0,1,0,D20,train
Japan_005357.jpg,0,0,1,0,D20,train
Japan_005686.jpg,1,0,0,0,D00,train
Japan_005055.jpg,0,0,0,0,NONE,train
Japan_005872.jpg,1,0,0,0,D00,train
Japan_012600.jpg,0,0,0,0,NONE,train
Japan_003475.jpg,0,0,0,0,NONE,train
Japan_005841.jpg,0,0,1,0,D20,train
Japan_003167.jpg,0,0,1,1,D20+D40,train
Japan_009253.jpg,0,0,0,0,NONE,train
Japan_002368.jpg,1,0,1,0,D00+D20,train
Japan_009311.jpg,0,0,1,0,D20,train
Japan_007663.jpg,0,1,0,0,D10,train
Japan_000264.jpg,0,0,1,0,D20,train
Japan_010679.jpg,0,0,0,0,NONE,train
Japan_002805.jpg,0,0,0,0,NONE,train
Japan_003831.jpg,1,1,0,0,D00+D10,train
Japan_004892.jpg,1,1,0,0,D00+D10,train
Japan_000653.jpg,0,0,1,0,D20,train
Japan_000150.jpg,1,0,0,0,D00,train
Japan_008584.jpg,1,0,1,0,D00+D20,train
Japan_006909.jpg,0,1,0,0,D10,train
Japan_002827.jpg,0,0,1,1,D20+D40,train
Japan_010903.jpg,0,0,1,0,D20,train
Japan_004337.jpg,0,1,1,1,D10+D20+D40,train
Japan_003505.jpg,0,0,0,0,NONE,train
Japan_012468.jpg,1,0,1,0,D00+D20,train
Japan_003296.jpg,0,0,1,0,D20,train
Japan_003112.jpg,1,0,0,0,D00,train
Japan_006962.jpg,0,0,0,0,NONE,train
Japan_002905.jpg,0,0,0,0,NONE,train
Japan_008366.jpg,0,0,1,0,D20,train
Japan_006255.jpg,0,0,0,0,NONE,train
Japan_001579.jpg,0,0,0,0,NONE,train
Japan_009063.jpg,1,1,1,0,D00+D10+D20,train
Japan_012289.jpg,0,1,1,0,D10+D20,train
Japan_004577.jpg,0,0,1,0,D20,train
Japan_001020.jpg,0,0,0,0,NONE,train
Japan_004554.jpg,1,0,0,0,D00,train
Japan_010830.jpg,0,0,1,0,D20,train
Japan_002806.jpg,0,0,1,0,D20,train
Japan_001912.jpg,0,0,1,0,D20,train
Japan_012579.jpg,0,0,1,0,D20,train
Japan_011851.jpg,1,0,1,0,D00+D20,train
Japan_012309.jpg,0,0,1,1,D20+D40,train
Japan_012027.jpg,0,0,0,0,NONE,train
Japan_004556.jpg,0,0,0,0,NONE,train
Japan_006782.jpg,1,1,0,0,D00+D10,train
Japan_007498.jpg,0,0,0,0,NONE,train
Japan_009964.jpg,0,0,1,0,D20,train
Japan_001489.jpg,0,0,0,1,D40,train
Japan_005989.jpg,1,0,1,0,D00+D20,train
Japan_005489.jpg,0,0,0,0,NONE,train
Japan_009831.jpg,0,0,1,0,D20,train
Japan_002265.jpg,0,1,1,0,D10+D20,train
Japan_012751.jpg,0,0,0,0,NONE,train
Japan_005414.jpg,0,0,1,1,D20+D40,train
Japan_006100.jpg,0,0,1,0,D20,train
Japan_007448.jpg,0,0,1,1,D20+D40,train
Japan_001686.jpg,0,1,0,0,D10,train
Japan_002168.jpg,0,0,1,0,D20,train
Japan_012622.jpg,0,0,1,0,D20,train
Japan_003936.jpg,0,0,1,0,D20,train
Japan_012483.jpg,0,0,0,0,NONE,train
Japan_009977.jpg,0,0,1,1,D20+D40,train
Japan_001429.jpg,1,1,0,0,D00+D10,train
Japan_012869.jpg,1,0,0,0,D00,train
Japan_011309.jpg,0,0,0,0,NONE,train
Japan_000552.jpg,0,0,1,1,D20+D40,train
Japan_001916.jpg,0,0,1,1,D20+D40,train
Japan_006124.jpg,0,0,0,0,NONE,train
Japan_008224.jpg,0,0,1,1,D20+D40,train
Japan_009315.jpg,0,0,1,0,D20,train
Japan_006163.jpg,0,1,0,0,D10,train
Japan_000211.jpg,1,1,1,0,D00+D10+D20,train
Japan_005409.jpg,0,0,0,0,NONE,train
Japan_006073.jpg,0,0,0,0,NONE,train
Japan_000412.jpg,1,1,0,0,D00+D10,train
Japan_011877.jpg,0,0,0,0,NONE,train
Japan_005374.jpg,0,1,0,0,D10,train
Japan_004232.jpg,1,0,0,0,D00,train
Japan_007307.jpg,0,0,1,1,D20+D40,train
Japan_009382.jpg,1,0,0,0,D00,train
Japan_009388.jpg,0,0,0,0,NONE,train
Japan_009975.jpg,0,1,1,0,D10+D20,train
Japan_012478.jpg,1,1,0,0,D00+D10,train
Japan_005394.jpg,0,0,1,0,D20,train
Japan_003435.jpg,0,0,0,0,NONE,train
Japan_009130.jpg,0,1,0,0,D10,train
Japan_005240.jpg,0,0,1,1,D20+D40,train
Japan_000675.jpg,0,0,0,0,NONE,train
Japan_001677.jpg,0,0,1,0,D20,train
Japan_009295.jpg,1,0,1,0,D00+D20,train
Japan_012510.jpg,0,0,0,0,NONE,train
Japan_005732.jpg,1,0,0,0,D00,train
Japan_010440.jpg,0,0,1,0,D20,train
Japan_000945.jpg,0,0,1,0,D20,train
Japan_012639.jpg,0,0,0,1,D40,train
Japan_012179.jpg,1,0,0,0,D00,train
Japan_006444.jpg,0,0,0,0,NONE,train
Japan_008756.jpg,0,0,1,0,D20,train
Japan_004052.jpg,1,1,0,0,D00+D10,train
Japan_002943.jpg,0,0,1,1,D20+D40,train
Japan_001886.jpg,1,0,0,0,D00,train
Japan_005275.jpg,1,0,0,0,D00,train
Japan_007319.jpg,0,0,0,0,NONE,train
Japan_003903.jpg,0,0,1,1,D20+D40,train
Japan_011213.jpg,0,0,1,1,D20+D40,train
Japan_010833.jpg,1,0,0,0,D00,train
Japan_003006.jpg,0,0,1,0,D20,train
Japan_004321.jpg,0,0,0,0,NONE,train
Japan_008008.jpg,0,0,1,0,D20,train
Japan_010519.jpg,1,1,1,0,D00+D10+D20,train
Japan_008394.jpg,0,0,1,0,D20,train
Japan_004340.jpg,0,0,0,0,NONE,train
Japan_000467.jpg,0,0,1,0,D20,train
Japan_000308.jpg,0,0,1,0,D20,train
Japan_004203.jpg,1,0,0,0,D00,train
Japan_001450.jpg,0,1,1,0,D10+D20,train
Japan_000376.jpg,0,1,1,0,D10+D20,train
Japan_011289.jpg,0,0,0,0,NONE,train
Japan_004292.jpg,0,0,0,0,NONE,train
Japan_000454.jpg,1,1,0,0,D00+D10,train
Japan_000237.jpg,1,0,1,0,D00+D20,train
Japan_011360.jpg,0,0,0,0,NONE,train
Japan_012056.jpg,0,0,0,0,NONE,train
Japan_002412.jpg,0,0,0,0,NONE,train
Japan_009586.jpg,0,0,1,1,D20+D40,train
Japan_000419.jpg,0,0,1,0,D20,train
Japan_009019.jpg,1,0,0,0,D00,train
Japan_004985.jpg,0,0,0,0,NONE,train
Japan_002042.jpg,0,0,1,0,D20,train
Japan_008633.jpg,0,0,0,0,NONE,train
Japan_003122.jpg,0,0,0,1,D40,train
Japan_002879.jpg,0,0,0,0,NONE,train
Japan_008193.jpg,0,0,0,0,NONE,train
Japan_009336.jpg,0,0,1,0,D20,train
Japan_003746.jpg,0,0,1,0,D20,train
Japan_001345.jpg,0,0,0,0,NONE,train
Japan_000146.jpg,1,1,0,0,D00+D10,train
Japan_000566.jpg,0,0,0,1,D40,train
Japan_004473.jpg,0,0,0,0,NONE,train
Japan_004272.jpg,0,0,1,0,D20,train
Japan_003581.jpg,0,0,1,0,D20,train
Japan_011634.jpg,0,0,0,0,NONE,train
Japan_000664.jpg,0,0,1,0,D20,train
Japan_009209.jpg,1,1,0,0,D00+D10,train
Japan_006023.jpg,0,1,1,0,D10+D20,train
Japan_011038.jpg,0,0,0,0,NONE,train
Japan_004604.jpg,0,0,1,1,D20+D40,train
Japan_008731.jpg,0,0,0,0,NONE,train
Japan_002936.jpg,1,0,0,0,D00,train
Japan_004069.jpg,0,1,0,0,D10,train
Japan_001343.jpg,0,0,0,0,NONE,train
Japan_003378.jpg,0,0,0,0,NONE,train
Japan_005219.jpg,0,0,0,0,NONE,train
Japan_012645.jpg,0,0,1,0,D20,train
Japan_002260.jpg,0,0,1,1,D20+D40,train
Japan_007741.jpg,0,1,1,0,D10+D20,train
Japan_004507.jpg,1,0,0,0,D00,train
Japan_001951.jpg,0,0,0,0,NONE,train
Japan_007924.jpg,0,1,1,0,D10+D20,train
Japan_009032.jpg,0,1,1,0,D10+D20,train
Japan_010139.jpg,0,0,1,0,D20,train
Japan_003085.jpg,1,0,0,0,D00,train
Japan_000861.jpg,0,0,1,0,D20,train
Japan_001710.jpg,1,0,1,1,D00+D20+D40,train
Japan_001890.jpg,1,0,0,0,D00,train
Japan_002435.jpg,0,0,1,0,D20,train
Japan_007123.jpg,0,0,1,0,D20,train
Japan_003613.jpg,0,0,1,0,D20,train
Japan_012731.jpg,0,0,0,0,NONE,train
Japan_007845.jpg,0,0,1,0,D20,train
Japan_001304.jpg,1,0,1,0,D00+D20,train
Japan_000841.jpg,0,1,1,0,D10+D20,train
Japan_012464.jpg,0,0,1,0,D20,train
Japan_008363.jpg,0,0,0,0,NONE,train
Japan_001488.jpg,0,0,0,0,NONE,train
Japan_004929.jpg,0,0,1,0,D20,train
Japan_008888.jpg,0,0,1,0,D20,train
Japan_009041.jpg,0,1,1,0,D10+D20,train
Japan_004175.jpg,0,0,0,1,D40,train
Japan_005520.jpg,0,0,1,0,D20,train
Japan_000891.jpg,0,1,0,0,D10,train
Japan_006236.jpg,0,0,1,0,D20,train
Japan_012361.jpg,0,0,1,0,D20,train
Japan_008500.jpg,1,0,1,0,D00+D20,train
Japan_000941.jpg,0,1,0,0,D10,train
Japan_001021.jpg,1,0,1,0,D00+D20,train
Japan_001088.jpg,0,1,0,0,D10,train
Japan_000468.jpg,0,1,0,0,D10,train
Japan_006198.jpg,0,1,1,0,D10+D20,train
Japan_007042.jpg,0,0,1,0,D20,train
Japan_002546.jpg,0,0,0,1,D40,train
Japan_002496.jpg,0,0,1,1,D20+D40,train
Japan_011347.jpg,0,0,1,0,D20,train
Japan_007508.jpg,0,0,1,0,D20,train
Japan_005162.jpg,0,1,0,0,D10,train
Japan_012495.jpg,0,0,1,1,D20+D40,train
Japan_003597.jpg,0,0,0,0,NONE,train
Japan_002060.jpg,0,0,1,0,D20,train
Japan_009989.jpg,0,1,0,0,D10,train
Japan_006089.jpg,0,0,1,0,D20,train
Japan_001477.jpg,0,0,0,1,D40,train
Japan_002995.jpg,0,0,0,1,D40,train
Japan_000277.jpg,1,1,1,0,D00+D10+D20,train
Japan_006780.jpg,0,1,1,0,D10+D20,train
Japan_011484.jpg,0,1,0,0,D10,train
Japan_011874.jpg,0,0,1,1,D20+D40,train
Japan_006832.jpg,0,0,0,0,NONE,train
Japan_007106.jpg,1,0,0,0,D00,train
Japan_008445.jpg,0,0,0,0,NONE,train
Japan_012628.jpg,0,1,0,0,D10,train
Japan_011029.jpg,0,0,1,0,D20,train
Japan_012228.jpg,1,0,0,0,D00,train
Japan_009037.jpg,0,0,0,0,NONE,train
Japan_013116.jpg,0,0,1,1,D20+D40,train
Japan_006377.jpg,0,0,1,1,D20+D40,train
Japan_004802.jpg,0,0,1,0,D20,train
Japan_005608.jpg,1,0,0,0,D00,train
Japan_010598.jpg,0,1,0,0,D10,train
Japan_006350.jpg,0,1,0,0,D10,train
Japan_004141.jpg,0,0,0,0,NONE,train
Japan_007614.jpg,0,0,0,1,D40,train
Japan_012722.jpg,0,0,1,0,D20,train
Japan_005629.jpg,0,0,1,0,D20,train
Japan_005937.jpg,0,0,0,0,NONE,train
Japan_012506.jpg,1,0,0,0,D00,train
Japan_002619.jpg,0,1,1,0,D10+D20,train
Japan_007521.jpg,0,1,1,0,D10+D20,train
Japan_008027.jpg,0,0,1,0,D20,train
Japan_008202.jpg,0,0,1,0,D20,train
Japan_005191.jpg,0,0,0,0,NONE,train
Japan_004315.jpg,0,0,0,0,NONE,train
Japan_006125.jpg,0,0,1,0,D20,train
Japan_003769.jpg,0,0,1,0,D20,train
Japan_007995.jpg,0,1,1,0,D10+D20,train
Japan_003722.jpg,1,1,0,0,D00+D10,train
Japan_001099.jpg,0,0,1,0,D20,train
Japan_000003.jpg,0,0,1,0,D20,train
Japan_007559.jpg,1,0,0,0,D00,train
Japan_011872.jpg,1,0,0,0,D00,train
Japan_012570.jpg,0,0,0,0,NONE,train
Japan_003922.jpg,0,1,0,0,D10,train
Japan_011528.jpg,0,0,1,0,D20,train
Japan_010537.jpg,0,0,0,0,NONE,train
Japan_001592.jpg,0,0,0,0,NONE,train
Japan_000634.jpg,0,0,0,0,NONE,train
Japan_012554.jpg,0,0,1,0,D20,train
Japan_007610.jpg,0,0,0,1,D40,train
Japan_012996.jpg,0,0,1,1,D20+D40,train
Japan_003971.jpg,0,0,0,0,NONE,train
Japan_010168.jpg,0,0,0,0,NONE,train
Japan_009599.jpg,1,1,0,0,D00+D10,train
Japan_003996.jpg,0,1,1,0,D10+D20,train
Japan_008217.jpg,0,0,0,0,NONE,train
Japan_002861.jpg,1,0,1,0,D00+D20,train
Japan_012436.jpg,0,0,1,0,D20,train
Japan_011050.jpg,0,0,1,0,D20,train
Japan_007466.jpg,0,1,0,0,D10,train
Japan_010656.jpg,1,1,0,0,D00+D10,train
Japan_009527.jpg,0,0,0,0,NONE,train
Japan_004403.jpg,1,0,0,0,D00,train
Japan_001884.jpg,1,1,0,0,D00+D10,train
Japan_010109.jpg,0,0,1,0,D20,train
Japan_008676.jpg,0,0,0,0,NONE,train
Japan_009364.jpg,1,0,0,0,D00,train
Japan_012703.jpg,0,0,0,0,NONE,train
Japan_000593.jpg,0,0,0,0,NONE,train
Japan_007085.jpg,1,0,1,0,D00+D20,train
Japan_002466.jpg,1,1,0,0,D00+D10,train
Japan_001011.jpg,1,0,0,0,D00,train
Japan_004778.jpg,0,0,0,0,NONE,train
Japan_001899.jpg,0,0,1,0,D20,train
Japan_004404.jpg,1,0,0,0,D00,train
Japan_005429.jpg,0,0,1,0,D20,train
Japan_012079.jpg,0,0,0,0,NONE,train
Japan_005912.jpg,1,1,1,0,D00+D10+D20,train
Japan_003008.jpg,0,0,0,0,NONE,train
Japan_007926.jpg,0,0,0,1,D40,train
Japan_008521.jpg,0,0,1,0,D20,train
Japan_012242.jpg,0,0,1,0,D20,train
Japan_000357.jpg,0,1,1,1,D10+D20+D40,train
Japan_006454.jpg,1,1,0,0,D00+D10,train
Japan_005518.jpg,0,0,0,0,NONE,train
Japan_012379.jpg,0,0,1,0,D20,train
Japan_003265.jpg,1,0,0,0,D00,train
Japan_000361.jpg,0,1,1,0,D10+D20,train
Japan_007018.jpg,0,0,1,0,D20,train
Japan_012402.jpg,0,0,0,0,NONE,train
Japan_011140.jpg,0,0,1,0,D20,train
Japan_008877.jpg,0,0,1,0,D20,train
Japan_002426.jpg,0,0,1,0,D20,train
Japan_004851.jpg,0,1,1,0,D10+D20,train
Japan_003609.jpg,0,0,1,0,D20,train
Japan_008995.jpg,0,0,1,0,D20,train
Japan_012064.jpg,0,0,0,0,NONE,train
Japan_002160.jpg,0,0,0,0,NONE,train
Japan_007233.jpg,0,0,1,1,D20+D40,train
Japan_010564.jpg,0,0,0,0,NONE,train
Japan_007535.jpg,0,0,1,0,D20,train
Japan_009345.jpg,0,0,1,1,D20+D40,train
Japan_009274.jpg,1,0,0,0,D00,train
Japan_006591.jpg,0,1,1,0,D10+D20,train
Japan_006679.jpg,0,0,1,0,D20,train
Japan_003124.jpg,0,1,0,1,D10+D40,train
Japan_001699.jpg,0,0,0,0,NONE,train
Japan_012534.jpg,0,0,0,0,NONE,train
Japan_012813.jpg,0,1,1,0,D10+D20,train
Japan_012739.jpg,0,0,1,1,D20+D40,train
Japan_002216.jpg,0,0,0,0,NONE,train
Japan_007546.jpg,0,0,1,0,D20,train
Japan_012924.jpg,0,0,1,0,D20,train
Japan_007388.jpg,1,0,0,0,D00,train
Japan_010146.jpg,1,0,0,0,D00,train
Japan_008083.jpg,1,0,0,0,D00,train
Japan_009305.jpg,0,0,1,1,D20+D40,train
Japan_006461.jpg,0,1,1,0,D10+D20,train
Japan_007373.jpg,1,1,0,0,D00+D10,train
Japan_008121.jpg,1,0,0,0,D00,train
Japan_003615.jpg,0,0,0,0,NONE,train
Japan_004891.jpg,0,0,0,0,NONE,train
Japan_001862.jpg,1,0,1,0,D00+D20,train
Japan_011325.jpg,0,1,1,0,D10+D20,train
Japan_003573.jpg,0,1,0,0,D10,train
Japan_001325.jpg,0,1,1,0,D10+D20,train
Japan_004972.jpg,0,1,0,0,D10,train
Japan_002723.jpg,1,0,0,0,D00,train
Japan_005360.jpg,0,0,1,0,D20,train
Japan_003506.jpg,1,0,0,0,D00,train
Japan_007257.jpg,0,0,0,0,NONE,train
Japan_007486.jpg,0,0,0,1,D40,train
Japan_007195.jpg,0,0,1,0,D20,train
Japan_007582.jpg,0,0,0,0,NONE,train
Japan_002116.jpg,0,0,0,0,NONE,train
Japan_006650.jpg,1,1,1,0,D00+D10+D20,train
Japan_003812.jpg,1,0,0,0,D00,train
Japan_011386.jpg,0,0,0,0,NONE,train
Japan_004213.jpg,0,0,0,0,NONE,train
Japan_007599.jpg,1,0,0,0,D00,train
Japan_005221.jpg,1,1,1,0,D00+D10+D20,train
Japan_001659.jpg,0,0,1,0,D20,train
Japan_005726.jpg,1,0,0,0,D00,train
Japan_003314.jpg,0,0,0,0,NONE,train
Japan_010791.jpg,0,0,1,0,D20,train
Japan_001161.jpg,0,0,0,0,NONE,train
Japan_002736.jpg,0,0,1,0,D20,train
Japan_005367.jpg,1,1,0,0,D00+D10,train
Japan_010413.jpg,0,0,1,0,D20,train
Japan_008197.jpg,0,0,1,0,D20,train
Japan_009074.jpg,0,0,0,0,NONE,train
Japan_003244.jpg,0,0,0,0,NONE,train
Japan_004680.jpg,0,0,0,0,NONE,train
Japan_003071.jpg,1,0,0,1,D00+D40,train
Japan_001909.jpg,0,0,1,1,D20+D40,train
Japan_012998.jpg,0,0,0,0,NONE,train
Japan_009525.jpg,0,0,1,0,D20,train
Japan_003509.jpg,1,1,0,0,D00+D10,train
Japan_002925.jpg,0,0,1,0,D20,train
Japan_011635.jpg,0,0,0,0,NONE,train
Japan_012858.jpg,1,0,0,0,D00,train
Japan_010452.jpg,1,0,0,0,D00,train
Japan_004245.jpg,0,0,0,0,NONE,train
Japan_004927.jpg,0,0,0,0,NONE,train
Japan_006234.jpg,0,0,0,0,NONE,train
Japan_005684.jpg,1,0,0,0,D00,train
Japan_010232.jpg,0,0,0,0,NONE,train
Japan_000162.jpg,0,0,0,0,NONE,train
Japan_004401.jpg,0,1,1,0,D10+D20,train
Japan_011553.jpg,0,0,1,1,D20+D40,train
Japan_003383.jpg,0,0,1,0,D20,train
Japan_006069.jpg,0,0,0,0,NONE,train
Japan_002074.jpg,0,0,0,1,D40,train
Japan_007343.jpg,0,0,1,0,D20,train
Japan_000842.jpg,0,0,0,1,D40,train
Japan_007082.jpg,1,0,0,0,D00,train
Japan_000930.jpg,1,0,0,0,D00,train
Japan_011505.jpg,0,1,0,0,D10,train
Japan_009048.jpg,0,0,1,0,D20,train
Japan_001412.jpg,0,0,1,0,D20,train
Japan_009333.jpg,0,0,0,1,D40,train
Japan_010106.jpg,0,0,0,0,NONE,train
Japan_003410.jpg,0,0,1,0,D20,train
Japan_008689.jpg,0,1,1,0,D10+D20,train
Japan_000731.jpg,1,0,0,0,D00,train
Japan_004520.jpg,0,1,1,0,D10+D20,train
Japan_003586.jpg,0,1,0,0,D10,train
Japan_011044.jpg,0,0,1,0,D20,train
Japan_003274.jpg,0,0,1,0,D20,train
Japan_006661.jpg,0,0,0,0,NONE,train
Japan_006107.jpg,1,0,0,0,D00,train
Japan_011233.jpg,0,0,0,0,NONE,train
Japan_000814.jpg,0,0,0,0,NONE,train
Japan_001266.jpg,0,1,0,0,D10,train
Japan_010661.jpg,0,0,1,0,D20,train
Japan_009951.jpg,0,0,1,0,D20,train
Japan_007069.jpg,0,0,1,0,D20,train
Japan_002313.jpg,1,0,0,0,D00,train
Japan_007450.jpg,0,0,1,0,D20,train
Japan_000522.jpg,1,0,0,0,D00,train
Japan_005645.jpg,0,1,0,0,D10,train
Japan_001079.jpg,1,0,1,0,D00+D20,train
Japan_009748.jpg,0,0,1,0,D20,train
Japan_008792.jpg,0,0,0,0,NONE,train
Japan_008966.jpg,0,0,1,0,D20,train
Japan_004060.jpg,1,0,0,0,D00,train
Japan_004551.jpg,1,0,0,0,D00,train
Japan_011267.jpg,0,0,1,0,D20,train
Japan_002266.jpg,1,0,0,0,D00,train
Japan_007955.jpg,0,0,0,0,NONE,train
Japan_002907.jpg,0,0,1,0,D20,train
Japan_009772.jpg,0,0,0,0,NONE,train
Japan_010288.jpg,0,1,1,1,D10+D20+D40,train
Japan_001347.jpg,1,0,0,0,D00,train
Japan_003398.jpg,0,0,1,1,D20+D40,train
Japan_005795.jpg,0,0,0,0,NONE,train
Japan_005352.jpg,0,0,0,0,NONE,train
Japan_007161.jpg,1,1,0,0,D00+D10,train
Japan_009887.jpg,1,0,1,0,D00+D20,train
Japan_002005.jpg,0,0,0,0,NONE,train
Japan_002333.jpg,0,0,1,0,D20,train
Japan_007218.jpg,1,1,0,0,D00+D10,train
Japan_008512.jpg,0,0,1,0,D20,train
Japan_008851.jpg,0,1,0,0,D10,train
Japan_007817.jpg,0,0,1,0,D20,train
Japan_008807.jpg,0,1,0,0,D10,train
Japan_011384.jpg,0,0,0,1,D40,train
Japan_001827.jpg,0,0,1,0,D20,train
Japan_001305.jpg,0,0,0,0,NONE,train
Japan_001434.jpg,0,0,1,0,D20,train
Japan_007273.jpg,0,0,0,0,NONE,train
Japan_007514.jpg,0,0,1,0,D20,train
Japan_010648.jpg,0,0,0,0,NONE,train
Japan_006653.jpg,0,0,0,0,NONE,train
Japan_003816.jpg,0,0,1,0,D20,train
Japan_011812.jpg,0,0,0,0,NONE,train
Japan_009813.jpg,0,0,0,0,NONE,train
Japan_002110.jpg,0,0,1,0,D20,train
Japan_005571.jpg,0,0,0,0,NONE,train
Japan_009459.jpg,0,0,0,0,NONE,train
Japan_003152.jpg,0,0,1,0,D20,train
Japan_000764.jpg,1,1,0,0,D00+D10,train
Japan_002691.jpg,0,0,0,0,NONE,train
Japan_003120.jpg,0,0,0,0,NONE,train
Japan_006862.jpg,0,1,0,0,D10,train
Japan_010113.jpg,0,0,0,0,NONE,train
Japan_009058.jpg,0,0,0,0,NONE,train
Japan_006360.jpg,0,0,1,0,D20,train
Japan_011486.jpg,0,0,1,0,D20,train
Japan_011025.jpg,1,0,0,0,D00,train
Japan_011475.jpg,0,0,1,0,D20,train
Japan_009551.jpg,0,1,1,0,D10+D20,train
Japan_001365.jpg,0,0,0,0,NONE,train
Japan_002379.jpg,0,0,0,1,D40,train
Japan_009436.jpg,0,0,1,0,D20,train
Japan_012287.jpg,0,0,1,0,D20,train
Japan_007714.jpg,0,0,1,1,D20+D40,train
Japan_008257.jpg,1,0,1,0,D00+D20,train
Japan_007062.jpg,0,0,0,1,D40,train
Japan_011516.jpg,0,0,1,0,D20,train
Japan_007587.jpg,0,0,1,0,D20,train
Japan_004909.jpg,0,0,0,0,NONE,train
Japan_011778.jpg,1,0,0,0,D00,train
Japan_009574.jpg,0,1,0,0,D10,train
Japan_012036.jpg,0,0,0,0,NONE,train
Japan_002155.jpg,0,0,1,0,D20,train
Japan_009583.jpg,0,0,0,0,NONE,train
Japan_002229.jpg,0,0,1,0,D20,train
Japan_004575.jpg,0,0,0,0,NONE,train
Japan_005915.jpg,0,0,0,0,NONE,train
Japan_010943.jpg,0,0,0,0,NONE,train
Japan_002567.jpg,0,0,0,0,NONE,train
Japan_009825.jpg,0,0,1,0,D20,train
Japan_004096.jpg,1,0,0,0,D00,train
Japan_007917.jpg,1,1,0,1,D00+D10+D40,train
Japan_010716.jpg,0,0,1,0,D20,train
Japan_002484.jpg,0,0,0,0,NONE,train
Japan_002864.jpg,1,1,0,0,D00+D10,train
Japan_009601.jpg,0,0,0,0,NONE,train
Japan_006156.jpg,0,0,1,0,D20,train
Japan_000910.jpg,0,0,1,0,D20,train
Japan_001022.jpg,1,0,0,0,D00,train
Japan_009857.jpg,0,0,0,0,NONE,train
Japan_012493.jpg,0,1,1,0,D10+D20,train
Japan_011134.jpg,0,0,0,0,NONE,train
Japan_000821.jpg,1,0,0,0,D00,train
Japan_003458.jpg,0,0,0,0,NONE,train
Japan_003328.jpg,0,0,1,0,D20,train
Japan_007939.jpg,1,0,0,0,D00,train
Japan_006134.jpg,0,0,1,0,D20,train
Japan_005011.jpg,1,0,0,1,D00+D40,train
Japan_004388.jpg,0,0,0,0,NONE,train
Japan_010635.jpg,0,1,1,0,D10+D20,train
Japan_003847.jpg,1,0,0,0,D00,train
Japan_002697.jpg,1,0,1,0,D00+D20,train
Japan_002644.jpg,0,0,0,0,NONE,train
Japan_008987.jpg,0,0,0,0,NONE,train
Japan_002053.jpg,0,0,0,1,D40,train
Japan_003076.jpg,0,0,1,0,D20,train
Japan_011790.jpg,0,0,1,0,D20,train
Japan_012229.jpg,1,1,1,1,D00+D10+D20+D40,train
Japan_007338.jpg,0,0,0,1,D40,train
Japan_011574.jpg,0,1,0,0,D10,train
Japan_004345.jpg,0,1,0,0,D10,train
Japan_002339.jpg,0,0,0,1,D40,train
Japan_011293.jpg,0,0,0,0,NONE,train
Japan_012997.jpg,1,0,0,0,D00,train
Japan_010080.jpg,1,1,0,0,D00+D10,train
Japan_012609.jpg,0,1,1,0,D10+D20,train
Japan_009267.jpg,1,0,1,0,D00+D20,train
Japan_008575.jpg,0,0,0,0,NONE,train
Japan_004865.jpg,0,0,0,0,NONE,train
Japan_003363.jpg,0,0,1,0,D20,train
Japan_011735.jpg,0,0,1,1,D20+D40,train
Japan_003061.jpg,1,0,0,0,D00,train
Japan_008200.jpg,0,0,1,0,D20,train
Japan_005863.jpg,1,0,0,0,D00,train
Japan_011462.jpg,0,0,1,0,D20,train
Japan_004727.jpg,1,0,0,0,D00,train
Japan_006487.jpg,1,0,0,0,D00,train
Japan_001444.jpg,1,0,1,0,D00+D20,train
Japan_011425.jpg,0,0,1,0,D20,train
Japan_010987.jpg,0,0,1,0,D20,train
Japan_008767.jpg,1,1,0,0,D00+D10,train
Japan_007196.jpg,0,0,0,1,D40,train
Japan_004259.jpg,0,0,0,0,NONE,train
Japan_010251.jpg,0,0,0,1,D40,train
Japan_000844.jpg,0,0,1,0,D20,train
Japan_001352.jpg,0,0,0,0,NONE,train
Japan_004168.jpg,1,0,0,0,D00,train
Japan_000551.jpg,0,1,1,0,D10+D20,train
Japan_002149.jpg,0,0,0,0,NONE,train
Japan_005969.jpg,0,0,1,0,D20,train
Japan_002263.jpg,0,0,1,1,D20+D40,train
Japan_001087.jpg,1,0,0,1,D00+D40,train
Japan_011693.jpg,0,0,0,0,NONE,train
Japan_005856.jpg,0,0,0,0,NONE,train
Japan_006890.jpg,0,1,1,0,D10+D20,train
Japan_006701.jpg,0,1,0,0,D10,train
Japan_003471.jpg,0,0,0,1,D40,train
Japan_001605.jpg,1,0,0,0,D00,train
Japan_009347.jpg,1,0,0,0,D00,train
Japan_009116.jpg,1,0,0,0,D00,train
Japan_002741.jpg,0,0,0,0,NONE,train
Japan_010006.jpg,0,0,0,0,NONE,train
Japan_000855.jpg,0,0,0,0,NONE,train
Japan_001065.jpg,0,0,1,0,D20,train
Japan_008183.jpg,1,0,0,0,D00,train
Japan_001015.jpg,0,1,1,0,D10+D20,train
Japan_003602.jpg,1,0,0,0,D00,train
Japan_010735.jpg,0,0,0,0,NONE,train
Japan_002719.jpg,0,0,1,0,D20,train
Japan_007644.jpg,0,0,0,0,NONE,train
Japan_000722.jpg,0,0,0,0,NONE,train
Japan_007740.jpg,1,0,0,0,D00,train
Japan_012057.jpg,1,0,0,0,D00,train
Japan_011339.jpg,1,1,1,0,D00+D10+D20,train
Japan_001558.jpg,1,0,0,0,D00,train
Japan_009419.jpg,0,0,0,0,NONE,train
Japan_007361.jpg,0,0,1,0,D20,train
Japan_011700.jpg,0,0,1,1,D20+D40,train
Japan_012883.jpg,0,0,0,0,NONE,train
Japan_001705.jpg,0,0,0,0,NONE,train
Japan_011549.jpg,0,1,1,0,D10+D20,train
Japan_010828.jpg,0,0,1,0,D20,train
Japan_007766.jpg,0,1,1,0,D10+D20,train
Japan_011981.jpg,0,1,0,0,D10,train
Japan_008687.jpg,0,0,1,0,D20,train
Japan_003735.jpg,0,0,1,0,D20,train
Japan_011628.jpg,1,0,0,1,D00+D40,train
Japan_004615.jpg,0,0,0,1,D40,train
Japan_006644.jpg,0,0,0,0,NONE,train
Japan_012884.jpg,0,0,0,0,NONE,train
Japan_010171.jpg,1,0,1,0,D00+D20,train
Japan_007634.jpg,0,0,0,1,D40,train
Japan_004116.jpg,0,0,1,0,D20,train
Japan_007556.jpg,0,1,1,0,D10+D20,train
Japan_013004.jpg,0,0,1,0,D20,train
Japan_008071.jpg,0,0,0,0,NONE,train
Japan_007487.jpg,1,1,0,0,D00+D10,train
Japan_002734.jpg,0,1,0,0,D10,train
Japan_005825.jpg,1,0,1,0,D00+D20,train
Japan_007912.jpg,0,1,1,0,D10+D20,train
Japan_005549.jpg,0,0,0,0,NONE,train
Japan_006431.jpg,0,0,1,0,D20,train
Japan_004354.jpg,0,0,0,0,NONE,train
Japan_004709.jpg,1,1,1,0,D00+D10+D20,train
Japan_005920.jpg,0,0,0,0,NONE,train
Japan_003579.jpg,0,1,0,0,D10,train
Japan_011060.jpg,0,0,0,1,D40,train
Japan_000285.jpg,1,1,1,0,D00+D10+D20,train
Japan_010379.jpg,0,1,1,0,D10+D20,train
Japan_000320.jpg,0,0,1,0,D20,train
Japan_010135.jpg,0,0,0,0,NONE,train
Japan_012597.jpg,0,0,1,0,D20,train
Japan_005839.jpg,0,0,1,0,D20,train
Japan_009499.jpg,0,0,1,0,D20,train
Japan_002388.jpg,0,0,0,0,NONE,train
Japan_000229.jpg,0,0,0,0,NONE,train
Japan_005304.jpg,0,0,0,1,D40,train
Japan_009828.jpg,0,0,1,0,D20,train
Japan_006643.jpg,0,0,0,0,NONE,train
Japan_000771.jpg,0,0,1,0,D20,train
Japan_011179.jpg,0,0,1,0,D20,train
Japan_012184.jpg,0,1,1,0,D10+D20,train
Japan_007673.jpg,1,0,0,0,D00,train
Japan_007410.jpg,0,0,1,0,D20,train
Japan_010795.jpg,0,1,0,0,D10,train
Japan_009624.jpg,0,0,1,0,D20,train
Japan_011218.jpg,0,0,0,0,NONE,train
Japan_012968.jpg,0,0,0,0,NONE,train
Japan_007853.jpg,0,0,1,0,D20,train
Japan_008617.jpg,1,0,0,0,D00,train
Japan_007301.jpg,0,0,1,0,D20,train
Japan_009384.jpg,0,0,0,0,NONE,train
Japan_001643.jpg,0,0,0,0,NONE,train
Japan_009720.jpg,0,0,1,0,D20,train
Japan_006093.jpg,0,0,0,0,NONE,train
Japan_007309.jpg,0,0,1,0,D20,train
Japan_012699.jpg,0,0,0,0,NONE,train
Japan_004721.jpg,0,0,1,1,D20+D40,train
Japan_004841.jpg,0,0,1,0,D20,train
Japan_005482.jpg,0,0,0,0,NONE,train
Japan_007904.jpg,0,1,0,0,D10,train
Japan_007236.jpg,0,1,1,0,D10+D20,train
Japan_012391.jpg,0,0,1,0,D20,train
Japan_000965.jpg,0,0,0,0,NONE,train
Japan_001979.jpg,0,0,0,0,NONE,train
Japan_010276.jpg,0,0,1,0,D20,train
Japan_006560.jpg,0,0,1,1,D20+D40,train
Japan_010115.jpg,0,0,0,0,NONE,train
Japan_003827.jpg,0,0,0,0,NONE,train
Japan_009307.jpg,0,0,1,0,D20,train
Japan_008170.jpg,0,1,1,0,D10+D20,train
Japan_006848.jpg,0,1,0,0,D10,train
Japan_002363.jpg,0,0,1,0,D20,train
Japan_004571.jpg,1,0,1,0,D00+D20,train
Japan_007555.jpg,0,0,1,0,D20,train
Japan_003016.jpg,0,0,1,0,D20,train
Japan_008447.jpg,0,0,1,0,D20,train
Japan_004773.jpg,0,0,1,0,D20,train
Japan_011982.jpg,0,1,1,1,D10+D20+D40,train
Japan_001585.jpg,0,0,0,0,NONE,train
Japan_006767.jpg,0,0,1,0,D20,train
Japan_000779.jpg,1,0,0,0,D00,train
Japan_008440.jpg,0,1,1,0,D10+D20,train
Japan_001845.jpg,0,0,0,0,NONE,train
Japan_001895.jpg,0,0,1,1,D20+D40,train
Japan_000739.jpg,0,0,0,0,NONE,train
Japan_007704.jpg,0,0,0,0,NONE,train
Japan_003932.jpg,0,0,0,0,NONE,train
Japan_010727.jpg,0,0,0,0,NONE,train
Japan_007043.jpg,0,1,0,0,D10,train
Japan_004266.jpg,0,0,1,0,D20,train
Japan_006901.jpg,0,1,1,0,D10+D20,train
Japan_004779.jpg,1,1,1,0,D00+D10+D20,train
Japan_005095.jpg,0,1,0,0,D10,train
Japan_006700.jpg,0,0,1,1,D20+D40,train
Japan_007200.jpg,0,0,1,0,D20,train
Japan_000483.jpg,0,0,0,0,NONE,train
Japan_011132.jpg,1,1,0,0,D00+D10,train
Japan_006080.jpg,0,1,1,0,D10+D20,train
Japan_002896.jpg,1,0,0,0,D00,train
Japan_006582.jpg,0,0,0,0,NONE,train
Japan_006815.jpg,0,0,0,1,D40,train
Japan_006976.jpg,0,0,1,1,D20+D40,train
Japan_006894.jpg,0,0,0,0,NONE,train
Japan_006422.jpg,0,0,1,0,D20,train
Japan_008730.jpg,1,1,0,0,D00+D10,train
Japan_010130.jpg,0,0,1,0,D20,train
Japan_011135.jpg,0,0,0,1,D40,train
Japan_002763.jpg,0,0,0,0,NONE,train
Japan_001410.jpg,0,0,0,0,NONE,train
Japan_009089.jpg,0,1,1,0,D10+D20,train
Japan_002831.jpg,1,0,0,0,D00,train
Japan_000666.jpg,0,0,0,1,D40,train
Japan_010990.jpg,0,0,0,0,NONE,train
Japan_011227.jpg,0,0,0,0,NONE,train
Japan_007830.jpg,0,0,1,0,D20,train
Japan_001040.jpg,1,0,0,0,D00,train
Japan_010683.jpg,0,0,1,0,D20,train
Japan_013074.jpg,0,0,1,0,D20,train
Japan_006662.jpg,1,0,0,0,D00,train
Japan_005082.jpg,1,1,0,0,D00+D10,train
Japan_007927.jpg,0,0,1,0,D20,train
Japan_010546.jpg,0,0,1,1,D20+D40,train
Japan_000183.jpg,0,0,0,0,NONE,train
Japan_002121.jpg,0,0,1,1,D20+D40,train
Japan_013126.jpg,0,0,0,0,NONE,train
Japan_010400.jpg,1,0,0,0,D00,train
Japan_004533.jpg,0,0,1,0,D20,train
Japan_009998.jpg,0,0,1,0,D20,train
Japan_002729.jpg,0,0,1,0,D20,train
Japan_000413.jpg,0,0,1,1,D20+D40,train
Japan_003090.jpg,1,0,0,0,D00,train
Japan_010355.jpg,1,0,0,0,D00,train
Japan_006160.jpg,0,0,1,0,D20,train
Japan_005339.jpg,1,0,0,0,D00,train
Japan_006716.jpg,0,0,1,0,D20,train
Japan_010694.jpg,1,1,0,0,D00+D10,train
Japan_009196.jpg,0,0,0,1,D40,train
Japan_009988.jpg,0,0,0,0,NONE,train
Japan_010859.jpg,0,0,1,0,D20,train
Japan_006387.jpg,0,0,1,0,D20,train
Japan_006924.jpg,0,0,0,0,NONE,train
Japan_011787.jpg,0,0,1,0,D20,train
Japan_001287.jpg,0,0,1,0,D20,train
Japan_008843.jpg,0,0,1,1,D20+D40,train
Japan_012067.jpg,0,0,0,0,NONE,train
Japan_001889.jpg,1,0,0,0,D00,train
Japan_010914.jpg,0,0,0,0,NONE,train
Japan_009312.jpg,0,0,1,0,D20,train
Japan_007905.jpg,0,1,0,1,D10+D40,train
Japan_010581.jpg,0,0,0,0,NONE,train
Japan_005570.jpg,0,1,0,0,D10,train
Japan_009558.jpg,0,0,1,0,D20,train
Japan_002324.jpg,1,0,0,0,D00,train
Japan_010041.jpg,0,0,1,0,D20,train
Japan_010792.jpg,0,0,0,0,NONE,train
Japan_000192.jpg,0,0,1,0,D20,train
Japan_009618.jpg,1,0,0,0,D00,train
Japan_003552.jpg,0,0,1,0,D20,train
Japan_001322.jpg,0,0,0,0,NONE,train
Japan_001402.jpg,0,0,0,0,NONE,train
Japan_007209.jpg,0,0,1,1,D20+D40,train
Japan_004650.jpg,0,0,1,0,D20,train
Japan_012901.jpg,1,0,0,0,D00,train
Japan_006353.jpg,0,0,1,0,D20,train
Japan_004229.jpg,0,0,0,0,NONE,train
Japan_000170.jpg,0,0,1,0,D20,train
Japan_008971.jpg,0,0,0,0,NONE,train
Japan_008900.jpg,0,0,1,1,D20+D40,train
Japan_008062.jpg,1,0,0,0,D00,train
Japan_006472.jpg,0,0,1,0,D20,train
Japan_002973.jpg,0,0,1,0,D20,train
Japan_004007.jpg,0,0,0,1,D40,train
Japan_012303.jpg,0,0,1,0,D20,train
Japan_011622.jpg,0,0,0,0,NONE,train
Japan_008108.jpg,0,0,0,0,NONE,train
Japan_003841.jpg,1,0,0,0,D00,train
Japan_009306.jpg,0,0,0,1,D40,train
Japan_005708.jpg,1,0,0,0,D00,train
Japan_001156.jpg,0,0,1,0,D20,train
Japan_007734.jpg,1,0,0,0,D00,train
Japan_008205.jpg,0,0,1,0,D20,train
Japan_008310.jpg,0,0,1,1,D20+D40,train
Japan_005144.jpg,1,0,0,0,D00,train
Japan_008770.jpg,1,0,0,0,D00,train
Japan_003486.jpg,0,0,0,1,D40,train
Japan_002181.jpg,0,0,1,0,D20,train
Japan_009559.jpg,0,0,1,1,D20+D40,train
Japan_002533.jpg,0,0,0,0,NONE,train
Japan_003850.jpg,0,0,0,1,D40,train
Japan_002902.jpg,0,0,1,1,D20+D40,train
Japan_000444.jpg,1,0,0,0,D00,train
Japan_010016.jpg,0,0,1,0,D20,train
Japan_006068.jpg,0,0,0,0,NONE,train
Japan_004953.jpg,0,0,1,0,D20,train
Japan_009511.jpg,0,0,1,0,D20,train
Japan_012083.jpg,0,0,1,0,D20,train
Japan_007849.jpg,0,0,1,0,D20,train
Japan_001768.jpg,0,1,0,0,D10,train
Japan_002451.jpg,0,1,1,1,D10+D20+D40,train
Japan_003909.jpg,1,1,0,0,D00+D10,train
Japan_004599.jpg,0,1,1,0,D10+D20,train
Japan_001445.jpg,1,0,0,0,D00,train
Japan_010696.jpg,0,0,0,0,NONE,train
Japan_001583.jpg,0,0,0,0,NONE,train
Japan_002508.jpg,0,0,1,0,D20,train
Japan_004426.jpg,0,0,1,1,D20+D40,train
Japan_005585.jpg,0,0,1,0,D20,train
Japan_008372.jpg,0,0,1,1,D20+D40,train
Japan_010327.jpg,0,0,0,0,NONE,train
Japan_008839.jpg,0,0,1,0,D20,train
Japan_008428.jpg,0,0,1,0,D20,train
Japan_010357.jpg,1,0,0,0,D00,train
Japan_003029.jpg,1,0,0,0,D00,train
Japan_000922.jpg,1,0,0,0,D00,train
Japan_000859.jpg,0,0,1,0,D20,train
Japan_011881.jpg,0,0,1,1,D20+D40,train
Japan_002408.jpg,0,0,1,0,D20,train
Japan_006123.jpg,0,0,1,0,D20,train
Japan_010087.jpg,0,0,0,0,NONE,train
Japan_011640.jpg,0,0,1,0,D20,train
Japan_005202.jpg,1,1,0,0,D00+D10,train
Japan_002346.jpg,0,0,0,0,NONE,train
Japan_004846.jpg,1,0,0,0,D00,train
Japan_002438.jpg,0,0,1,1,D20+D40,train
Japan_004620.jpg,0,1,0,0,D10,train
Japan_009659.jpg,0,1,1,0,D10+D20,train
Japan_000923.jpg,0,1,0,0,D10,train
Japan_003323.jpg,1,0,1,0,D00+D20,train
Japan_002382.jpg,1,0,1,0,D00+D20,train
Japan_008665.jpg,0,1,1,0,D10+D20,train
Japan_003893.jpg,1,1,1,1,D00+D10+D20+D40,train
Japan_012557.jpg,1,0,0,0,D00,train
Japan_012350.jpg,0,1,0,0,D10,train
Japan_008912.jpg,0,0,0,0,NONE,train
Japan_009646.jpg,0,1,0,0,D10,train
Japan_008424.jpg,1,0,1,0,D00+D20,train
Japan_009206.jpg,0,0,0,1,D40,train
Japan_005789.jpg,1,1,1,0,D00+D10+D20,train
Japan_006471.jpg,0,0,1,0,D20,train
Japan_004283.jpg,0,0,1,0,D20,train
Japan_012334.jpg,1,0,0,0,D00,train
Japan_004150.jpg,0,0,1,0,D20,train
Japan_001928.jpg,1,0,0,0,D00,train
Japan_004133.jpg,1,0,1,0,D00+D20,train
Japan_001704.jpg,0,0,1,0,D20,train
Japan_000384.jpg,1,1,1,0,D00+D10+D20,train
Japan_005239.jpg,0,0,1,0,D20,train
Japan_007930.jpg,0,0,0,0,NONE,train
Japan_003761.jpg,0,0,1,0,D20,train
Japan_002994.jpg,1,0,0,0,D00,train
Japan_008051.jpg,0,1,1,0,D10+D20,train
Japan_010936.jpg,0,0,1,0,D20,train
Japan_007472.jpg,0,0,0,0,NONE,train
Japan_012970.jpg,1,1,1,0,D00+D10+D20,train
Japan_001684.jpg,1,0,0,0,D00,train
Japan_004372.jpg,0,0,1,0,D20,train
Japan_000538.jpg,0,0,0,0,NONE,train
Japan_010999.jpg,1,0,0,0,D00,train
Japan_001701.jpg,1,0,0,0,D00,train
Japan_010036.jpg,0,0,0,0,NONE,train
Japan_005972.jpg,1,1,0,0,D00+D10,train
Japan_007762.jpg,1,1,0,0,D00+D10,train
Japan_003493.jpg,0,0,1,0,D20,train
Japan_010627.jpg,1,1,1,0,D00+D10+D20,train
Japan_001936.jpg,0,0,1,0,D20,train
Japan_003272.jpg,0,1,1,0,D10+D20,train
Japan_012126.jpg,0,0,0,0,NONE,train
Japan_012864.jpg,0,0,1,0,D20,train
Japan_000575.jpg,1,0,0,0,D00,train
Japan_008638.jpg,0,0,1,0,D20,train
Japan_005854.jpg,0,1,0,0,D10,train
Japan_012817.jpg,0,0,0,0,NONE,train
Japan_001604.jpg,0,1,1,0,D10+D20,train
Japan_009931.jpg,1,0,0,0,D00,train
Japan_007051.jpg,0,1,0,0,D10,train
Japan_008604.jpg,1,1,1,0,D00+D10+D20,train
Japan_001679.jpg,0,0,1,0,D20,train
Japan_008081.jpg,0,0,1,0,D20,train
Japan_008094.jpg,0,0,0,0,NONE,train
Japan_011234.jpg,0,1,0,0,D10,train
Japan_001989.jpg,1,1,0,0,D00+D10,train
Japan_011285.jpg,0,1,0,0,D10,train
Japan_010835.jpg,0,0,0,0,NONE,train
Japan_002978.jpg,1,0,0,0,D00,train
Japan_003951.jpg,0,0,0,0,NONE,train
Japan_007798.jpg,0,0,0,0,NONE,train
Japan_010481.jpg,0,0,1,0,D20,train
Japan_002106.jpg,1,0,0,0,D00,train
Japan_009535.jpg,0,0,1,1,D20+D40,train
Japan_001926.jpg,0,1,0,0,D10,train
Japan_006228.jpg,1,0,0,0,D00,train
Japan_001833.jpg,0,0,1,0,D20,train
Japan_006306.jpg,1,0,0,0,D00,train
Japan_002530.jpg,0,0,1,0,D20,train
Japan_006295.jpg,0,0,1,0,D20,train
Japan_012811.jpg,1,1,0,0,D00+D10,train
Japan_000461.jpg,0,0,0,0,NONE,train
Japan_004427.jpg,1,0,0,0,D00,train
Japan_000874.jpg,0,0,1,1,D20+D40,train
Japan_012484.jpg,0,1,1,0,D10+D20,train
Japan_004638.jpg,0,0,0,0,NONE,train
Japan_009854.jpg,1,1,0,0,D00+D10,train
Japan_005334.jpg,0,0,0,0,NONE,train
Japan_000050.jpg,0,1,1,0,D10+D20,train
Japan_004651.jpg,0,0,1,0,D20,train
Japan_007680.jpg,0,0,1,1,D20+D40,train
Japan_003606.jpg,0,0,1,0,D20,train
Japan_011397.jpg,0,0,0,0,NONE,train
Japan_011196.jpg,0,0,1,0,D20,train
Japan_006233.jpg,0,0,0,0,NONE,train
Japan_003425.jpg,1,0,1,0,D00+D20,train
Japan_006970.jpg,0,0,0,0,NONE,train
Japan_011524.jpg,1,1,0,0,D00+D10,train
Japan_009779.jpg,1,0,0,0,D00,train
Japan_001045.jpg,0,0,0,0,NONE,train
Japan_002357.jpg,1,0,1,1,D00+D20+D40,train
Japan_010772.jpg,0,0,1,0,D20,train
Japan_011847.jpg,0,0,1,0,D20,train
Japan_003548.jpg,0,0,0,1,D40,train
Japan_008390.jpg,0,0,0,0,NONE,train
Japan_002151.jpg,0,0,1,0,D20,train
Japan_011559.jpg,0,0,0,1,D40,train
Japan_003896.jpg,1,0,0,0,D00,train
Japan_008799.jpg,0,0,1,0,D20,train
Japan_012850.jpg,1,1,0,0,D00+D10,train
Japan_012868.jpg,1,0,0,0,D00,train
Japan_009672.jpg,0,1,1,1,D10+D20+D40,train
Japan_007175.jpg,0,1,0,0,D10,train
Japan_012593.jpg,1,1,0,0,D00+D10,train
Japan_007040.jpg,1,1,0,0,D00+D10,train
Japan_011766.jpg,0,0,0,0,NONE,train
Japan_011922.jpg,0,1,1,0,D10+D20,train
Japan_004225.jpg,0,0,1,0,D20,train
Japan_007253.jpg,0,1,1,0,D10+D20,train
Japan_007131.jpg,0,1,0,0,D10,train
Japan_003162.jpg,0,0,1,0,D20,train
Japan_012611.jpg,1,1,1,0,D00+D10+D20,train
Japan_009812.jpg,1,0,0,0,D00,train
Japan_008054.jpg,1,0,0,0,D00,train
Japan_011344.jpg,0,0,0,0,NONE,train
Japan_004877.jpg,1,0,1,0,D00+D20,train
Japan_000124.jpg,0,0,0,0,NONE,train
Japan_010644.jpg,0,0,0,0,NONE,train
Japan_009801.jpg,0,0,1,0,D20,train
Japan_005488.jpg,0,0,0,0,NONE,train
Japan_001398.jpg,1,0,0,0,D00,train
Japan_005650.jpg,0,0,0,0,NONE,train
Japan_002933.jpg,0,0,0,0,NONE,train
Japan_003688.jpg,0,0,0,1,D40,train
Japan_005565.jpg,1,0,0,0,D00,train
Japan_002448.jpg,0,0,1,0,D20,train
Japan_003003.jpg,0,0,1,0,D20,train
Japan_011530.jpg,1,0,0,0,D00,train
Japan_007638.jpg,0,0,0,0,NONE,train
Japan_001531.jpg,0,0,1,0,D20,train
Japan_000177.jpg,0,0,0,0,NONE,train
Japan_011772.jpg,0,1,0,0,D10,train
Japan_009740.jpg,1,1,0,0,D00+D10,train
Japan_012840.jpg,0,0,0,0,NONE,train
Japan_001706.jpg,0,0,1,0,D20,train
Japan_008013.jpg,1,0,0,0,D00,train
Japan_002714.jpg,0,0,1,0,D20,train
Japan_002918.jpg,1,0,1,0,D00+D20,train
Japan_009491.jpg,0,0,1,0,D20,train
Japan_008326.jpg,0,0,0,0,NONE,train
Japan_010466.jpg,0,0,0,0,NONE,train
Japan_001078.jpg,0,1,1,0,D10+D20,train
Japan_007086.jpg,1,0,0,0,D00,train
Japan_011983.jpg,0,1,0,0,D10,train
Japan_007836.jpg,0,1,1,0,D10+D20,train
Japan_004443.jpg,0,0,1,0,D20,train
Japan_002095.jpg,1,0,0,0,D00,train
Japan_008438.jpg,0,0,0,0,NONE,train
Japan_000112.jpg,0,0,0,0,NONE,train
Japan_010552.jpg,0,0,1,1,D20+D40,train
Japan_012440.jpg,1,0,0,0,D00,train
Japan_006477.jpg,0,0,1,0,D20,train
Japan_002506.jpg,0,0,1,0,D20,train
Japan_010386.jpg,0,0,1,0,D20,train
Japan_000494.jpg,0,0,1,0,D20,train
Japan_011173.jpg,0,0,0,1,D40,train
Japan_001802.jpg,0,0,1,1,D20+D40,train
Japan_001077.jpg,0,0,1,1,D20+D40,train
Japan_003064.jpg,0,1,1,0,D10+D20,train
Japan_008330.jpg,0,0,0,0,NONE,train
Japan_011075.jpg,1,1,0,0,D00+D10,train
Japan_006740.jpg,0,1,0,0,D10,train
Japan_009794.jpg,0,0,1,0,D20,train
Japan_000918.jpg,0,1,0,0,D10,train
Japan_011030.jpg,0,0,0,0,NONE,train
Japan_007628.jpg,0,0,1,0,D20,train
Japan_000066.jpg,0,0,0,0,NONE,train
Japan_002626.jpg,0,0,1,0,D20,train
Japan_012398.jpg,0,0,1,0,D20,train
Japan_005100.jpg,0,0,1,0,D20,train
Japan_006115.jpg,1,1,1,0,D00+D10+D20,train
Japan_000037.jpg,0,1,1,0,D10+D20,train
Japan_013012.jpg,0,0,0,0,NONE,train
Japan_004733.jpg,0,0,0,0,NONE,train
Japan_007335.jpg,0,1,0,0,D10,train
Japan_002908.jpg,1,0,0,0,D00,train
Japan_005651.jpg,1,0,0,0,D00,train
Japan_006686.jpg,1,1,0,0,D00+D10,train
Japan_000719.jpg,0,0,0,0,NONE,train
Japan_005112.jpg,0,0,1,0,D20,train
Japan_001469.jpg,0,0,1,1,D20+D40,train
Japan_003851.jpg,0,0,1,0,D20,train
Japan_010514.jpg,0,1,1,0,D10+D20,train
Japan_000662.jpg,0,0,1,1,D20+D40,train
Japan_007320.jpg,1,0,1,0,D00+D20,train
Japan_011027.jpg,0,1,1,0,D10+D20,train
Japan_009849.jpg,0,0,0,0,NONE,train
Japan_003781.jpg,0,1,1,0,D10+D20,train
Japan_012921.jpg,1,0,1,0,D00+D20,train
Japan_009850.jpg,0,0,1,0,D20,train
Japan_007529.jpg,0,0,1,0,D20,train
Japan_001730.jpg,0,1,1,0,D10+D20,train
Japan_003842.jpg,0,0,0,0,NONE,train
Japan_010422.jpg,0,0,1,1,D20+D40,train
Japan_004843.jpg,0,0,1,0,D20,train
Japan_004864.jpg,0,0,1,1,D20+D40,train
Japan_000204.jpg,0,0,1,0,D20,train
Japan_008992.jpg,1,0,0,0,D00,train
Japan_004867.jpg,0,1,1,0,D10+D20,train
Japan_007779.jpg,0,0,1,1,D20+D40,train
Japan_002512.jpg,0,0,1,0,D20,train
Japan_009839.jpg,1,1,0,0,D00+D10,train
Japan_004525.jpg,0,0,0,0,NONE,train
Japan_000864.jpg,0,1,0,0,D10,train
Japan_007998.jpg,0,0,0,0,NONE,train
Japan_012435.jpg,1,0,0,0,D00,train
Japan_005270.jpg,0,0,0,1,D40,train
Japan_010729.jpg,1,1,0,0,D00+D10,train
Japan_005243.jpg,0,1,1,0,D10+D20,train
Japan_001532.jpg,1,0,0,0,D00,train
Japan_006793.jpg,0,0,1,0,D20,train
Japan_008846.jpg,1,1,1,0,D00+D10+D20,train
Japan_003440.jpg,0,0,1,0,D20,train
Japan_002256.jpg,0,1,1,0,D10+D20,train
Japan_011956.jpg,1,1,0,0,D00+D10,train
Japan_002443.jpg,1,0,0,0,D00,train
Japan_011916.jpg,0,1,0,0,D10,train
Japan_000383.jpg,0,0,0,1,D40,train
Japan_011091.jpg,1,0,1,0,D00+D20,train
Japan_002201.jpg,1,0,0,0,D00,train
Japan_009028.jpg,0,1,0,0,D10,train
Japan_005575.jpg,0,0,1,0,D20,train
Japan_001823.jpg,1,0,0,0,D00,train
Japan_000029.jpg,0,0,0,0,NONE,train
Japan_006500.jpg,1,0,0,0,D00,train
Japan_012407.jpg,0,0,0,0,NONE,train
Japan_009557.jpg,0,0,0,0,NONE,train
Japan_003718.jpg,1,0,0,0,D00,train
Japan_010372.jpg,0,0,1,0,D20,train
Japan_007352.jpg,0,0,1,0,D20,train
Japan_004844.jpg,0,0,0,0,NONE,train
Japan_004742.jpg,1,0,0,0,D00,train
Japan_003278.jpg,0,0,0,0,NONE,train
Japan_001962.jpg,1,0,1,0,D00+D20,train
Japan_006222.jpg,0,0,0,0,NONE,train
Japan_012918.jpg,0,0,0,0,NONE,train
Japan_000002.jpg,0,0,0,0,NONE,train
Japan_004082.jpg,1,0,0,0,D00,train
Japan_003532.jpg,1,0,0,0,D00,train
Japan_005066.jpg,1,0,1,0,D00+D20,train
Japan_008875.jpg,0,0,0,0,NONE,train
Japan_009847.jpg,0,0,0,0,NONE,train
Japan_004544.jpg,0,0,1,0,D20,train
Japan_001953.jpg,0,0,1,0,D20,train
Japan_003488.jpg,0,0,0,0,NONE,train
Japan_002154.jpg,0,0,1,1,D20+D40,train
Japan_007287.jpg,0,0,1,0,D20,train
Japan_012186.jpg,0,0,0,0,NONE,train
Japan_012763.jpg,0,1,0,1,D10+D40,train
Japan_001351.jpg,0,0,0,1,D40,train
Japan_012994.jpg,0,0,1,0,D20,train
Japan_011477.jpg,0,0,0,0,NONE,train
Japan_004783.jpg,1,0,0,0,D00,train
Japan_013073.jpg,0,0,0,1,D40,train
Japan_006368.jpg,0,0,0,0,NONE,train
Japan_008158.jpg,0,0,1,0,D20,train
Japan_002550.jpg,0,0,0,0,NONE,train
Japan_002913.jpg,1,0,1,0,D00+D20,train
Japan_002497.jpg,1,1,1,0,D00+D10+D20,train
Japan_006415.jpg,1,0,0,0,D00,train
Japan_005220.jpg,0,1,0,0,D10,train
Japan_000175.jpg,0,0,0,0,NONE,train
Japan_006373.jpg,0,0,0,0,NONE,train
Japan_004753.jpg,0,0,0,0,NONE,train
Japan_008211.jpg,0,0,1,0,D20,train
Japan_001649.jpg,0,0,0,1,D40,train
Japan_010107.jpg,0,1,1,0,D10+D20,train
Japan_012595.jpg,1,0,0,0,D00,train
Japan_006612.jpg,0,1,0,0,D10,train
Japan_003449.jpg,1,0,0,0,D00,train
Japan_012765.jpg,1,0,0,0,D00,train
Japan_011109.jpg,0,0,1,0,D20,train
Japan_012161.jpg,1,0,0,0,D00,train
Japan_005130.jpg,0,0,0,1,D40,train
Japan_010642.jpg,0,1,0,0,D10,train
Japan_010376.jpg,0,0,0,1,D40,train
Japan_004390.jpg,0,0,0,0,NONE,train
Japan_009298.jpg,0,0,1,0,D20,train
Japan_010236.jpg,0,0,1,0,D20,train
Japan_011279.jpg,1,1,1,1,D00+D10+D20+D40,train
Japan_009262.jpg,1,1,0,1,D00+D10+D40,train
Japan_008021.jpg,1,0,0,0,D00,train
Japan_001046.jpg,0,0,0,0,NONE,train
Japan_004428.jpg,1,1,0,0,D00+D10,train
Japan_000230.jpg,0,0,0,0,NONE,train
Japan_008991.jpg,1,0,0,0,D00,train
Japan_008662.jpg,0,0,1,0,D20,train
Japan_008863.jpg,0,0,0,0,NONE,train
Japan_011497.jpg,1,0,0,0,D00,train
Japan_010051.jpg,1,0,1,0,D00+D20,train
Japan_002631.jpg,0,0,0,0,NONE,train
Japan_011722.jpg,0,0,0,0,NONE,train
Japan_001396.jpg,1,1,0,0,D00+D10,train
Japan_012011.jpg,1,0,0,0,D00,train
Japan_006645.jpg,1,1,0,0,D00+D10,train
Japan_009067.jpg,1,0,0,0,D00,train
Japan_010653.jpg,0,0,1,0,D20,train
Japan_003257.jpg,1,1,1,0,D00+D10+D20,train
Japan_009040.jpg,1,1,0,0,D00+D10,train
Japan_012399.jpg,0,0,1,1,D20+D40,train
Japan_007342.jpg,0,0,1,0,D20,train
Japan_009443.jpg,1,0,0,0,D00,train
Japan_009095.jpg,1,1,1,0,D00+D10+D20,train
Japan_009935.jpg,0,0,1,1,D20+D40,train
Japan_004731.jpg,0,0,1,0,D20,train
Japan_008469.jpg,1,0,0,0,D00,train
Japan_011603.jpg,0,1,0,0,D10,train
Japan_011460.jpg,0,0,0,0,NONE,train
Japan_011697.jpg,1,1,1,0,D00+D10+D20,train
Japan_002171.jpg,0,0,0,0,NONE,train
Japan_006703.jpg,0,0,0,0,NONE,train
Japan_008814.jpg,1,0,0,0,D00,train
Japan_010900.jpg,0,0,1,0,D20,train
Japan_008347.jpg,1,1,0,0,D00+D10,train
Japan_007272.jpg,1,0,1,1,D00+D20+D40,train
Japan_005188.jpg,0,0,0,1,D40,train
Japan_001763.jpg,0,1,1,0,D10+D20,train
Japan_004716.jpg,0,0,1,1,D20+D40,train
Japan_008738.jpg,0,0,0,0,NONE,train
Japan_012141.jpg,0,0,0,0,NONE,train
Japan_000658.jpg,0,1,0,0,D10,train
Japan_005274.jpg,0,1,1,0,D10+D20,train
Japan_004424.jpg,0,0,0,0,NONE,train
Japan_010149.jpg,0,0,1,0,D20,train
Japan_012055.jpg,1,1,1,0,D00+D10+D20,train
Japan_011255.jpg,1,1,0,0,D00+D10,train
Japan_010497.jpg,0,0,0,0,NONE,train
Japan_007101.jpg,0,0,1,0,D20,train
Japan_004925.jpg,0,1,0,0,D10,train
Japan_000712.jpg,0,0,0,0,NONE,train
Japan_011182.jpg,0,0,1,0,D20,train
Japan_009220.jpg,0,0,1,0,D20,train
Japan_011807.jpg,0,0,0,0,NONE,train
Japan_007886.jpg,0,0,1,0,D20,train
Japan_005932.jpg,0,1,0,0,D10,train
Japan_009974.jpg,0,0,0,0,NONE,train
Japan_006918.jpg,0,1,0,0,D10,train
Japan_007739.jpg,1,0,0,0,D00,train
Japan_002427.jpg,0,0,1,0,D20,train
Japan_003802.jpg,1,1,1,0,D00+D10+D20,train
Japan_007600.jpg,0,0,1,1,D20+D40,train
Japan_002223.jpg,0,0,1,0,D20,train
Japan_009942.jpg,1,1,0,0,D00+D10,train
Japan_000140.jpg,0,0,1,0,D20,train
Japan_007865.jpg,1,0,0,0,D00,train
Japan_007820.jpg,0,0,1,1,D20+D40,train
Japan_009094.jpg,0,0,1,1,D20+D40,train
Japan_007151.jpg,0,0,0,0,NONE,train
Japan_004726.jpg,0,0,1,0,D20,train
Japan_009107.jpg,0,1,1,0,D10+D20,train
Japan_003884.jpg,0,0,1,0,D20,train
Japan_012181.jpg,0,0,0,0,NONE,train
Japan_004003.jpg,0,0,0,0,NONE,train
Japan_005218.jpg,0,0,1,0,D20,train
Japan_004822.jpg,0,0,1,1,D20+D40,train
Japan_002582.jpg,0,0,1,0,D20,train
Japan_002188.jpg,0,0,0,1,D40,train
Japan_006725.jpg,0,0,1,0,D20,train
Japan_010116.jpg,0,0,1,0,D20,train
Japan_008349.jpg,1,0,1,0,D00+D20,train
Japan_012669.jpg,1,1,1,0,D00+D10+D20,train
Japan_000242.jpg,0,0,1,0,D20,train
Japan_011114.jpg,1,0,1,0,D00+D20,train
Japan_010614.jpg,0,0,0,0,NONE,train
Japan_000983.jpg,0,0,1,0,D20,train
Japan_002134.jpg,0,0,1,0,D20,train
Japan_009103.jpg,1,1,0,0,D00+D10,train
Japan_010738.jpg,0,0,1,0,D20,train
Japan_012333.jpg,0,0,1,0,D20,train
Japan_000450.jpg,0,0,0,0,NONE,train
Japan_012636.jpg,0,0,1,0,D20,train
Japan_001830.jpg,0,0,0,0,NONE,train
Japan_006625.jpg,0,0,1,0,D20,train
Japan_008945.jpg,0,0,1,0,D20,train
Japan_000325.jpg,0,0,1,0,D20,train
Japan_002238.jpg,1,0,0,0,D00,train
Japan_004901.jpg,1,0,0,0,D00,train
Japan_005615.jpg,0,1,1,0,D10+D20,train
Japan_002776.jpg,0,0,0,0,NONE,train
Japan_012965.jpg,0,1,0,0,D10,train
Japan_000942.jpg,0,0,0,0,NONE,train
Japan_001831.jpg,0,0,0,0,NONE,train
Japan_009602.jpg,0,0,0,0,NONE,train
Japan_006063.jpg,0,0,1,0,D20,train
Japan_004569.jpg,0,0,1,0,D20,train
Japan_001566.jpg,0,0,0,1,D40,train
Japan_003666.jpg,0,0,0,0,NONE,train
Japan_006265.jpg,0,0,1,0,D20,train
Japan_011637.jpg,1,0,0,0,D00,train
Japan_007077.jpg,0,0,1,0,D20,train
Japan_000076.jpg,1,0,0,0,D00,train
Japan_006779.jpg,0,1,1,0,D10+D20,train
Japan_002370.jpg,0,0,0,0,NONE,train
Japan_012623.jpg,0,0,1,0,D20,train
Japan_011382.jpg,1,1,1,0,D00+D10+D20,train
Japan_004630.jpg,1,1,0,0,D00+D10,train
Japan_002666.jpg,0,0,1,0,D20,train
Japan_004329.jpg,1,1,0,0,D00+D10,train
Japan_008479.jpg,0,0,0,0,NONE,train
Japan_005008.jpg,0,0,1,0,D20,train
Japan_005936.jpg,0,0,0,1,D40,train
Japan_012485.jpg,0,0,1,0,D20,train
Japan_012336.jpg,1,0,1,0,D00+D20,train
Japan_008057.jpg,1,1,1,0,D00+D10+D20,train
Japan_013112.jpg,0,0,1,1,D20+D40,train
Japan_011253.jpg,0,0,0,0,NONE,train
Japan_007933.jpg,0,1,0,0,D10,train
Japan_003336.jpg,0,0,0,0,NONE,train
Japan_009090.jpg,0,0,0,0,NONE,train
Japan_012310.jpg,1,0,0,0,D00,train
Japan_000916.jpg,0,0,0,0,NONE,train
Japan_012696.jpg,1,1,0,0,D00+D10,train
Japan_006555.jpg,0,0,1,1,D20+D40,train
Japan_006007.jpg,1,0,0,0,D00,train
Japan_010402.jpg,0,0,0,1,D40,train
Japan_005141.jpg,1,0,0,0,D00,train
Japan_011562.jpg,1,0,0,0,D00,train
Japan_006930.jpg,0,1,0,0,D10,train
Japan_000931.jpg,1,0,0,0,D00,train
Japan_000364.jpg,0,0,1,1,D20+D40,train
Japan_001002.jpg,1,1,0,0,D00+D10,train
Japan_012068.jpg,0,0,0,0,NONE,train
Japan_008327.jpg,0,0,1,0,D20,train
Japan_000896.jpg,0,1,1,0,D10+D20,train
Japan_007314.jpg,0,0,0,0,NONE,train
Japan_004451.jpg,0,0,0,0,NONE,train
Japan_010128.jpg,0,1,1,0,D10+D20,train
Japan_001216.jpg,0,0,1,1,D20+D40,train
Japan_006204.jpg,1,1,1,0,D00+D10+D20,train
Japan_011972.jpg,0,0,0,0,NONE,train
Japan_006391.jpg,1,1,1,0,D00+D10+D20,train
Japan_012567.jpg,0,0,0,0,NONE,train
Japan_002796.jpg,0,0,1,0,D20,train
Japan_006429.jpg,1,0,0,0,D00,train
Japan_012602.jpg,0,1,1,0,D10+D20,train
Japan_002843.jpg,0,0,1,0,D20,train
Japan_007728.jpg,0,0,1,0,D20,train
Japan_002680.jpg,0,0,0,0,NONE,train
Japan_005829.jpg,0,0,0,0,NONE,train
Japan_011676.jpg,0,1,0,0,D10,train
Japan_000694.jpg,0,0,1,0,D20,train
Japan_008115.jpg,0,0,0,0,NONE,train
Japan_000920.jpg,1,0,1,0,D00+D20,train
Japan_001236.jpg,0,1,1,0,D10+D20,train
Japan_001482.jpg,0,0,0,0,NONE,train
Japan_001252.jpg,0,0,1,1,D20+D40,train
Japan_010574.jpg,1,0,0,0,D00,train
Japan_004296.jpg,0,0,0,1,D40,train
Japan_009791.jpg,1,0,0,0,D00,train
Japan_005974.jpg,0,0,1,0,D20,train
Japan_012695.jpg,0,0,0,0,NONE,train
Japan_000358.jpg,0,0,0,0,NONE,train
Japan_003849.jpg,0,0,1,0,D20,train
Japan_010868.jpg,0,1,1,0,D10+D20,train
Japan_006752.jpg,1,0,0,0,D00,train
Japan_010713.jpg,1,0,0,0,D00,train
Japan_005186.jpg,0,1,1,0,D10+D20,train
Japan_010138.jpg,0,1,1,0,D10+D20,train
Japan_002493.jpg,1,0,0,0,D00,train
Japan_010102.jpg,1,0,1,0,D00+D20,train
Japan_001358.jpg,0,0,0,0,NONE,train
Japan_012656.jpg,1,1,0,0,D00+D10,train
Japan_002624.jpg,0,0,1,0,D20,train
Japan_006971.jpg,0,1,1,0,D10+D20,train
Japan_002983.jpg,0,0,0,0,NONE,train
Japan_012481.jpg,0,0,1,0,D20,train
Japan_009178.jpg,1,1,1,0,D00+D10+D20,train
Japan_005049.jpg,0,0,1,0,D20,train
Japan_009993.jpg,0,0,1,0,D20,train
Japan_002707.jpg,1,0,0,0,D00,train
Japan_002014.jpg,1,0,0,0,D00,train
Japan_012131.jpg,0,0,0,1,D40,train
Japan_003495.jpg,0,1,1,0,D10+D20,train
Japan_006956.jpg,0,1,0,0,D10,train
Japan_011935.jpg,0,0,0,0,NONE,train
Japan_011402.jpg,0,0,1,0,D20,train
Japan_001139.jpg,0,0,1,0,D20,train
Japan_000154.jpg,0,1,0,0,D10,train
Japan_006958.jpg,1,0,1,0,D00+D20,train
Japan_005494.jpg,0,0,1,0,D20,train
Japan_013117.jpg,0,0,0,0,NONE,train
Japan_009821.jpg,0,0,0,0,NONE,train
Japan_009297.jpg,0,0,1,0,D20,train
Japan_005362.jpg,0,0,1,0,D20,train
Japan_009070.jpg,1,0,1,0,D00+D20,train
Japan_007016.jpg,0,0,0,0,NONE,train
Japan_009510.jpg,1,0,0,0,D00,train
Japan_006903.jpg,0,1,1,0,D10+D20,train
Japan_007374.jpg,1,0,0,1,D00+D40,train
Japan_007252.jpg,0,0,1,0,D20,train
Japan_000332.jpg,0,0,1,1,D20+D40,train
Japan_008302.jpg,0,0,1,0,D20,train
Japan_010954.jpg,1,0,0,0,D00,train
Japan_007186.jpg,0,0,1,0,D20,train
Japan_007625.jpg,0,0,1,0,D20,train
Japan_011582.jpg,0,0,0,0,NONE,train
Japan_008872.jpg,0,0,1,0,D20,train
Japan_011055.jpg,1,0,1,1,D00+D20+D40,train
Japan_012226.jpg,0,0,1,1,D20+D40,train
Japan_002144.jpg,1,0,0,0,D00,train
Japan_003952.jpg,0,1,1,0,D10+D20,train
Japan_009068.jpg,0,0,1,0,D20,train
Japan_000409.jpg,1,0,1,0,D00+D20,train
Japan_005303.jpg,1,0,1,0,D00+D20,train
Japan_003256.jpg,1,1,0,0,D00+D10,train
Japan_001438.jpg,1,0,0,0,D00,train
Japan_004466.jpg,1,1,0,0,D00+D10,train
Japan_007759.jpg,1,0,0,0,D00,train
Japan_010464.jpg,0,0,1,1,D20+D40,train
Japan_004276.jpg,0,0,0,0,NONE,train
Japan_008938.jpg,1,0,0,0,D00,train
Japan_010944.jpg,0,0,0,1,D40,train
Japan_003970.jpg,1,1,0,0,D00+D10,train
Japan_006864.jpg,0,1,0,0,D10,train
Japan_010657.jpg,1,1,1,0,D00+D10+D20,train
Japan_012715.jpg,1,1,0,0,D00+D10,train
Japan_007696.jpg,0,0,1,0,D20,train
Japan_007974.jpg,0,0,1,0,D20,train
Japan_007341.jpg,1,1,0,0,D00+D10,train
Japan_004711.jpg,0,0,0,0,NONE,train
Japan_003943.jpg,1,0,0,0,D00,train
Japan_008779.jpg,0,1,1,1,D10+D20+D40,train
Japan_012785.jpg,0,0,1,1,D20+D40,train
Japan_012842.jpg,0,0,0,0,NONE,train
Japan_008234.jpg,1,0,1,0,D00+D20,train
Japan_002460.jpg,0,0,0,0,NONE,train
Japan_004908.jpg,0,0,1,1,D20+D40,train
Japan_011641.jpg,0,1,0,0,D10,train
Japan_007259.jpg,0,0,1,0,D20,train
Japan_004336.jpg,0,0,0,0,NONE,train
Japan_004449.jpg,0,0,1,0,D20,train
Japan_002187.jpg,0,0,0,0,NONE,train
Japan_007371.jpg,0,0,0,1,D40,train
Japan_003684.jpg,0,0,1,1,D20+D40,train
Japan_008865.jpg,0,0,0,0,NONE,train
Japan_005728.jpg,0,0,1,0,D20,train
Japan_012964.jpg,0,0,1,1,D20+D40,train
Japan_011487.jpg,1,0,0,0,D00,train
Japan_005167.jpg,0,0,0,0,NONE,train
Japan_004547.jpg,1,0,0,0,D00,train
Japan_009082.jpg,0,0,0,0,NONE,train
Japan_005493.jpg,0,0,0,0,NONE,train
Japan_009404.jpg,1,0,1,0,D00+D20,train
Japan_011774.jpg,0,0,0,0,NONE,train
Japan_006395.jpg,0,0,0,0,NONE,train
Japan_005421.jpg,1,0,0,0,D00,train
Japan_008975.jpg,1,0,1,0,D00+D20,train
Japan_000063.jpg,1,0,0,0,D00,train
Japan_010841.jpg,0,0,1,0,D20,train
Japan_007103.jpg,0,0,0,0,NONE,train
Japan_008596.jpg,0,0,1,0,D20,train
Japan_011428.jpg,1,1,1,0,D00+D10+D20,train
Japan_000901.jpg,1,0,0,0,D00,train
Japan_011915.jpg,0,0,1,0,D20,train
Japan_012037.jpg,0,0,0,0,NONE,train
Japan_013031.jpg,1,0,0,0,D00,train
Japan_006307.jpg,0,0,1,0,D20,train
Japan_011046.jpg,0,0,0,0,NONE,train
Japan_000291.jpg,0,0,0,1,D40,train
Japan_005591.jpg,0,0,1,0,D20,train
Japan_012385.jpg,0,0,1,0,D20,train
Japan_008155.jpg,0,0,1,1,D20+D40,train
Japan_005466.jpg,0,0,0,0,NONE,train
Japan_003466.jpg,1,0,0,0,D00,train
Japan_002966.jpg,0,0,1,0,D20,train
Japan_012311.jpg,0,0,0,0,NONE,train
Japan_001059.jpg,0,0,1,0,D20,train
Japan_011695.jpg,0,0,0,0,NONE,train
Japan_006803.jpg,0,0,0,0,NONE,train
Japan_000481.jpg,0,0,0,0,NONE,train
Japan_007413.jpg,1,0,0,0,D00,train
Japan_000090.jpg,0,0,0,1,D40,train
Japan_004460.jpg,0,0,0,0,NONE,train
Japan_011953.jpg,0,0,0,0,NONE,train
Japan_006314.jpg,1,1,0,0,D00+D10,train
Japan_000375.jpg,0,1,0,0,D10,train
Japan_009021.jpg,0,0,1,0,D20,train
Japan_009774.jpg,0,0,0,0,NONE,train
Japan_007214.jpg,0,0,1,0,D20,train
Japan_009022.jpg,1,1,0,0,D00+D10,train
Japan_012415.jpg,0,0,1,0,D20,train
Japan_002162.jpg,0,0,0,0,NONE,train
Japan_010894.jpg,1,0,1,0,D00+D20,train
Japan_001395.jpg,0,0,1,0,D20,train
Japan_011311.jpg,0,1,0,1,D10+D40,train
Japan_003575.jpg,0,1,1,0,D10+D20,train
Japan_008858.jpg,0,0,1,0,D20,train
Japan_007110.jpg,0,0,0,0,NONE,train
Japan_002511.jpg,1,0,1,0,D00+D20,train
Japan_010445.jpg,1,1,1,0,D00+D10+D20,train
Japan_003637.jpg,0,1,0,0,D10,train
Japan_005444.jpg,0,0,0,0,NONE,train
Japan_008055.jpg,0,0,0,0,NONE,train
Japan_005720.jpg,0,0,1,0,D20,train
Japan_012685.jpg,0,1,1,0,D10+D20,train
Japan_007744.jpg,0,0,0,0,NONE,train
Japan_005774.jpg,0,1,0,1,D10+D40,train
Japan_012234.jpg,0,0,0,0,NONE,train
Japan_009995.jpg,0,0,0,0,NONE,train
Japan_008960.jpg,1,1,0,0,D00+D10,train
Japan_011415.jpg,0,1,1,0,D10+D20,train
Japan_006226.jpg,0,0,0,0,NONE,train
Japan_006522.jpg,0,0,0,0,NONE,train
Japan_006292.jpg,0,0,1,0,D20,train
Japan_006910.jpg,0,0,0,0,NONE,train
Japan_011207.jpg,0,0,1,1,D20+D40,train
Japan_012897.jpg,0,0,0,0,NONE,train
Japan_003877.jpg,0,0,1,0,D20,train
Japan_011244.jpg,0,1,0,0,D10,train
Japan_006807.jpg,1,0,0,0,D00,train
Japan_001765.jpg,0,0,1,1,D20+D40,train
Japan_003376.jpg,0,0,0,0,NONE,train
Japan_004514.jpg,0,0,1,1,D20+D40,train
Japan_010613.jpg,0,0,0,0,NONE,train
Japan_004687.jpg,0,0,1,0,D20,train
Japan_012714.jpg,1,0,1,0,D00+D20,train
Japan_006722.jpg,0,0,0,0,NONE,train
Japan_001623.jpg,0,0,1,0,D20,train
Japan_001678.jpg,0,1,1,1,D10+D20+D40,train
Japan_012943.jpg,0,0,0,1,D40,train
Japan_010528.jpg,0,0,1,1,D20+D40,train
Japan_007698.jpg,1,1,1,0,D00+D10+D20,train
Japan_000507.jpg,1,0,0,0,D00,train
Japan_001724.jpg,0,0,0,1,D40,train
Japan_012479.jpg,1,0,0,0,D00,train
Japan_002841.jpg,1,0,0,0,D00,train
Japan_007639.jpg,0,0,1,0,D20,train
Japan_006179.jpg,0,0,0,0,NONE,train
Japan_006884.jpg,0,0,1,0,D20,train
Japan_012429.jpg,0,0,1,1,D20+D40,train
Japan_009118.jpg,1,0,1,0,D00+D20,train
Japan_001740.jpg,0,0,1,0,D20,train
Japan_000093.jpg,0,0,1,0,D20,train
Japan_010334.jpg,1,1,0,0,D00+D10,train
Japan_000014.jpg,1,0,0,0,D00,train
Japan_000495.jpg,0,0,0,0,NONE,train
Japan_007459.jpg,0,0,1,0,D20,train
Japan_004385.jpg,1,1,1,0,D00+D10+D20,train
Japan_007382.jpg,1,0,0,0,D00,train
Japan_007765.jpg,1,0,0,0,D00,train
Japan_002845.jpg,1,0,0,0,D00,train
Japan_013069.jpg,0,0,0,1,D40,train
Japan_010784.jpg,0,0,1,0,D20,train
Japan_000269.jpg,1,1,1,0,D00+D10+D20,train
Japan_007377.jpg,0,0,0,0,NONE,train
Japan_012198.jpg,0,1,1,0,D10+D20,train
Japan_003520.jpg,0,0,1,1,D20+D40,train
Japan_004288.jpg,1,0,0,0,D00,train
Japan_007862.jpg,0,0,0,0,NONE,train
Japan_010384.jpg,0,0,1,0,D20,train
Japan_008483.jpg,1,0,0,0,D00,train
Japan_011299.jpg,1,1,0,0,D00+D10,train
Japan_006136.jpg,1,0,1,0,D00+D20,train
Japan_012712.jpg,0,0,0,0,NONE,train
Japan_004022.jpg,0,0,1,0,D20,train
Japan_000800.jpg,0,1,1,1,D10+D20+D40,train
Japan_009776.jpg,0,0,1,1,D20+D40,train
Japan_000034.jpg,1,0,1,0,D00+D20,train
Japan_001288.jpg,1,0,1,0,D00+D20,train
Japan_012571.jpg,1,1,1,0,D00+D10+D20,train
Japan_004517.jpg,0,0,1,0,D20,train
Japan_001192.jpg,0,0,0,0,NONE,train
Japan_000824.jpg,0,1,0,0,D10,train
Japan_004420.jpg,0,0,0,0,NONE,train
Japan_008112.jpg,0,0,1,0,D20,train
Japan_000724.jpg,1,1,0,0,D00+D10,train
Japan_007128.jpg,0,0,1,0,D20,train
Japan_004614.jpg,0,0,0,0,NONE,train
Japan_008383.jpg,0,0,0,1,D40,train
Japan_003267.jpg,1,0,0,0,D00,train
Japan_007097.jpg,0,0,0,0,NONE,train
Japan_011288.jpg,0,0,0,1,D40,train
Japan_008199.jpg,0,0,1,0,D20,train
Japan_008250.jpg,0,0,1,0,D20,train
Japan_007819.jpg,1,0,0,0,D00,train
Japan_008815.jpg,1,1,0,0,D00+D10,train
Japan_000478.jpg,0,1,0,0,D10,train
Japan_006567.jpg,0,0,1,1,D20+D40,train
Japan_008657.jpg,0,0,1,0,D20,train
Japan_002894.jpg,0,0,0,0,NONE,train
Japan_007657.jpg,0,1,0,0,D10,train
Japan_003627.jpg,0,0,0,1,D40,train
Japan_000791.jpg,0,0,1,0,D20,train
Japan_005588.jpg,0,0,1,0,D20,train
Japan_009668.jpg,1,1,0,1,D00+D10+D40,train
Japan_004105.jpg,0,0,0,0,NONE,train
Japan_002349.jpg,0,0,1,0,D20,train
Japan_012829.jpg,0,0,1,1,D20+D40,train
Japan_006386.jpg,0,0,1,0,D20,train
Japan_010620.jpg,1,0,0,0,D00,train
Japan_004422.jpg,0,1,0,0,D10,train
Japan_008672.jpg,1,1,0,0,D00+D10,train
Japan_008622.jpg,0,0,1,0,D20,train
Japan_010269.jpg,0,0,1,0,D20,train
Japan_008891.jpg,0,0,1,0,D20,train
Japan_002007.jpg,0,0,0,0,NONE,train
Japan_010062.jpg,0,1,1,0,D10+D20,train
Japan_012684.jpg,0,1,1,0,D10+D20,train
Japan_003389.jpg,0,0,0,1,D40,train
Japan_000741.jpg,0,1,0,0,D10,train
Japan_011838.jpg,0,1,1,0,D10+D20,train
Japan_009587.jpg,0,0,1,0,D20,train
Japan_004965.jpg,0,0,1,0,D20,train
Japan_001556.jpg,1,0,0,0,D00,train
Japan_005364.jpg,0,0,0,1,D40,train
Japan_010320.jpg,0,1,0,0,D10,train
Japan_001366.jpg,0,0,0,0,NONE,train
Japan_008580.jpg,0,0,0,0,NONE,train
Japan_007789.jpg,0,0,0,0,NONE,train
Japan_011810.jpg,1,0,0,0,D00,train
Japan_000717.jpg,1,1,0,0,D00+D10,train
Japan_010739.jpg,0,0,0,1,D40,train
Japan_009784.jpg,0,0,0,1,D40,train
Japan_003752.jpg,0,0,0,0,NONE,train
Japan_002175.jpg,1,0,0,0,D00,train
Japan_007887.jpg,1,1,0,0,D00+D10,train
Japan_001853.jpg,0,0,1,1,D20+D40,train
Japan_003716.jpg,0,0,1,0,D20,train
Japan_002739.jpg,0,0,1,0,D20,train
Japan_004020.jpg,0,0,0,0,NONE,train
Japan_012320.jpg,0,0,0,0,NONE,train
Japan_012590.jpg,0,0,0,1,D40,train
Japan_000802.jpg,0,0,0,1,D40,train
Japan_011076.jpg,1,0,1,0,D00+D20,train
Japan_000435.jpg,0,0,1,0,D20,train
Japan_012720.jpg,0,0,1,0,D20,train
Japan_005710.jpg,0,0,0,0,NONE,train
Japan_003143.jpg,0,1,0,0,D10,train
Japan_005922.jpg,0,0,0,0,NONE,train
Japan_007493.jpg,0,0,0,0,NONE,train
Japan_009619.jpg,1,0,0,0,D00,train
Japan_006681.jpg,0,0,1,0,D20,train
Japan_009344.jpg,0,0,1,0,D20,train
Japan_008337.jpg,1,1,0,0,D00+D10,train
Japan_010804.jpg,0,0,0,0,NONE,train
Japan_003269.jpg,0,0,1,0,D20,train
Japan_004182.jpg,0,0,1,0,D20,train
Japan_007278.jpg,0,0,0,0,NONE,train
Japan_004338.jpg,0,0,0,0,NONE,train
Japan_011246.jpg,0,0,0,1,D40,train
Japan_003926.jpg,0,0,1,0,D20,train
Japan_007532.jpg,0,0,0,0,NONE,train
Japan_006736.jpg,0,0,0,0,NONE,train
Japan_003714.jpg,0,1,1,0,D10+D20,train
Japan_011738.jpg,0,0,1,0,D20,train
Japan_001169.jpg,0,1,1,0,D10+D20,train
Japan_002688.jpg,0,0,1,1,D20+D40,train
Japan_011971.jpg,0,0,1,0,D20,train
Japan_006968.jpg,0,0,1,1,D20+D40,train
Japan_004115.jpg,0,1,1,0,D10+D20,train
Japan_007738.jpg,0,0,0,0,NONE,train
Japan_005441.jpg,0,0,0,0,NONE,train
Japan_009099.jpg,0,0,0,0,NONE,train
Japan_008889.jpg,0,1,1,0,D10+D20,train
Japan_000032.jpg,1,0,1,0,D00+D20,train
Japan_006442.jpg,0,0,1,0,D20,train
Japan_002610.jpg,0,0,0,0,NONE,train
Japan_005316.jpg,0,0,1,0,D20,train
Japan_005003.jpg,0,0,1,0,D20,train
Japan_008435.jpg,1,1,1,0,D00+D10+D20,train
Japan_010615.jpg,1,0,0,0,D00,train
Japan_005386.jpg,1,0,0,0,D00,train
Japan_005648.jpg,0,0,1,0,D20,train
Japan_006036.jpg,0,0,0,0,NONE,train
Japan_012319.jpg,0,0,1,0,D20,train
Japan_012356.jpg,1,0,0,0,D00,train
Japan_004137.jpg,0,0,1,0,D20,train
Japan_002377.jpg,0,0,1,1,D20+D40,train
Japan_002556.jpg,1,1,1,0,D00+D10+D20,train
Japan_001459.jpg,0,0,1,0,D20,train
Japan_005526.jpg,1,0,0,0,D00,train
Japan_004642.jpg,0,0,1,0,D20,train
Japan_006559.jpg,0,0,0,0,NONE,train
Japan_011005.jpg,0,0,0,0,NONE,train
Japan_011187.jpg,0,1,0,0,D10,train
Japan_000164.jpg,1,0,1,0,D00+D20,train
Japan_004440.jpg,1,0,1,1,D00+D20+D40,train
Japan_007089.jpg,1,1,0,0,D00+D10,train
Japan_012204.jpg,0,0,1,0,D20,train
Japan_000751.jpg,0,0,1,0,D20,train
Japan_005152.jpg,0,0,1,0,D20,train
Japan_011754.jpg,0,0,0,0,NONE,train
Japan_011145.jpg,0,1,0,0,D10,train
Japan_005330.jpg,1,0,0,0,D00,train
Japan_010174.jpg,0,0,1,0,D20,train
Japan_005111.jpg,0,0,1,0,D20,train
Japan_007540.jpg,1,0,1,1,D00+D20+D40,train
Japan_003683.jpg,1,0,0,0,D00,train
Japan_007199.jpg,1,0,0,0,D00,train
Japan_011903.jpg,0,0,1,1,D20+D40,train
Japan_012865.jpg,0,0,0,0,NONE,train
Japan_000410.jpg,0,0,1,0,D20,train
Japan_011248.jpg,0,0,0,1,D40,train
Japan_007821.jpg,1,0,1,1,D00+D20+D40,train
Japan_004202.jpg,0,0,0,0,NONE,train
Japan_003377.jpg,0,0,1,0,D20,train
Japan_003113.jpg,0,1,0,0,D10,train
Japan_010509.jpg,0,0,1,0,D20,train
Japan_007695.jpg,0,0,1,0,D20,train
Japan_008298.jpg,0,0,1,1,D20+D40,train
Japan_012914.jpg,1,0,0,0,D00,train
Japan_009083.jpg,1,0,0,0,D00,train
Japan_012754.jpg,0,0,1,1,D20+D40,train
Japan_008321.jpg,0,0,1,0,D20,train
Japan_001818.jpg,0,1,0,0,D10,train
Japan_011657.jpg,1,0,0,0,D00,train
Japan_007010.jpg,1,1,1,0,D00+D10+D20,train
Japan_008063.jpg,0,0,1,0,D20,train
Japan_008410.jpg,0,0,0,1,D40,train
Japan_002803.jpg,0,1,0,0,D10,train
Japan_010459.jpg,1,0,1,0,D00+D20,train
Japan_010501.jpg,0,0,1,0,D20,train
Japan_012301.jpg,0,1,1,0,D10+D20,train
Japan_011024.jpg,0,0,1,1,D20+D40,train
Japan_001142.jpg,0,0,0,0,NONE,train
Japan_002250.jpg,0,0,1,0,D20,train
Japan_000240.jpg,1,1,1,0,D00+D10+D20,train
Japan_010156.jpg,0,0,1,0,D20,train
Japan_005199.jpg,0,0,1,0,D20,train
Japan_003215.jpg,0,0,0,0,NONE,train
Japan_012000.jpg,0,0,1,0,D20,train
Japan_006578.jpg,0,0,1,0,D20,train
Japan_010845.jpg,0,0,0,1,D40,train
Japan_002751.jpg,0,0,0,0,NONE,train
Japan_009030.jpg,0,0,1,0,D20,train
Japan_005987.jpg,0,0,1,1,D20+D40,train
Japan_012803.jpg,0,1,0,0,D10,train
Japan_009249.jpg,0,0,1,0,D20,train
Japan_004267.jpg,1,0,0,0,D00,train
Japan_007098.jpg,0,0,0,0,NONE,train
Japan_003806.jpg,0,0,1,0,D20,train
Japan_009450.jpg,1,1,0,0,D00+D10,train
Japan_012674.jpg,1,1,0,0,D00+D10,train
Japan_009726.jpg,0,0,1,0,D20,train
Japan_000742.jpg,0,0,0,1,D40,train
Japan_012866.jpg,1,0,1,0,D00+D20,train
Japan_007697.jpg,0,0,1,0,D20,train
Japan_008908.jpg,0,1,1,1,D10+D20+D40,train
Japan_012279.jpg,1,1,0,0,D00+D10,train
Japan_010311.jpg,1,0,1,0,D00+D20,train
Japan_000560.jpg,0,0,0,0,NONE,train
Japan_005616.jpg,0,1,0,0,D10,train
Japan_006216.jpg,0,0,1,1,D20+D40,train
Japan_006731.jpg,0,0,1,1,D20+D40,train
Japan_008019.jpg,1,1,0,0,D00+D10,train
Japan_008365.jpg,0,0,1,0,D20,train
Japan_007074.jpg,0,0,0,0,NONE,train
Japan_012232.jpg,0,0,0,0,NONE,train
Japan_003814.jpg,1,0,1,0,D00+D20,train
Japan_008241.jpg,0,0,0,0,NONE,train
Japan_004968.jpg,0,1,0,0,D10,train
Japan_009091.jpg,0,1,1,0,D10+D20,train
Japan_006037.jpg,1,1,0,0,D00+D10,train
Japan_006298.jpg,0,0,0,0,NONE,train
Japan_001460.jpg,0,0,1,0,D20,train
Japan_008504.jpg,0,1,1,0,D10+D20,train
Japan_008603.jpg,0,0,0,0,NONE,train
Japan_009749.jpg,0,1,1,0,D10+D20,train
Japan_011902.jpg,0,0,0,0,NONE,train
Japan_009869.jpg,0,0,0,0,NONE,train
Japan_000439.jpg,1,1,0,0,D00+D10,train
Japan_001892.jpg,0,0,1,0,D20,train
Japan_012210.jpg,0,0,0,0,NONE,train
Japan_000386.jpg,1,1,0,0,D00+D10,train
Japan_007006.jpg,0,1,0,1,D10+D40,train
Japan_006440.jpg,0,0,1,0,D20,train
Japan_012794.jpg,0,0,1,0,D20,train
Japan_007660.jpg,0,0,0,0,NONE,train
Japan_003608.jpg,0,1,0,0,D10,train
Japan_010005.jpg,0,0,1,1,D20+D40,train
Japan_010237.jpg,0,0,0,0,NONE,train
Japan_001433.jpg,0,0,0,0,NONE,train
Japan_002079.jpg,1,0,0,0,D00,train
Japan_003604.jpg,1,0,1,0,D00+D20,train
Japan_007647.jpg,1,0,0,0,D00,train
Japan_011782.jpg,0,0,0,0,NONE,train
Japan_000807.jpg,0,1,1,0,D10+D20,train
Japan_012852.jpg,0,1,1,1,D10+D20+D40,train
Japan_005719.jpg,0,0,1,0,D20,train
Japan_002103.jpg,1,0,0,0,D00,train
Japan_006712.jpg,1,0,1,0,D00+D20,train
Japan_009906.jpg,0,0,0,0,NONE,train
Japan_006364.jpg,0,0,1,0,D20,train
Japan_003826.jpg,0,0,0,0,NONE,train
Japan_009644.jpg,0,0,1,1,D20+D40,train
Japan_008974.jpg,0,0,0,0,NONE,train
Japan_006405.jpg,0,0,0,1,D40,train
Japan_010869.jpg,0,1,1,0,D10+D20,train
Japan_003963.jpg,0,1,1,0,D10+D20,train
Japan_009406.jpg,0,0,0,0,NONE,train
Japan_002552.jpg,1,1,1,0,D00+D10+D20,train
Japan_004429.jpg,0,0,1,0,D20,train
Japan_008216.jpg,0,0,0,0,NONE,train
Japan_009151.jpg,0,0,0,0,NONE,train
Japan_010318.jpg,0,1,1,0,D10+D20,train
Japan_005818.jpg,0,0,1,0,D20,train
Japan_003073.jpg,0,0,1,0,D20,train
Japan_006520.jpg,0,0,0,0,NONE,train
Japan_006699.jpg,0,0,1,1,D20+D40,train
Japan_007724.jpg,0,0,0,1,D40,train
Japan_001241.jpg,0,0,0,1,D40,train
Japan_004256.jpg,1,1,1,0,D00+D10+D20,train
Japan_000046.jpg,0,0,0,0,NONE,train
Japan_002509.jpg,0,0,0,0,NONE,train
Japan_007050.jpg,1,0,0,0,D00,train
Japan_003034.jpg,0,0,1,0,D20,train
Japan_001713.jpg,1,0,1,0,D00+D20,train
Japan_008864.jpg,1,1,0,0,D00+D10,train
Japan_002838.jpg,0,0,1,0,D20,train
Japan_000631.jpg,0,0,0,0,NONE,train
Japan_006372.jpg,0,0,1,0,D20,train
Japan_009505.jpg,0,0,1,0,D20,train
Japan_000604.jpg,1,0,1,0,D00+D20,train
Japan_000247.jpg,0,0,0,0,NONE,train
Japan_000893.jpg,1,1,0,0,D00+D10,train
Japan_001934.jpg,0,0,0,0,NONE,train
Japan_003895.jpg,1,1,0,0,D00+D10,train
Japan_005679.jpg,1,1,0,0,D00+D10,train
Japan_007661.jpg,0,0,1,0,D20,train
Japan_001190.jpg,0,0,1,0,D20,train
Japan_002283.jpg,0,0,1,0,D20,train
Japan_011400.jpg,1,0,0,0,D00,train
Japan_001311.jpg,1,1,0,0,D00+D10,train
Japan_006183.jpg,0,0,0,0,NONE,train
Japan_006501.jpg,0,0,0,0,NONE,train
Japan_007174.jpg,0,0,0,0,NONE,train
Japan_010843.jpg,0,0,0,1,D40,train
Japan_008079.jpg,0,0,0,1,D40,train
Japan_005871.jpg,0,1,1,1,D10+D20+D40,train
Japan_008734.jpg,0,0,1,1,D20+D40,train
Japan_003062.jpg,0,0,0,0,NONE,train
Japan_003424.jpg,0,1,1,0,D10+D20,train
Japan_000734.jpg,0,0,1,0,D20,train
Japan_000266.jpg,1,0,0,0,D00,train
Japan_004884.jpg,1,0,0,0,D00,train
Japan_008149.jpg,0,0,1,1,D20+D40,train
Japan_004741.jpg,0,1,0,0,D10,train
Japan_009706.jpg,1,1,0,1,D00+D10+D40,train
Japan_000683.jpg,1,1,1,1,D00+D10+D20+D40,train
Japan_010044.jpg,1,1,0,0,D00+D10,train
Japan_011090.jpg,0,0,1,0,D20,train
Japan_000804.jpg,1,0,0,0,D00,train
Japan_013041.jpg,0,0,0,0,NONE,train
Japan_000243.jpg,1,0,0,0,D00,train
Japan_010927.jpg,0,0,1,0,D20,train
Japan_001523.jpg,0,1,0,0,D10,train
Japan_011152.jpg,0,0,1,0,D20,train
Japan_000670.jpg,0,1,0,0,D10,train
Japan_002981.jpg,0,0,1,0,D20,train
Japan_008259.jpg,0,1,1,0,D10+D20,train
Japan_007359.jpg,0,0,1,0,D20,train
Japan_012915.jpg,1,1,1,1,D00+D10+D20+D40,train
Japan_004360.jpg,0,0,1,0,D20,train
Japan_012017.jpg,0,0,0,0,NONE,train
Japan_004834.jpg,0,1,0,0,D10,train
Japan_009957.jpg,0,0,0,0,NONE,train
Japan_006105.jpg,0,1,1,0,D10+D20,train
Japan_005326.jpg,1,1,1,0,D00+D10+D20,train
Japan_007117.jpg,1,1,1,0,D00+D10+D20,train
Japan_011117.jpg,1,1,1,1,D00+D10+D20+D40,train
Japan_001544.jpg,1,0,1,0,D00+D20,train
Japan_004572.jpg,0,0,0,1,D40,train
Japan_007736.jpg,0,0,0,0,NONE,train
Japan_003596.jpg,0,0,0,1,D40,train
Japan_004947.jpg,1,0,0,0,D00,train
Japan_011472.jpg,0,0,1,0,D20,train
Japan_009230.jpg,1,0,0,0,D00,train
Japan_008982.jpg,0,0,0,0,NONE,train
Japan_010329.jpg,0,0,1,0,D20,train
Japan_003675.jpg,0,0,0,0,NONE,train
Japan_009179.jpg,0,0,1,1,D20+D40,train
Japan_012937.jpg,0,1,0,1,D10+D40,train
Japan_004024.jpg,0,0,1,0,D20,train
Japan_005178.jpg,0,0,1,0,D20,train
Japan_001839.jpg,0,1,1,0,D10+D20,train
Japan_001947.jpg,0,1,1,0,D10+D20,train
Japan_005226.jpg,0,0,0,0,NONE,train
Japan_000402.jpg,0,0,1,0,D20,train
Japan_012581.jpg,0,0,1,0,D20,train
Japan_001834.jpg,1,1,0,0,D00+D10,train
Japan_012564.jpg,0,0,1,0,D20,train
Japan_011931.jpg,0,0,1,1,D20+D40,train
Japan_004653.jpg,1,0,0,0,D00,train
Japan_011491.jpg,0,1,0,0,D10,train
Japan_008045.jpg,0,0,0,0,NONE,train
Japan_008576.jpg,0,0,1,0,D20,train
Japan_010887.jpg,0,0,1,0,D20,train
Japan_009960.jpg,0,0,0,1,D40,train
Japan_003180.jpg,0,0,1,1,D20+D40,train
Japan_011742.jpg,0,0,1,1,D20+D40,train
Japan_010624.jpg,0,0,0,0,NONE,train
Japan_007434.jpg,1,0,1,0,D00+D20,train
Japan_008292.jpg,0,1,0,0,D10,train
Japan_000092.jpg,0,0,0,0,NONE,train
Japan_003782.jpg,1,0,0,0,D00,train
Japan_001700.jpg,0,1,1,0,D10+D20,train
Japan_011965.jpg,0,0,0,1,D40,train
Japan_009793.jpg,0,0,0,0,NONE,train
Japan_003705.jpg,1,1,1,0,D00+D10+D20,train
Japan_002850.jpg,0,1,1,0,D10+D20,train
Japan_002977.jpg,0,0,0,0,NONE,train
Japan_007920.jpg,0,0,1,0,D20,train
Japan_006251.jpg,0,1,0,0,D10,train
Japan_006648.jpg,0,0,1,0,D20,train
Japan_002472.jpg,0,0,1,0,D20,train
Japan_001239.jpg,1,1,0,0,D00+D10,train
Japan_005070.jpg,0,0,1,0,D20,train
Japan_003708.jpg,1,0,0,0,D00,train
Japan_007807.jpg,0,0,1,0,D20,train
Japan_012831.jpg,0,0,0,0,NONE,train
Japan_013109.jpg,0,0,0,1,D40,train
Japan_007171.jpg,1,1,1,0,D00+D10+D20,train
Japan_003653.jpg,0,0,0,0,NONE,train
Japan_002944.jpg,0,0,1,0,D20,train
Japan_005182.jpg,1,1,0,0,D00+D10,train
Japan_002495.jpg,0,0,1,0,D20,train
Japan_001594.jpg,0,0,0,0,NONE,train
Japan_012043.jpg,0,0,0,0,NONE,train
Japan_001474.jpg,0,0,0,0,NONE,train
Japan_002093.jpg,1,0,0,0,D00,train
Japan_006035.jpg,0,0,0,1,D40,train
Japan_012180.jpg,0,0,0,1,D40,train
Japan_009623.jpg,0,0,0,0,NONE,train
Japan_006557.jpg,0,0,0,0,NONE,train
Japan_005464.jpg,0,0,1,1,D20+D40,train
Japan_010875.jpg,0,0,1,0,D20,train
Japan_013008.jpg,0,1,1,1,D10+D20+D40,train
Japan_001868.jpg,0,0,1,0,D20,train
Japan_009913.jpg,0,0,0,0,NONE,train
Japan_007941.jpg,0,0,1,0,D20,train
Japan_001633.jpg,1,0,0,0,D00,train
Japan_007039.jpg,0,1,0,0,D10,train
Japan_006720.jpg,1,0,0,0,D00,train
Japan_010634.jpg,0,0,1,0,D20,train
Japan_003767.jpg,0,0,0,0,NONE,train
Japan_002919.jpg,1,0,0,0,D00,train
Japan_003447.jpg,1,0,0,0,D00,train
Japan_002982.jpg,0,0,1,0,D20,train
Japan_004128.jpg,1,1,1,0,D00+D10+D20,train
Japan_006552.jpg,1,0,0,0,D00,train
Japan_001072.jpg,0,0,0,0,NONE,train
Japan_011977.jpg,0,0,0,0,NONE,train
Japan_009428.jpg,1,1,0,0,D00+D10,train
Japan_010118.jpg,1,0,0,0,D00,train
Japan_004883.jpg,0,1,0,0,D10,train
Japan_012304.jpg,1,1,1,0,D00+D10+D20,train
Japan_001462.jpg,0,0,1,0,D20,train
Japan_010368.jpg,0,1,1,0,D10+D20,train
Japan_002642.jpg,0,0,1,0,D20,train
Japan_011955.jpg,0,0,0,1,D40,train
Japan_006877.jpg,0,1,1,0,D10+D20,train
Japan_007208.jpg,0,0,1,0,D20,train
Japan_003243.jpg,1,0,0,0,D00,train
Japan_005889.jpg,1,0,1,0,D00+D20,train
Japan_004197.jpg,0,0,0,1,D40,train
Japan_008488.jpg,1,1,0,0,D00+D10,train
Japan_007453.jpg,0,0,1,0,D20,train
Japan_000954.jpg,1,0,0,0,D00,train
Japan_000690.jpg,0,0,0,0,NONE,train
Japan_003600.jpg,0,1,0,0,D10,train
Japan_011126.jpg,1,1,0,0,D00+D10,train
Japan_002211.jpg,0,0,1,0,D20,train
Japan_010063.jpg,0,0,1,1,D20+D40,train
Japan_000650.jpg,1,0,0,1,D00+D40,train
Japan_003789.jpg,1,0,0,0,D00,train
Japan_012512.jpg,0,0,0,1,D40,train
Japan_000559.jpg,0,0,0,0,NONE,train
Japan_011763.jpg,0,0,0,0,NONE,train
Japan_012631.jpg,1,1,1,0,D00+D10+D20,train
Japan_009476.jpg,0,0,1,0,D20,train
Japan_012625.jpg,1,0,0,1,D00+D40,train
Japan_000723.jpg,0,0,0,1,D40,train
Japan_011278.jpg,0,0,1,1,D20+D40,train
Japan_007070.jpg,1,0,0,0,D00,train
Japan_009611.jpg,0,0,1,0,D20,train
Japan_010956.jpg,1,1,0,0,D00+D10,train
Japan_004605.jpg,0,0,1,0,D20,train
Japan_002316.jpg,0,0,0,0,NONE,train
Japan_012804.jpg,0,0,1,0,D20,train
Japan_010496.jpg,1,0,1,0,D00+D20,train
Japan_002453.jpg,0,0,1,1,D20+D40,train
Japan_004085.jpg,0,1,1,0,D10+D20,train
Japan_010711.jpg,0,0,1,0,D20,train
Japan_002836.jpg,0,0,1,1,D20+D40,train
Japan_005146.jpg,1,0,1,0,D00+D20,train
Japan_008534.jpg,0,0,0,0,NONE,train
Japan_012045.jpg,0,0,0,0,NONE,train
Japan_009763.jpg,1,1,0,0,D00+D10,train
Japan_009017.jpg,1,1,0,0,D00+D10,train
Japan_009999.jpg,0,0,1,0,D20,train
Japan_008044.jpg,0,0,1,0,D20,train
Japan_010212.jpg,0,0,0,0,NONE,train
Japan_012985.jpg,0,1,1,0,D10+D20,train
Japan_005363.jpg,0,0,0,0,NONE,train
Japan_008235.jpg,0,1,1,0,D10+D20,train
Japan_011560.jpg,0,1,0,0,D10,train
Japan_005236.jpg,1,0,0,0,D00,train
Japan_004932.jpg,0,0,0,0,NONE,train
Japan_012491.jpg,0,0,1,0,D20,train
Japan_011716.jpg,0,0,0,0,NONE,train
Japan_000420.jpg,0,0,0,0,NONE,train
Japan_011464.jpg,0,0,0,0,NONE,train
Japan_003401.jpg,0,0,0,0,NONE,train
Japan_000087.jpg,0,0,1,1,D20+D40,train
Japan_003528.jpg,0,1,0,0,D10,train
Japan_002826.jpg,0,0,0,0,NONE,train
Japan_006751.jpg,0,1,0,0,D10,train
Japan_003880.jpg,0,0,1,0,D20,train
Japan_010444.jpg,0,1,1,0,D10+D20,train
Japan_010490.jpg,0,0,0,0,NONE,train
Japan_010085.jpg,1,0,0,0,D00,train
Japan_011333.jpg,0,0,0,0,NONE,train
Japan_008463.jpg,0,0,1,1,D20+D40,train
Japan_002361.jpg,0,0,0,0,NONE,train
Japan_011393.jpg,0,1,1,0,D10+D20,train
Japan_001529.jpg,1,1,0,0,D00+D10,train
Japan_007436.jpg,0,0,0,1,D40,train
Japan_005222.jpg,0,0,1,0,D20,train
Japan_004495.jpg,0,1,0,0,D10,train
Japan_010674.jpg,0,0,1,0,D20,train
Japan_001101.jpg,1,0,0,0,D00,train
Japan_002775.jpg,0,0,1,0,D20,train
Japan_007109.jpg,0,0,1,0,D20,train
Japan_001492.jpg,0,0,1,0,D20,train
Japan_001771.jpg,0,1,1,0,D10+D20,train
Japan_002584.jpg,0,1,0,0,D10,train
Japan_010748.jpg,0,0,0,0,NONE,train
Japan_008535.jpg,1,0,0,0,D00,train
Japan_003837.jpg,0,1,0,0,D10,train
Japan_006821.jpg,0,0,1,0,D20,train
Japan_008023.jpg,1,0,0,0,D00,train
Japan_004917.jpg,0,0,1,0,D20,train
Japan_007970.jpg,0,0,1,0,D20,train
Japan_004071.jpg,0,0,1,0,D20,train
Japan_001847.jpg,1,0,0,0,D00,train
Japan_011779.jpg,0,0,0,0,NONE,train
Japan_008414.jpg,0,0,0,0,NONE,train
Japan_006459.jpg,0,0,1,0,D20,train
Japan_007880.jpg,0,0,0,0,NONE,train
Japan_001673.jpg,0,0,1,0,D20,train
Japan_002300.jpg,0,0,0,0,NONE,train
Japan_001009.jpg,0,0,1,1,D20+D40,train
Japan_005150.jpg,0,0,1,0,D20,train
Japan_009217.jpg,0,0,0,0,NONE,train
Japan_005354.jpg,1,0,0,0,D00,train
Japan_005931.jpg,0,1,1,0,D10+D20,train
Japan_008661.jpg,1,1,0,0,D00+D10,train
Japan_009176.jpg,0,1,0,1,D10+D40,train
Japan_000187.jpg,0,0,0,1,D40,train
Japan_000369.jpg,0,0,1,1,D20+D40,train
Japan_009367.jpg,0,0,1,0,D20,train
Japan_001349.jpg,1,0,0,0,D00,train
Japan_002862.jpg,0,0,0,0,NONE,train
Japan_002876.jpg,1,0,0,0,D00,train
Japan_008644.jpg,0,1,1,0,D10+D20,train
Japan_000975.jpg,0,0,1,0,D20,train
Japan_009224.jpg,0,0,1,0,D20,train
Japan_004868.jpg,1,1,1,0,D00+D10+D20,train
Japan_002658.jpg,0,0,0,0,NONE,train
Japan_011454.jpg,1,0,1,0,D00+D20,train
Japan_009092.jpg,0,0,1,1,D20+D40,train
Japan_001439.jpg,0,0,1,0,D20,train
Japan_003181.jpg,0,0,1,0,D20,train
Japan_000818.jpg,0,0,0,0,NONE,train
Japan_003405.jpg,0,0,1,0,D20,train
Japan_000858.jpg,0,1,0,0,D10,train
Japan_001334.jpg,1,0,0,0,D00,train
Japan_009039.jpg,1,0,0,0,D00,train
Japan_007659.jpg,0,1,1,0,D10+D20,train
Japan_000081.jpg,0,1,1,1,D10+D20+D40,train
Japan_006085.jpg,1,0,1,0,D00+D20,train
Japan_005983.jpg,0,0,1,0,D20,train
Japan_003209.jpg,0,0,1,0,D20,train
Japan_003828.jpg,1,0,0,0,D00,train
Japan_007398.jpg,1,0,0,0,D00,train
Japan_001159.jpg,0,1,1,0,D10+D20,train
Japan_000929.jpg,0,0,1,0,D20,train
Japan_003457.jpg,0,0,0,0,NONE,train
Japan_004691.jpg,1,0,1,0,D00+D20,train
Japan_007835.jpg,0,0,1,0,D20,train
Japan_002787.jpg,1,1,0,0,D00+D10,train
Japan_011715.jpg,0,0,1,0,D20,train
Japan_004131.jpg,0,0,0,0,NONE,train
Japan_010520.jpg,0,0,1,0,D20,train
Japan_000431.jpg,0,0,0,0,NONE,train
Japan_012752.jpg,0,0,0,0,NONE,train
Japan_004869.jpg,0,1,0,0,D10,train
Japan_009705.jpg,0,0,1,0,D20,train
Japan_006738.jpg,1,0,0,0,D00,train
Japan_009300.jpg,0,0,1,0,D20,train
Japan_006823.jpg,1,0,0,1,D00+D40,train
Japan_008753.jpg,1,0,0,0,D00,train
Japan_006854.jpg,0,0,1,0,D20,train
Japan_003370.jpg,0,0,0,0,NONE,train
Japan_012477.jpg,0,0,1,0,D20,train
Japan_009154.jpg,0,0,0,0,NONE,train
Japan_011271.jpg,0,0,1,0,D20,train
Japan_009087.jpg,0,0,1,0,D20,train
Japan_010643.jpg,1,0,0,0,D00,train
Japan_008728.jpg,1,1,0,0,D00+D10,train
Japan_012926.jpg,0,0,1,1,D20+D40,train
Japan_006808.jpg,1,0,0,0,D00,train
Japan_005293.jpg,0,0,1,0,D20,train
Japan_000425.jpg,0,0,0,1,D40,train
Japan_002315.jpg,0,0,0,0,NONE,train
Japan_011406.jpg,1,1,1,0,D00+D10+D20,train
Japan_011595.jpg,0,0,1,0,D20,train
Japan_007057.jpg,0,0,1,0,D20,train
Japan_011942.jpg,0,0,0,0,NONE,train
Japan_000374.jpg,1,0,0,0,D00,train
Japan_001598.jpg,1,0,0,0,D00,train
Japan_010411.jpg,0,0,0,0,NONE,train
Japan_004194.jpg,1,0,0,0,D00,train
Japan_003065.jpg,1,0,0,0,D00,train
Japan_009932.jpg,0,0,1,0,D20,train
Japan_005073.jpg,0,0,0,0,NONE,train
Japan_000004.jpg,0,0,1,0,D20,train
Japan_004831.jpg,0,0,1,0,D20,train
Japan_000897.jpg,0,0,1,0,D20,train
Japan_001946.jpg,1,0,0,0,D00,train
Japan_001739.jpg,0,0,0,1,D40,train
Japan_007344.jpg,0,0,1,0,D20,train
Japan_001394.jpg,0,0,1,0,D20,train
Japan_006473.jpg,1,0,0,0,D00,train
Japan_002873.jpg,0,0,0,1,D40,train
Japan_005492.jpg,0,0,0,0,NONE,train
Japan_000071.jpg,0,0,1,0,D20,train
Japan_003242.jpg,0,1,0,0,D10,train
Japan_004815.jpg,1,0,0,1,D00+D40,train
Japan_007197.jpg,0,0,0,0,NONE,train
Japan_010883.jpg,0,1,1,0,D10+D20,train
Japan_002397.jpg,0,0,0,0,NONE,train
Japan_012807.jpg,0,1,1,0,D10+D20,train
Japan_012302.jpg,1,0,0,0,D00,train
Japan_004826.jpg,1,1,0,0,D00+D10,train
Japan_002013.jpg,0,0,0,0,NONE,train
Japan_003490.jpg,0,0,1,1,D20+D40,train
Japan_002205.jpg,1,0,0,0,D00,train
Japan_011209.jpg,0,0,0,1,D40,train
Japan_001541.jpg,0,0,1,1,D20+D40,train
Japan_004895.jpg,0,0,0,0,NONE,train
Japan_012633.jpg,1,0,1,1,D00+D20+D40,train
Japan_011727.jpg,0,0,0,0,NONE,train
Japan_009690.jpg,0,1,1,0,D10+D20,train
Japan_003031.jpg,1,0,0,0,D00,train
Japan_006885.jpg,0,0,0,0,NONE,train
Japan_004047.jpg,0,0,0,0,NONE,train
Japan_008926.jpg,0,1,1,0,D10+D20,train
Japan_008733.jpg,0,0,1,0,D20,train
Japan_011725.jpg,1,0,1,0,D00+D20,train
Japan_002354.jpg,0,0,1,0,D20,train
Japan_011105.jpg,0,0,1,0,D20,train
Japan_009737.jpg,0,0,0,1,D40,train
Japan_006583.jpg,0,0,1,0,D20,train
Japan_004819.jpg,1,0,0,0,D00,train
Japan_005533.jpg,0,1,1,0,D10+D20,train
Japan_005234.jpg,0,0,0,0,NONE,train
Japan_012187.jpg,0,0,0,0,NONE,train
Japan_009522.jpg,0,0,0,0,NONE,train
Japan_008477.jpg,0,0,0,0,NONE,train
Japan_002355.jpg,0,0,0,0,NONE,train
Japan_009301.jpg,0,1,1,0,D10+D20,train
Japan_000503.jpg,0,0,0,0,NONE,train
Japan_012108.jpg,0,0,1,1,D20+D40,train
Japan_008104.jpg,0,1,1,0,D10+D20,train
Japan_009809.jpg,0,0,0,0,NONE,train
Japan_007120.jpg,1,1,0,0,D00+D10,train
Japan_009824.jpg,0,1,0,0,D10,train
Japan_011840.jpg,0,0,1,0,D20,train
Japan_007135.jpg,1,1,0,0,D00+D10,train
Japan_000498.jpg,0,0,1,0,D20,train
Japan_012855.jpg,0,1,0,0,D10,train
Japan_006670.jpg,1,0,1,0,D00+D20,train
Japan_012975.jpg,0,1,1,1,D10+D20+D40,train
Japan_008010.jpg,1,1,1,0,D00+D10+D20,train
Japan_007143.jpg,0,0,1,0,D20,train
Japan_004335.jpg,0,0,1,1,D20+D40,train
Japan_013065.jpg,1,1,1,0,D00+D10+D20,train
Japan_008817.jpg,1,1,1,0,D00+D10+D20,train
Japan_004117.jpg,0,0,0,0,NONE,train
Japan_004484.jpg,1,0,1,0,D00+D20,train
Japan_002785.jpg,0,0,0,1,D40,train
Japan_002274.jpg,1,0,0,0,D00,train
Japan_004474.jpg,0,1,1,0,D10+D20,train
Japan_011709.jpg,0,0,0,1,D40,train
Japan_007484.jpg,1,0,0,0,D00,train
Japan_006066.jpg,0,0,1,0,D20,train
Japan_000691.jpg,1,1,0,0,D00+D10,train
Japan_008382.jpg,0,1,0,0,D10,train
Japan_000203.jpg,1,1,0,0,D00+D10,train
Japan_006283.jpg,0,0,1,0,D20,train
Japan_000405.jpg,1,0,0,0,D00,train
Japan_009421.jpg,0,0,0,0,NONE,train
Japan_010974.jpg,0,0,1,0,D20,train
Japan_002248.jpg,1,1,0,0,D00+D10,train
Japan_004508.jpg,0,0,1,0,D20,train
Japan_007366.jpg,0,0,1,0,D20,train
Japan_008953.jpg,0,0,0,0,NONE,train
Japan_008069.jpg,1,0,1,0,D00+D20,train
Japan_006142.jpg,1,0,1,0,D00+D20,train
Japan_002471.jpg,0,0,0,0,NONE,train
Japan_008274.jpg,0,0,0,0,NONE,train
Japan_001008.jpg,1,0,1,0,D00+D20,train
Japan_002808.jpg,1,0,0,0,D00,train
Japan_008472.jpg,0,0,0,0,NONE,train
Japan_003132.jpg,0,0,1,0,D20,train
Japan_005401.jpg,0,0,1,0,D20,train
Japan_010685.jpg,0,0,0,0,NONE,train
Japan_001733.jpg,1,1,0,0,D00+D10,train
Japan_002677.jpg,0,0,1,0,D20,train
Japan_003145.jpg,1,0,0,0,D00,train
Japan_012142.jpg,0,0,0,0,NONE,train
Japan_003521.jpg,0,1,0,0,D10,train
Japan_011720.jpg,1,1,0,0,D00+D10,train
Japan_011240.jpg,1,1,0,0,D00+D10,train
Japan_004097.jpg,0,0,1,0,D20,train
Japan_010034.jpg,0,0,0,0,NONE,train
Japan_010024.jpg,0,0,0,0,NONE,train
Japan_012974.jpg,1,0,0,0,D00,train
Japan_000144.jpg,0,1,1,0,D10+D20,train
Japan_000088.jpg,0,0,1,0,D20,train
Japan_001552.jpg,0,0,1,1,D20+D40,train
Japan_001296.jpg,1,0,0,0,D00,train
Japan_012770.jpg,0,0,1,0,D20,train
Japan_009369.jpg,0,1,1,0,D10+D20,train
Japan_003745.jpg,0,1,1,1,D10+D20+D40,train
Japan_001743.jpg,0,0,1,0,D20,train
Japan_008750.jpg,0,0,0,0,NONE,train
Japan_008229.jpg,1,0,0,1,D00+D40,train
Japan_003285.jpg,0,0,0,0,NONE,train
Japan_010132.jpg,0,0,0,0,NONE,train
Japan_002177.jpg,0,0,0,0,NONE,train
Japan_003754.jpg,0,0,1,0,D20,train
Japan_006099.jpg,0,1,1,0,D10+D20,train
Japan_010831.jpg,0,0,0,0,NONE,train
Japan_001193.jpg,1,1,0,0,D00+D10,train
Japan_009322.jpg,1,1,0,0,D00+D10,train
Japan_003522.jpg,0,0,0,0,NONE,train
Japan_001202.jpg,0,1,1,0,D10+D20,train
Japan_010672.jpg,0,0,1,0,D20,train
Japan_012846.jpg,1,1,1,0,D00+D10+D20,train
Japan_005021.jpg,0,0,1,0,D20,train
Japan_001914.jpg,1,0,0,0,D00,train
Japan_011329.jpg,0,1,1,0,D10+D20,train
Japan_010658.jpg,0,0,1,0,D20,train
Japan_012619.jpg,0,0,0,0,NONE,train
Japan_001150.jpg,0,0,1,1,D20+D40,train
Japan_011653.jpg,0,0,1,1,D20+D40,train
Japan_002142.jpg,1,0,1,0,D00+D20,train
Japan_005105.jpg,1,0,0,0,D00,train
Japan_006430.jpg,0,1,0,0,D10,train
Japan_006878.jpg,1,0,0,0,D00,train
Japan_005559.jpg,0,0,0,1,D40,train
Japan_009924.jpg,0,0,0,0,NONE,train
Japan_004447.jpg,0,0,1,0,D20,train
Japan_010253.jpg,0,0,1,1,D20+D40,train
Japan_002415.jpg,1,0,0,0,D00,train
Japan_011039.jpg,0,0,1,0,D20,train
Japan_009245.jpg,1,0,0,0,D00,train
Japan_006675.jpg,0,0,1,1,D20+D40,train
Japan_001867.jpg,0,0,1,1,D20+D40,train
Japan_003707.jpg,0,0,0,0,NONE,train
Japan_007583.jpg,0,1,1,0,D10+D20,train
Japan_008256.jpg,0,0,0,0,NONE,train
Japan_005677.jpg,0,0,0,0,NONE,train
Japan_006817.jpg,0,1,1,0,D10+D20,train
Japan_000680.jpg,0,0,1,0,D20,train
Japan_000992.jpg,0,0,0,0,NONE,train
Japan_012246.jpg,0,0,1,0,D20,train
Japan_008404.jpg,0,0,1,1,D20+D40,train
Japan_004164.jpg,0,0,0,0,NONE,train
Japan_012857.jpg,0,0,0,0,NONE,train
Japan_002225.jpg,0,0,1,0,D20,train
Japan_000165.jpg,0,0,1,1,D20+D40,train
Japan_003538.jpg,0,0,1,0,D20,train
Japan_007641.jpg,1,0,0,0,D00,train
Japan_000371.jpg,0,1,1,0,D10+D20,train
Japan_000594.jpg,0,0,1,0,D20,train
Japan_003515.jpg,0,0,1,0,D20,train
Japan_010319.jpg,0,0,1,1,D20+D40,train
Japan_003794.jpg,0,1,1,0,D10+D20,train
Japan_008740.jpg,0,0,1,0,D20,train
Japan_001885.jpg,0,0,1,0,D20,train
Japan_009458.jpg,0,0,1,0,D20,train
Japan_010287.jpg,0,0,0,1,D40,train
Japan_006760.jpg,1,1,0,0,D00+D10,train
Japan_006508.jpg,0,0,1,0,D20,train
Japan_001279.jpg,0,0,0,0,NONE,train
Japan_005958.jpg,0,0,1,0,D20,train
Japan_009088.jpg,0,0,1,0,D20,train
Japan_009933.jpg,1,0,0,0,D00,train
Japan_002083.jpg,0,0,1,0,D20,train
Japan_005750.jpg,0,0,1,0,D20,train
Japan_006947.jpg,0,0,0,0,NONE,train
Japan_001080.jpg,1,1,0,0,D00+D10,train
Japan_002169.jpg,0,0,1,0,D20,train
Japan_012488.jpg,0,1,0,0,D10,train
Japan_001548.jpg,1,1,0,0,D00+D10,train
Japan_000245.jpg,0,0,1,0,D20,train
Japan_000013.jpg,0,0,1,1,D20+D40,train
Japan_009577.jpg,0,0,1,0,D20,train
Japan_012277.jpg,0,0,1,0,D20,train
Japan_003350.jpg,0,1,1,1,D10+D20+D40,train
Japan_009518.jpg,0,1,0,0,D10,train
Japan_010920.jpg,0,0,1,0,D20,train
Japan_009915.jpg,0,0,1,1,D20+D40,train
Japan_000577.jpg,0,0,1,1,D20+D40,train
Japan_011801.jpg,0,0,0,0,NONE,train
Japan_011274.jpg,1,1,0,0,D00+D10,train
Japan_006012.jpg,0,1,0,0,D10,train
Japan_009692.jpg,0,0,0,0,NONE,train
Japan_013090.jpg,0,0,1,0,D20,train
Japan_006303.jpg,1,0,0,0,D00,train
Japan_006305.jpg,0,0,1,0,D20,train
Japan_005405.jpg,0,1,1,0,D10+D20,train
Japan_007544.jpg,0,1,1,0,D10+D20,train
Japan_006098.jpg,0,0,0,0,NONE,train
Japan_001976.jpg,0,1,0,0,D10,train
Japan_007215.jpg,0,1,0,0,D10,train
Japan_010884.jpg,0,1,1,1,D10+D20+D40,train
Japan_006753.jpg,0,0,0,0,NONE,train
Japan_007603.jpg,0,0,0,0,NONE,train
Japan_011306.jpg,0,0,1,0,D20,train
Japan_008248.jpg,0,0,0,0,NONE,train
Japan_009678.jpg,0,0,1,0,D20,train
Japan_011082.jpg,0,0,1,0,D20,train
Japan_009598.jpg,1,0,0,0,D00,train
Japan_002514.jpg,1,1,0,0,D00+D10,train
Japan_009738.jpg,1,0,0,0,D00,train
Japan_000809.jpg,0,0,1,1,D20+D40,train
Japan_007794.jpg,0,0,0,0,NONE,train
Japan_007816.jpg,0,0,0,0,NONE,train
Japan_012443.jpg,0,0,1,1,D20+D40,train
Japan_001636.jpg,1,0,1,0,D00+D20,train
Japan_007981.jpg,0,0,0,0,NONE,train
Japan_012476.jpg,1,1,0,0,D00+D10,train
Japan_005128.jpg,1,0,0,0,D00,train
Japan_006589.jpg,0,0,1,0,D20,train
Japan_000404.jpg,0,0,1,0,D20,train
Japan_009256.jpg,0,0,0,0,NONE,train
Japan_009806.jpg,0,0,0,0,NONE,train
Japan_001859.jpg,0,0,0,1,D40,train
Japan_002206.jpg,1,0,1,0,D00+D20,train
Japan_005472.jpg,0,1,1,0,D10+D20,train
Japan_006689.jpg,0,0,0,1,D40,train
Japan_007891.jpg,0,0,1,0,D20,train
Japan_008566.jpg,1,1,0,0,D00+D10,train
Japan_008315.jpg,0,0,0,0,NONE,train
Japan_004028.jpg,0,0,1,1,D20+D40,train
Japan_011540.jpg,0,0,0,0,NONE,train
Japan_010460.jpg,0,0,1,0,D20,train
Japan_000168.jpg,0,0,1,0,D20,train
Japan_006241.jpg,0,0,1,0,D20,train
Japan_006504.jpg,0,1,0,0,D10,train
Japan_012861.jpg,1,1,0,0,D00+D10,train
Japan_012345.jpg,0,0,1,0,D20,train
Japan_011575.jpg,0,0,1,0,D20,train
Japan_008134.jpg,0,0,1,0,D20,train
Japan_004613.jpg,1,1,1,0,D00+D10+D20,train
Japan_009392.jpg,0,0,1,0,D20,train
Japan_001033.jpg,0,0,0,0,NONE,train
Japan_006624.jpg,0,0,1,0,D20,train
Japan_005752.jpg,0,0,0,0,NONE,train
Japan_001121.jpg,0,0,0,0,NONE,train
Japan_002671.jpg,1,0,1,0,D00+D20,train
Japan_004029.jpg,0,0,0,0,NONE,train
Japan_006611.jpg,0,0,1,0,D20,train
Japan_007296.jpg,0,0,1,0,D20,train
Japan_008068.jpg,0,1,1,0,D10+D20,train
Japan_006592.jpg,1,0,0,0,D00,train
Japan_000851.jpg,0,0,0,1,D40,train
Japan_009273.jpg,0,0,1,0,D20,train
Japan_004219.jpg,1,1,1,0,D00+D10+D20,train
Japan_009674.jpg,1,1,0,0,D00+D10,train
Japan_008215.jpg,0,0,1,0,D20,train
Japan_000356.jpg,0,0,0,0,NONE,train
Japan_009707.jpg,1,0,1,0,D00+D20,train
Japan_003905.jpg,0,0,1,0,D20,train
Japan_012689.jpg,0,1,1,0,D10+D20,train
Japan_011466.jpg,0,0,1,0,D20,train
Japan_011063.jpg,0,1,1,1,D10+D20+D40,train
Japan_001562.jpg,0,0,1,0,D20,train
Japan_011665.jpg,1,0,0,0,D00,train
Japan_000834.jpg,1,1,1,0,D00+D10+D20,train
Japan_000172.jpg,0,0,0,1,D40,train
Japan_008207.jpg,0,0,0,0,NONE,train
Japan_012606.jpg,1,1,1,0,D00+D10+D20,train
Japan_010075.jpg,1,0,1,0,D00+D20,train
Japan_003042.jpg,0,1,1,1,D10+D20+D40,train
Japan_008867.jpg,0,1,0,0,D10,train
Japan_007111.jpg,0,0,1,0,D20,train
Japan_005410.jpg,0,0,0,1,D40,train
Japan_011237.jpg,0,0,1,0,D20,train
Japan_012893.jpg,1,0,0,0,D00,train
Japan_005483.jpg,0,0,0,0,NONE,train
Japan_003093.jpg,1,0,0,1,D00+D40,train
Japan_010847.jpg,1,1,0,0,D00+D10,train
Japan_010545.jpg,1,1,1,0,D00+D10+D20,train
Japan_001551.jpg,0,0,1,0,D20,train
Japan_001630.jpg,0,0,1,0,D20,train
Japan_003222.jpg,0,0,0,1,D40,train
Japan_008784.jpg,0,0,0,0,NONE,train
Japan_011546.jpg,0,1,0,0,D10,train
Japan_010829.jpg,0,0,0,0,NONE,train
Japan_006900.jpg,0,0,1,0,D20,train
Japan_009496.jpg,0,1,0,0,D10,train
Japan_003013.jpg,0,1,0,0,D10,train
Japan_010921.jpg,0,0,1,0,D20,train
Japan_001567.jpg,1,0,0,0,D00,train
Japan_009410.jpg,0,1,0,0,D10,train
Japan_010538.jpg,0,0,1,0,D20,train
Japan_011538.jpg,1,0,0,0,D00,train
Japan_000877.jpg,0,1,1,0,D10+D20,train
Japan_003436.jpg,0,0,1,0,D20,train
Japan_009526.jpg,0,1,0,0,D10,train
Japan_006479.jpg,1,0,0,0,D00,train
Japan_002829.jpg,0,1,0,0,D10,train
Japan_008407.jpg,0,0,0,0,NONE,train
Japan_002444.jpg,1,0,1,0,D00+D20,train
Japan_006034.jpg,0,1,0,0,D10,train
Japan_008276.jpg,1,0,0,0,D00,train
Japan_004280.jpg,0,0,1,0,D20,train
Japan_001442.jpg,0,1,0,0,D10,train
Japan_011583.jpg,1,0,0,0,D00,train
Japan_006055.jpg,0,0,0,0,NONE,train
Japan_000832.jpg,0,1,1,0,D10+D20,train
Japan_010712.jpg,0,1,0,0,D10,train
Japan_008686.jpg,1,0,1,0,D00+D20,train
Japan_005806.jpg,0,0,1,0,D20,train
Japan_004980.jpg,0,1,0,0,D10,train
Japan_012247.jpg,1,1,1,0,D00+D10+D20,train
Japan_004677.jpg,0,0,1,0,D20,train
Japan_007052.jpg,0,0,1,1,D20+D40,train
Japan_010434.jpg,0,0,1,0,D20,train
Japan_000005.jpg,0,0,0,0,NONE,train
Japan_005072.jpg,1,0,0,0,D00,train
Japan_007422.jpg,0,0,0,1,D40,train
Japan_010507.jpg,0,0,1,1,D20+D40,train
Japan_001835.jpg,0,0,0,0,NONE,train
Japan_011978.jpg,0,0,1,0,D20,train
Japan_005513.jpg,0,0,1,1,D20+D40,train
Japan_010158.jpg,0,0,1,0,D20,train
Japan_005312.jpg,1,0,0,0,D00,train
Japan_005756.jpg,0,0,0,0,NONE,train
Japan_007055.jpg,0,0,1,0,D20,train
Japan_004913.jpg,1,0,1,1,D00+D20+D40,train
Japan_011163.jpg,0,0,1,0,D20,train
Japan_003867.jpg,1,0,0,0,D00,train
Japan_003067.jpg,0,0,1,0,D20,train
Japan_009969.jpg,0,0,0,0,NONE,train
Japan_012845.jpg,0,0,0,1,D40,train
Japan_005753.jpg,0,0,1,0,D20,train
Japan_004982.jpg,1,1,1,0,D00+D10+D20,train
Japan_004056.jpg,0,0,1,1,D20+D40,train
Japan_008279.jpg,0,0,1,0,D20,train
Japan_002577.jpg,0,0,1,0,D20,train
Japan_011292.jpg,0,1,0,0,D10,train
Japan_008845.jpg,1,1,1,0,D00+D10+D20,train
Japan_010129.jpg,0,0,0,0,NONE,train
Japan_004393.jpg,0,0,1,0,D20,train
Japan_005242.jpg,0,0,0,0,NONE,train
Japan_010553.jpg,0,0,1,1,D20+D40,train
Japan_002513.jpg,1,0,0,0,D00,train
Japan_003530.jpg,1,0,0,0,D00,train
Japan_005904.jpg,0,0,1,0,D20,train
Japan_006140.jpg,0,0,0,0,NONE,train
Japan_010665.jpg,0,0,0,0,NONE,train
Japan_012003.jpg,1,1,1,0,D00+D10+D20,train
Japan_012218.jpg,1,0,0,0,D00,train
Japan_006819.jpg,0,1,0,0,D10,train
Japan_012783.jpg,0,0,0,0,NONE,train
Japan_010482.jpg,0,0,1,0,D20,train
Japan_002726.jpg,0,0,1,0,D20,train
Japan_003556.jpg,0,0,0,0,NONE,train
Japan_006223.jpg,0,0,1,0,D20,train
Japan_011578.jpg,0,0,1,0,D20,train
Japan_002041.jpg,0,0,1,0,D20,train
Japan_011822.jpg,1,1,0,0,D00+D10,train
Japan_005126.jpg,0,1,1,0,D10+D20,train
Japan_004813.jpg,0,1,1,0,D10+D20,train
Japan_005689.jpg,1,0,0,0,D00,train
Japan_004482.jpg,1,0,0,1,D00+D40,train
Japan_001560.jpg,0,0,1,0,D20,train
Japan_003912.jpg,0,1,1,1,D10+D20+D40,train
Japan_009293.jpg,0,1,0,1,D10+D40,train
Japan_000023.jpg,0,0,0,1,D40,train
Japan_005840.jpg,0,0,0,0,NONE,train
Japan_002189.jpg,0,0,1,0,D20,train
Japan_002371.jpg,1,1,0,0,D00+D10,train
Japan_004285.jpg,1,0,0,0,D00,train
Japan_001446.jpg,0,0,1,0,D20,train
Japan_010529.jpg,0,0,0,0,NONE,train
Japan_008429.jpg,1,0,0,0,D00,train
Japan_003351.jpg,0,0,0,0,NONE,train
Japan_011785.jpg,0,0,1,0,D20,train
Japan_010787.jpg,0,0,1,0,D20,train
Japan_009323.jpg,0,0,0,0,NONE,train
Japan_012388.jpg,0,0,0,0,NONE,train
Japan_010449.jpg,1,0,0,0,D00,train
Japan_001200.jpg,1,0,0,0,D00,train
Japan_002257.jpg,1,0,0,0,D00,train
Japan_003250.jpg,0,1,1,0,D10+D20,train
Japan_004044.jpg,0,1,0,0,D10,train
Japan_000365.jpg,1,0,0,0,D00,train
Japan_001876.jpg,1,1,1,0,D00+D10+D20,train
Japan_003025.jpg,0,1,0,0,D10,train
Japan_003744.jpg,0,0,0,0,NONE,train
Japan_005189.jpg,1,1,0,0,D00+D10,train
Japan_008494.jpg,1,1,1,0,D00+D10+D20,train
Japan_011047.jpg,0,0,0,0,NONE,train
Japan_000651.jpg,0,1,0,0,D10,train
Japan_007676.jpg,0,0,1,0,D20,train
Japan_007112.jpg,0,0,0,0,NONE,train
Japan_001900.jpg,1,0,1,0,D00+D20,train
Japan_004132.jpg,0,0,1,0,D20,train
Japan_006168.jpg,0,1,1,0,D10+D20,train
Japan_007506.jpg,0,0,1,1,D20+D40,train
Japan_000114.jpg,0,1,0,0,D10,train
Japan_005597.jpg,0,0,0,0,NONE,train
Japan_009319.jpg,0,0,1,0,D20,train
Japan_005998.jpg,0,0,1,0,D20,train
Japan_010055.jpg,0,0,1,0,D20,train
Japan_006407.jpg,1,0,0,0,D00,train
Japan_005940.jpg,0,1,1,0,D10+D20,train
Japan_012853.jpg,0,0,1,0,D20,train
Japan_002563.jpg,0,0,0,0,NONE,train
Japan_007960.jpg,0,1,1,1,D10+D20+D40,train
Japan_004915.jpg,0,0,1,0,D20,train
Japan_000580.jpg,0,0,1,0,D20,train
Japan_006946.jpg,1,0,1,1,D00+D20+D40,train
Japan_004216.jpg,0,1,1,0,D10+D20,train
Japan_004921.jpg,0,0,0,0,NONE,train
Japan_005706.jpg,0,0,0,1,D40,train
Japan_005907.jpg,1,1,1,0,D00+D10+D20,train
Japan_009113.jpg,0,1,0,0,D10,train
Japan_009282.jpg,0,0,1,0,D20,train
Japan_002120.jpg,0,0,1,1,D20+D40,train
Japan_002699.jpg,1,0,0,0,D00,train
Japan_004254.jpg,1,0,0,0,D00,train
Japan_011482.jpg,0,0,0,0,NONE,train
Japan_011936.jpg,0,0,0,0,NONE,train
Japan_005517.jpg,0,0,0,1,D40,train
Japan_013127.jpg,0,0,0,0,NONE,train
Japan_001574.jpg,0,0,0,1,D40,train
Japan_005002.jpg,0,0,1,0,D20,train
Japan_004019.jpg,0,0,1,0,D20,train
Japan_004217.jpg,0,0,1,1,D20+D40,train
Japan_013105.jpg,0,0,0,1,D40,train
Japan_004634.jpg,0,0,0,0,NONE,train
Japan_011817.jpg,0,0,1,0,D20,train
Japan_000530.jpg,1,0,0,0,D00,train
Japan_006904.jpg,1,1,0,1,D00+D10+D40,train
Japan_010611.jpg,0,0,0,1,D40,train
Japan_009746.jpg,0,0,1,0,D20,train
Japan_001425.jpg,0,0,1,0,D20,train
Japan_005815.jpg,0,0,1,1,D20+D40,train
Japan_002323.jpg,1,0,1,0,D00+D20,train
Japan_000051.jpg,1,1,0,0,D00+D10,train
Japan_010098.jpg,1,0,0,0,D00,train
Japan_009129.jpg,0,0,0,1,D40,train
Japan_003331.jpg,0,0,1,0,D20,train
Japan_005397.jpg,0,0,1,0,D20,train
Japan_005381.jpg,0,0,1,0,D20,train
Japan_010737.jpg,1,0,0,0,D00,train
Japan_003954.jpg,1,0,1,0,D00+D20,train
Japan_007769.jpg,0,0,1,0,D20,train
Japan_008352.jpg,0,0,0,0,NONE,train
Japan_011773.jpg,0,0,1,0,D20,train
Japan_001608.jpg,0,0,0,0,NONE,train
Japan_007149.jpg,0,0,1,0,D20,train
Japan_012077.jpg,0,0,0,0,NONE,train
Japan_010649.jpg,0,0,0,0,NONE,train
Japan_002009.jpg,0,0,1,0,D20,train
Japan_000432.jpg,0,0,0,0,NONE,train
Japan_007014.jpg,0,0,1,1,D20+D40,train
Japan_007856.jpg,0,1,1,0,D10+D20,train
Japan_012527.jpg,0,0,1,0,D20,train
Japan_002523.jpg,0,1,1,1,D10+D20+D40,train
Japan_006260.jpg,0,0,0,1,D40,train
Japan_004967.jpg,0,0,1,0,D20,train
Japan_008116.jpg,0,0,0,0,NONE,train
Japan_012177.jpg,1,1,0,0,D00+D10,train
Japan_009665.jpg,0,1,0,0,D10,train
Japan_000827.jpg,0,0,1,0,D20,train
Japan_003368.jpg,0,0,1,0,D20,train
Japan_007497.jpg,0,0,0,0,NONE,train
Japan_011819.jpg,1,0,0,0,D00,train
Japan_004257.jpg,0,0,1,0,D20,train
Japan_009603.jpg,1,0,0,0,D00,train
Japan_011501.jpg,0,0,1,0,D20,train
Japan_005346.jpg,0,0,0,0,NONE,train
Japan_004054.jpg,1,1,0,0,D00+D10,train
Japan_005411.jpg,1,1,0,0,D00+D10,train
Japan_001435.jpg,0,0,1,1,D20+D40,train
Japan_012063.jpg,0,0,1,0,D20,train
Japan_010630.jpg,0,0,0,0,NONE,train
Japan_004396.jpg,0,1,0,0,D10,train
Japan_009955.jpg,1,0,0,0,D00,train
Japan_004013.jpg,0,0,0,0,NONE,train
Japan_008977.jpg,0,0,1,0,D20,train
Japan_005562.jpg,0,0,0,0,NONE,train
Japan_002308.jpg,0,0,1,0,D20,train
Japan_004984.jpg,0,0,1,1,D20+D40,train
Japan_005960.jpg,1,0,0,0,D00,train
Japan_004186.jpg,0,0,0,0,NONE,train
Japan_007240.jpg,0,0,0,0,NONE,train
Japan_009660.jpg,1,1,0,0,D00+D10,train
Japan_003671.jpg,0,0,1,0,D20,train
Japan_012779.jpg,0,0,0,0,NONE,train
Japan_007966.jpg,0,0,0,0,NONE,train
Japan_006077.jpg,0,0,0,0,NONE,train
Japan_011096.jpg,0,0,1,0,D20,train
Japan_003119.jpg,1,0,0,0,D00,train
Japan_000031.jpg,0,0,1,0,D20,train
Japan_006928.jpg,0,1,1,0,D10+D20,train
Japan_004693.jpg,0,1,1,0,D10+D20,train
Japan_010322.jpg,1,0,1,0,D00+D20,train
Japan_007867.jpg,0,0,0,0,NONE,train
Japan_006754.jpg,0,0,0,1,D40,train
Japan_004472.jpg,0,0,1,0,D20,train
Japan_012095.jpg,0,1,0,0,D10,train
Japan_006340.jpg,0,0,0,0,NONE,train
Japan_001400.jpg,0,0,1,0,D20,train
Japan_007310.jpg,0,1,1,0,D10+D20,train
Japan_012328.jpg,1,1,0,0,D00+D10,train
Japan_012565.jpg,0,0,0,0,NONE,train
Japan_006881.jpg,1,0,1,0,D00+D20,train
Japan_006812.jpg,0,0,0,0,NONE,train
Japan_001097.jpg,0,0,0,0,NONE,train
Japan_010872.jpg,0,0,1,1,D20+D40,train
Japan_008915.jpg,0,0,1,0,D20,train
Japan_008958.jpg,1,0,1,0,D00+D20,train
Japan_010786.jpg,0,0,0,0,NONE,train
Japan_011297.jpg,0,0,1,0,D20,train
Japan_010639.jpg,0,0,1,0,D20,train
Japan_005748.jpg,1,0,1,0,D00+D20,train
Japan_007953.jpg,1,1,1,0,D00+D10+D20,train
Japan_002865.jpg,0,0,1,0,D20,train
Japan_004299.jpg,0,0,1,0,D20,train
Japan_005991.jpg,1,0,1,0,D00+D20,train
Japan_003330.jpg,0,0,0,0,NONE,train
Japan_002962.jpg,0,0,0,1,D40,train
Japan_002392.jpg,0,0,1,0,D20,train
Japan_005404.jpg,0,0,1,1,D20+D40,train
Japan_004839.jpg,0,0,1,0,D20,train
Japan_009641.jpg,0,0,1,0,D20,train
Japan_011373.jpg,1,0,0,0,D00,train
Japan_011845.jpg,0,0,1,0,D20,train
Japan_002102.jpg,1,0,0,0,D00,train
Japan_001573.jpg,0,0,0,0,NONE,train
Japan_008501.jpg,1,0,0,0,D00,train
Japan_005163.jpg,1,1,0,0,D00+D10,train
Japan_004788.jpg,0,1,0,0,D10,train
Japan_005174.jpg,0,1,0,0,D10,train
Japan_009882.jpg,0,0,1,1,D20+D40,train
Japan_007282.jpg,1,0,0,0,D00,train
Japan_003442.jpg,0,1,0,0,D10,train
Japan_006732.jpg,0,1,1,1,D10+D20+D40,train
Japan_002061.jpg,0,0,0,0,NONE,train
Japan_011804.jpg,0,0,1,0,D20,train
Japan_009493.jpg,0,0,0,0,NONE,train
Japan_007216.jpg,1,0,0,0,D00,train
Japan_003785.jpg,0,0,0,0,NONE,train
Japan_012530.jpg,0,0,0,0,NONE,train
Japan_003039.jpg,0,1,0,0,D10,train
Japan_003620.jpg,0,0,0,0,NONE,train
Japan_009051.jpg,0,0,0,0,NONE,train
Japan_006931.jpg,0,1,1,0,D10+D20,train
Japan_008611.jpg,0,0,0,0,NONE,train
Japan_007962.jpg,0,0,1,0,D20,train
Japan_002528.jpg,1,0,0,0,D00,train
Japan_004383.jpg,0,0,0,0,NONE,train
Japan_005831.jpg,1,0,0,0,D00,train
Japan_003907.jpg,0,0,0,0,NONE,train
Japan_011669.jpg,0,0,0,0,NONE,train
Japan_006577.jpg,0,0,1,0,D20,train
Japan_002347.jpg,0,0,0,0,NONE,train
Japan_004545.jpg,0,0,1,0,D20,train
Japan_001391.jpg,1,0,0,0,D00,train
Japan_007385.jpg,0,0,0,0,NONE,train
Japan_007563.jpg,0,0,0,1,D40,train
Japan_001784.jpg,0,0,1,0,D20,train
Japan_011658.jpg,0,0,1,1,D20+D40,train
Japan_006202.jpg,0,0,1,0,D20,train
Japan_013036.jpg,0,0,1,0,D20,train
Japan_004874.jpg,0,0,1,0,D20,train
Japan_007682.jpg,0,0,0,0,NONE,train
Japan_008782.jpg,0,0,1,0,D20,train
Japan_006128.jpg,0,0,0,0,NONE,train
Japan_003371.jpg,0,0,0,0,NONE,train
Japan_007665.jpg,0,0,1,1,D20+D40,train
Japan_011230.jpg,0,0,1,0,D20,train
Japan_003539.jpg,0,0,1,0,D20,train
Japan_001568.jpg,0,0,0,0,NONE,train
Japan_006792.jpg,0,0,1,0,D20,train
Japan_006880.jpg,0,0,0,0,NONE,train
Japan_000202.jpg,0,0,0,0,NONE,train
Japan_008231.jpg,1,1,1,0,D00+D10+D20,train
Japan_008425.jpg,0,1,1,1,D10+D20+D40,train
Japan_011322.jpg,1,0,0,0,D00,train
Japan_008791.jpg,0,0,1,0,D20,train
Japan_003960.jpg,0,0,1,0,D20,train
Japan_001176.jpg,0,0,1,0,D20,train
Japan_010675.jpg,0,0,1,0,D20,train
Japan_005164.jpg,0,0,1,1,D20+D40,train
Japan_001269.jpg,0,1,1,0,D10+D20,train
Japan_004104.jpg,0,0,1,0,D20,train
Japan_008395.jpg,1,0,0,0,D00,train
Japan_010048.jpg,0,0,1,0,D20,train
Japan_002832.jpg,0,1,1,0,D10+D20,train
Japan_000006.jpg,1,1,1,0,D00+D10+D20,train
Japan_004649.jpg,1,0,0,0,D00,train
Japan_005029.jpg,1,0,1,0,D00+D20,train
Japan_000121.jpg,0,0,0,0,NONE,train
Japan_002091.jpg,0,0,0,0,NONE,train
Japan_000977.jpg,0,0,0,0,NONE,train
Japan_004713.jpg,0,0,1,0,D20,train
Japan_008658.jpg,1,0,0,0,D00,train
Japan_008559.jpg,0,1,1,1,D10+D20+D40,train
Japan_006693.jpg,0,0,1,0,D20,train
Japan_000275.jpg,0,0,1,0,D20,train
Japan_001779.jpg,0,0,1,0,D20,train
Japan_000184.jpg,0,0,1,1,D20+D40,train
Japan_010099.jpg,1,1,0,0,D00+D10,train
Japan_005850.jpg,0,1,0,0,D10,train
Japan_003741.jpg,0,1,1,0,D10+D20,train
Japan_008209.jpg,0,0,0,0,NONE,train
Japan_010542.jpg,0,0,0,0,NONE,train
Japan_012890.jpg,0,1,0,0,D10,train
Japan_001058.jpg,0,1,1,0,D10+D20,train
Japan_007499.jpg,0,0,1,0,D20,train
Japan_002969.jpg,0,0,1,0,D20,train
Japan_005545.jpg,1,1,1,0,D00+D10+D20,train
Japan_010410.jpg,0,0,1,0,D20,train
Japan_005192.jpg,0,0,0,0,NONE,train
Japan_009442.jpg,1,0,0,0,D00,train
Japan_011281.jpg,0,0,1,0,D20,train
Japan_003400.jpg,0,0,0,0,NONE,train
Japan_004974.jpg,1,0,0,0,D00,train
Japan_002710.jpg,0,0,0,0,NONE,train
Japan_005975.jpg,0,1,0,0,D10,train
Japan_003367.jpg,0,0,1,0,D20,train
Japan_010472.jpg,1,0,0,1,D00+D40,train
Japan_012326.jpg,0,1,1,0,D10+D20,train
Japan_002867.jpg,1,0,1,1,D00+D20+D40,train
Japan_012874.jpg,0,0,0,0,NONE,train
Japan_005586.jpg,0,0,0,1,D40,train
Japan_010415.jpg,1,1,0,0,D00+D10,train
Japan_009926.jpg,0,0,0,0,NONE,train
Japan_005944.jpg,0,0,0,1,D40,train
Japan_005417.jpg,1,0,0,0,D00,train
Japan_001313.jpg,0,0,0,0,NONE,train
Japan_009708.jpg,1,0,0,0,D00,train
Japan_011021.jpg,0,0,0,0,NONE,train
Japan_006397.jpg,0,0,0,0,NONE,train
Japan_009417.jpg,0,0,1,0,D20,train
Japan_009183.jpg,1,0,0,0,D00,train
Japan_006259.jpg,1,0,0,0,D00,train
Japan_001361.jpg,0,0,0,0,NONE,train
Japan_001595.jpg,0,0,0,0,NONE,train
Japan_003859.jpg,0,0,0,1,D40,train
Japan_003510.jpg,1,0,1,0,D00+D20,train
Japan_005663.jpg,0,0,0,0,NONE,train
Japan_000234.jpg,1,0,0,0,D00,train
Japan_005390.jpg,0,0,1,0,D20,train
Japan_011967.jpg,1,1,0,0,D00+D10,train
Japan_007207.jpg,0,1,1,0,D10+D20,train
Japan_003650.jpg,1,0,0,0,D00,train
Japan_003259.jpg,0,1,0,1,D10+D40,train
Japan_006990.jpg,0,0,1,0,D20,train
Japan_004922.jpg,1,0,0,0,D00,train
Japan_000561.jpg,0,0,0,0,NONE,train
Japan_012054.jpg,0,0,0,0,NONE,train
Japan_003472.jpg,0,0,1,1,D20+D40,train
Japan_009061.jpg,0,0,1,0,D20,train
Japan_006104.jpg,0,0,1,1,D20+D40,train
Japan_011884.jpg,0,0,1,0,D20,train
Japan_012780.jpg,0,0,1,0,D20,train
Japan_002979.jpg,0,0,1,0,D20,train
Japan_004273.jpg,0,1,1,0,D10+D20,train
Japan_004536.jpg,0,0,1,0,D20,train
Japan_009052.jpg,0,0,0,0,NONE,train
Japan_009435.jpg,0,0,1,0,D20,train
Japan_008824.jpg,0,0,0,0,NONE,train
Japan_012802.jpg,0,0,0,0,NONE,train
Japan_004286.jpg,0,0,0,0,NONE,train
Japan_008452.jpg,1,0,1,0,D00+D20,train
Japan_007674.jpg,0,1,0,0,D10,train
Japan_009427.jpg,0,0,1,1,D20+D40,train
Japan_006384.jpg,0,0,0,1,D40,train
Japan_010101.jpg,1,0,0,0,D00,train
Japan_007549.jpg,0,0,1,0,D20,train
Japan_010740.jpg,0,0,1,1,D20+D40,train
Japan_007019.jpg,0,0,1,0,D20,train
Japan_002752.jpg,0,0,0,0,NONE,train
Japan_000837.jpg,0,0,0,0,NONE,train
Japan_001872.jpg,0,1,0,0,D10,train
Japan_006966.jpg,0,0,0,0,NONE,train
Japan_012848.jpg,0,0,1,1,D20+D40,train
Japan_007612.jpg,0,0,1,0,D20,train
Japan_011231.jpg,1,0,0,0,D00,train
Japan_002510.jpg,0,0,0,1,D40,train
Japan_008204.jpg,0,1,1,1,D10+D20+D40,train
Japan_005862.jpg,0,0,1,0,D20,train
Japan_004987.jpg,1,0,0,0,D00,train
Japan_007627.jpg,0,0,0,0,NONE,train
Japan_004081.jpg,0,1,1,1,D10+D20+D40,train
Japan_003148.jpg,1,0,0,0,D00,train
Japan_006774.jpg,0,0,0,0,NONE,train
Japan_008708.jpg,0,0,1,0,D20,train
Japan_007552.jpg,0,0,0,1,D40,train
Japan_007474.jpg,0,1,0,0,D10,train
Japan_012034.jpg,0,0,0,0,NONE,train
Japan_001168.jpg,0,0,0,0,NONE,train
Japan_005908.jpg,0,0,0,0,NONE,train
Japan_001060.jpg,0,0,0,0,NONE,train
Japan_001627.jpg,0,0,1,0,D20,train
Japan_008004.jpg,1,0,0,0,D00,train
Japan_008647.jpg,0,0,0,0,NONE,train
Japan_007470.jpg,0,0,1,0,D20,train
Japan_010072.jpg,0,0,0,0,NONE,train
Japan_012673.jpg,1,0,0,0,D00,train
Japan_004952.jpg,0,0,0,0,NONE,train
Japan_007604.jpg,0,0,0,1,D40,train
Japan_006138.jpg,0,0,0,0,NONE,train
Japan_003078.jpg,0,0,0,0,NONE,train
Japan_006277.jpg,0,0,1,0,D20,train
Japan_000867.jpg,0,0,1,0,D20,train
Japan_003582.jpg,1,1,1,0,D00+D10+D20,train
Japan_007720.jpg,0,0,0,0,NONE,train
Japan_005450.jpg,0,0,0,0,NONE,train
Japan_012661.jpg,1,0,1,0,D00+D20,train
Japan_011975.jpg,1,0,0,0,D00,train
Japan_012871.jpg,0,0,1,0,D20,train
Japan_012116.jpg,0,0,0,0,NONE,train
Japan_001039.jpg,1,1,1,0,D00+D10+D20,train
Japan_011645.jpg,0,0,1,0,D20,train
Japan_005698.jpg,1,1,0,0,D00+D10,train
Japan_001436.jpg,0,0,1,0,D20,train
Japan_011914.jpg,0,1,1,0,D10+D20,train
Japan_006789.jpg,0,0,1,0,D20,train
Japan_001086.jpg,1,0,1,0,D00+D20,train
Japan_010245.jpg,0,0,1,1,D20+D40,train
Japan_006935.jpg,0,0,1,0,D20,train
Japan_003128.jpg,0,0,1,0,D20,train
Japan_004251.jpg,0,0,1,0,D20,train
Japan_011704.jpg,0,1,0,0,D10,train
Japan_002794.jpg,0,0,1,0,D20,train
Japan_012188.jpg,1,0,0,0,D00,train
Japan_006224.jpg,1,0,1,0,D00+D20,train
Japan_001382.jpg,0,0,0,0,NONE,train
Japan_012686.jpg,1,0,0,0,D00,train
Japan_002760.jpg,0,1,0,0,D10,train
Japan_012676.jpg,1,0,0,0,D00,train
Japan_007848.jpg,0,0,0,0,NONE,train
Japan_002657.jpg,0,0,0,0,NONE,train
Japan_008523.jpg,1,1,1,0,D00+D10+D20,train
Japan_004749.jpg,1,0,0,0,D00,train
Japan_006316.jpg,0,0,0,0,NONE,train
Japan_012778.jpg,1,0,0,0,D00,train
Japan_000221.jpg,1,0,0,0,D00,train
Japan_007491.jpg,1,1,0,0,D00+D10,train
Japan_000750.jpg,0,0,0,0,NONE,train
Japan_012660.jpg,0,0,1,1,D20+D40,train
Japan_000810.jpg,0,0,1,0,D20,train
Japan_001660.jpg,0,0,0,1,D40,train
Japan_008621.jpg,0,0,0,0,NONE,train
Japan_005403.jpg,0,0,1,1,D20+D40,train
Japan_003412.jpg,0,0,1,0,D20,train
Japan_009013.jpg,1,1,0,0,D00+D10,train
Japan_001734.jpg,1,1,1,0,D00+D10+D20,train
Japan_000581.jpg,0,0,0,0,NONE,train
Japan_010731.jpg,0,0,1,0,D20,train
Japan_011769.jpg,0,0,0,0,NONE,train
Japan_000727.jpg,0,0,1,1,D20+D40,train
Japan_007743.jpg,0,0,0,0,NONE,train
Japan_008099.jpg,0,0,1,0,D20,train
Japan_011049.jpg,0,0,1,0,D20,train
Japan_008577.jpg,0,0,1,0,D20,train
Japan_000489.jpg,1,0,0,0,D00,train
Japan_010029.jpg,1,1,0,0,D00+D10,train
Japan_006715.jpg,0,0,0,0,NONE,train
Japan_011612.jpg,0,0,1,1,D20+D40,train
Japan_002159.jpg,0,0,0,0,NONE,train
Japan_003967.jpg,0,0,1,0,D20,train
Japan_005299.jpg,0,0,1,0,D20,train
Japan_008486.jpg,0,0,0,0,NONE,train
Japan_006994.jpg,0,0,1,0,D20,train
Japan_008785.jpg,0,0,0,0,NONE,train
Japan_010717.jpg,1,1,1,0,D00+D10+D20,train
Japan_003931.jpg,1,0,0,0,D00,train
Japan_006811.jpg,1,1,0,0,D00+D10,train
Japan_001298.jpg,0,0,1,0,D20,train
Japan_004986.jpg,0,1,1,0,D10+D20,train
Japan_007586.jpg,0,0,1,0,D20,train
Japan_003059.jpg,0,1,1,0,D10+D20,train
Japan_001729.jpg,0,0,1,0,D20,train
Japan_008797.jpg,0,0,1,0,D20,train
Japan_006787.jpg,0,0,1,0,D20,train
Japan_012169.jpg,0,0,0,0,NONE,train
Japan_010323.jpg,1,0,0,0,D00,train
Japan_005210.jpg,0,0,1,0,D20,train
Japan_006513.jpg,0,1,0,0,D10,train
Japan_004371.jpg,0,0,1,0,D20,train
Japan_009633.jpg,0,0,1,0,D20,train
Japan_008557.jpg,0,1,1,0,D10+D20,train
Japan_012474.jpg,1,0,0,0,D00,train
Japan_005959.jpg,0,0,0,0,NONE,train
Japan_009145.jpg,0,0,0,0,NONE,train
Japan_002670.jpg,0,0,0,0,NONE,train
Japan_000212.jpg,0,1,0,0,D10,train
Japan_005718.jpg,0,0,1,0,D20,train
Japan_013085.jpg,1,1,1,0,D00+D10+D20,train
Japan_011444.jpg,0,0,0,0,NONE,train
Japan_000292.jpg,0,0,0,0,NONE,train
Japan_012941.jpg,0,0,1,0,D20,train
Japan_002325.jpg,0,1,0,0,D10,train
Japan_008288.jpg,1,1,0,0,D00+D10,train
Japan_009677.jpg,0,0,1,0,D20,train
Japan_009166.jpg,0,0,0,0,NONE,train
Japan_010161.jpg,0,0,1,0,D20,train
Japan_011692.jpg,0,1,1,0,D10+D20,train
Japan_004976.jpg,0,0,0,0,NONE,train
Japan_005516.jpg,0,0,0,1,D40,train
Japan_004178.jpg,0,0,1,0,D20,train
Japan_012260.jpg,1,0,0,1,D00+D40,train
Japan_003275.jpg,1,1,0,0,D00+D10,train
Japan_005660.jpg,0,0,0,1,D40,train
Japan_010267.jpg,1,1,1,0,D00+D10+D20,train
Japan_012806.jpg,0,0,0,0,NONE,train
Japan_005837.jpg,0,1,1,0,D10+D20,train
Japan_009662.jpg,0,0,0,1,D40,train
Japan_001267.jpg,0,0,0,0,NONE,train
Japan_012215.jpg,0,0,1,1,D20+D40,train
Japan_007292.jpg,0,1,1,0,D10+D20,train
Japan_001061.jpg,1,0,0,0,D00,train
Japan_009504.jpg,0,0,0,0,NONE,train
Japan_008143.jpg,0,0,1,1,D20+D40,train
Japan_003621.jpg,0,1,1,0,D10+D20,train
Japan_009223.jpg,1,1,1,0,D00+D10+D20,train
Japan_006861.jpg,0,0,1,1,D20+D40,train
Japan_000679.jpg,0,0,0,0,NONE,train
Japan_003176.jpg,0,0,1,0,D20,train
Japan_005473.jpg,0,1,0,0,D10,train
Japan_000038.jpg,0,0,0,0,NONE,train
Japan_010940.jpg,0,0,0,1,D40,train
Japan_011507.jpg,0,0,1,0,D20,train
Japan_002915.jpg,0,0,0,0,NONE,train
Japan_012904.jpg,0,0,1,0,D20,train
Japan_005772.jpg,0,0,0,0,NONE,train
Japan_011492.jpg,0,0,1,0,D20,train
Japan_009528.jpg,1,0,1,0,D00+D20,train
Japan_006313.jpg,0,0,0,0,NONE,train
Japan_005001.jpg,1,0,0,0,D00,train
Japan_010396.jpg,1,1,0,0,D00+D10,train
Japan_010732.jpg,0,0,0,0,NONE,train
Japan_007746.jpg,0,1,0,0,D10,train
Japan_003161.jpg,0,0,1,0,D20,train
Japan_000445.jpg,0,0,1,0,D20,train
Japan_010842.jpg,0,0,0,0,NONE,train
Japan_006961.jpg,0,0,1,0,D20,train
Japan_001617.jpg,0,0,1,0,D20,train
Japan_003933.jpg,1,0,1,1,D00+D20+D40,train
Japan_004937.jpg,1,0,0,0,D00,train
Japan_008457.jpg,0,0,1,0,D20,train
Japan_005153.jpg,1,0,0,0,D00,train
Japan_000319.jpg,1,0,0,0,D00,train
Japan_011355.jpg,0,0,1,0,D20,train
Japan_005966.jpg,1,0,1,1,D00+D20+D40,train
Japan_006293.jpg,0,0,0,1,D40,train
Japan_004977.jpg,0,0,1,0,D20,train
Japan_006054.jpg,0,0,0,0,NONE,train
Japan_004962.jpg,0,0,0,0,NONE,train
Japan_004480.jpg,0,0,1,0,D20,train
Japan_011235.jpg,0,0,0,0,NONE,train
Japan_002956.jpg,0,0,0,0,NONE,train
Japan_010879.jpg,0,0,0,0,NONE,train
Japan_007245.jpg,0,0,1,0,D20,train
Japan_008416.jpg,0,1,0,0,D10,train
Japan_006108.jpg,0,0,1,0,D20,train
Japan_012454.jpg,0,0,1,0,D20,train
Japan_006816.jpg,1,1,0,1,D00+D10+D40,train
Japan_008656.jpg,0,0,1,0,D20,train
Japan_007033.jpg,0,0,0,0,NONE,train
Japan_009029.jpg,0,0,1,0,D20,train
Japan_008107.jpg,0,0,1,0,D20,train
Japan_005578.jpg,1,1,1,1,D00+D10+D20+D40,train
Japan_008651.jpg,0,1,0,0,D10,train
Japan_007226.jpg,1,1,0,0,D00+D10,train
Japan_003232.jpg,1,0,1,0,D00+D20,train
Japan_001654.jpg,1,0,0,0,D00,train
Japan_012735.jpg,1,1,1,0,D00+D10+D20,train
Japan_007164.jpg,1,0,1,0,D00+D20,train
Japan_000103.jpg,1,0,0,0,D00,train
Japan_012081.jpg,0,0,1,0,D20,train
Japan_008715.jpg,0,0,0,0,NONE,train
Japan_004853.jpg,0,0,1,1,D20+D40,train
Japan_008418.jpg,1,0,1,0,D00+D20,train
Japan_011439.jpg,1,0,1,0,D00+D20,train
Japan_004629.jpg,1,0,0,0,D00,train
Japan_009704.jpg,0,1,0,0,D10,train
Japan_000508.jpg,0,0,0,0,NONE,train
Japan_006657.jpg,0,1,0,0,D10,train
Japan_006439.jpg,0,0,1,1,D20+D40,train
Japan_005695.jpg,1,0,0,0,D00,train
Japan_008471.jpg,0,0,0,1,D40,train
Japan_009939.jpg,0,1,1,0,D10+D20,train
Japan_004405.jpg,0,0,1,0,D20,train
Japan_012244.jpg,0,1,1,0,D10+D20,train
Japan_003629.jpg,0,1,1,0,D10+D20,train
Japan_006609.jpg,1,0,0,0,D00,train
Japan_011947.jpg,0,0,0,0,NONE,train
Japan_003517.jpg,0,1,0,0,D10,train
Japan_004694.jpg,1,0,0,0,D00,train
Japan_002327.jpg,0,1,0,0,D10,train
Japan_013101.jpg,0,0,1,0,D20,train
Japan_012058.jpg,1,0,0,0,D00,train
Japan_010794.jpg,0,0,1,0,D20,train
Japan_007087.jpg,0,0,0,0,NONE,train
Japan_006952.jpg,0,0,0,0,NONE,train
Japan_013009.jpg,0,0,0,0,NONE,train
Japan_004208.jpg,1,0,0,0,D00,train
Japan_004353.jpg,1,0,0,0,D00,train
Japan_012366.jpg,0,1,1,0,D10+D20,train
Japan_012223.jpg,1,0,0,0,D00,train
Japan_010340.jpg,1,0,1,0,D00+D20,train
Japan_008693.jpg,0,0,1,0,D20,train
Japan_007475.jpg,0,1,1,0,D10+D20,train
Japan_007158.jpg,0,0,1,0,D20,train
Japan_003729.jpg,0,1,1,0,D10+D20,train
Japan_009669.jpg,0,0,1,1,D20+D40,train
Japan_000368.jpg,0,0,1,0,D20,train
Japan_007866.jpg,0,0,0,0,NONE,train
Japan_002310.jpg,1,1,0,0,D00+D10,train
Japan_004008.jpg,1,0,0,0,D00,train
Japan_001100.jpg,0,1,0,0,D10,train
Japan_000217.jpg,0,0,0,0,NONE,train
Japan_006891.jpg,0,0,0,1,D40,train
Japan_012233.jpg,0,0,0,0,NONE,train
Japan_009042.jpg,0,0,0,0,NONE,train
Japan_003492.jpg,1,0,0,0,D00,train
Japan_004660.jpg,0,0,1,0,D20,train
Japan_009452.jpg,0,0,1,0,D20,train
Japan_010881.jpg,1,0,0,0,D00,train
Japan_006402.jpg,1,0,0,0,D00,train
Japan_005373.jpg,1,0,0,0,D00,train
Japan_007727.jpg,1,0,0,0,D00,train
Japan_003092.jpg,0,0,1,0,D20,train
Japan_007735.jpg,1,0,1,0,D00+D20,train
Japan_004496.jpg,1,0,0,0,D00,train
Japan_005285.jpg,0,0,1,0,D20,train
Japan_006651.jpg,0,1,1,0,D10+D20,train
Japan_005733.jpg,0,0,1,0,D20,train
Japan_005452.jpg,0,0,0,0,NONE,train
Japan_010543.jpg,1,0,0,0,D00,train
Japan_011455.jpg,1,0,0,0,D00,train
Japan_006710.jpg,0,0,0,0,NONE,train
Japan_010335.jpg,0,0,1,0,D20,train
Japan_004763.jpg,1,0,1,0,D00+D20,train
Japan_001644.jpg,0,0,1,0,D20,train
Japan_012354.jpg,0,1,1,0,D10+D20,train
Japan_012115.jpg,0,0,1,0,D20,train
Japan_000825.jpg,1,0,1,1,D00+D20+D40,train
Japan_007078.jpg,1,1,0,0,D00+D10,train
Japan_004994.jpg,0,1,0,1,D10+D40,train
Japan_009893.jpg,1,0,1,0,D00+D20,train
Japan_010770.jpg,1,1,1,0,D00+D10+D20,train
Japan_013125.jpg,0,1,0,0,D10,train
Japan_003738.jpg,0,1,1,0,D10+D20,train
Japan_002638.jpg,0,0,1,0,D20,train
Japan_008679.jpg,0,0,1,0,D20,train
Japan_012769.jpg,0,0,0,0,NONE,train
Japan_007943.jpg,0,0,0,0,NONE,train
Japan_007465.jpg,0,0,0,0,NONE,train
Japan_012610.jpg,1,0,0,0,D00,train
Japan_005923.jpg,0,0,0,0,NONE,train
Japan_005823.jpg,0,0,1,0,D20,train
Japan_009023.jpg,0,0,1,0,D20,train
Japan_006149.jpg,1,0,0,0,D00,train
Japan_009020.jpg,0,0,1,0,D20,train
Japan_011420.jpg,1,1,0,0,D00+D10,train
Japan_008916.jpg,0,0,0,0,NONE,train
Japan_006438.jpg,1,0,0,0,D00,train
Japan_012035.jpg,1,1,0,0,D00+D10,train
Japan_004777.jpg,0,1,1,0,D10+D20,train
Japan_001455.jpg,0,0,0,0,NONE,train
Japan_003131.jpg,1,0,0,1,D00+D40,train
Japan_011948.jpg,0,0,1,0,D20,train
Japan_007640.jpg,1,0,1,0,D00+D20,train
Japan_003500.jpg,0,0,1,0,D20,train
Japan_010471.jpg,1,0,0,0,D00,train
Japan_008304.jpg,0,0,0,0,NONE,train
Japan_003564.jpg,0,0,0,0,NONE,train
Japan_004145.jpg,0,0,1,0,D20,train
Japan_000638.jpg,1,0,0,0,D00,train
Japan_005618.jpg,0,0,0,0,NONE,train
Japan_002086.jpg,1,0,0,0,D00,train
Japan_011705.jpg,0,0,1,0,D20,train
Japan_007705.jpg,0,1,1,0,D10+D20,train
Japan_007844.jpg,0,0,0,1,D40,train
Japan_004805.jpg,0,0,0,0,NONE,train
Japan_010826.jpg,0,0,1,1,D20+D40,train
Japan_007702.jpg,0,1,0,0,D10,train
Japan_004497.jpg,0,0,0,0,NONE,train
Japan_000574.jpg,0,0,1,1,D20+D40,train
Japan_000762.jpg,1,1,1,0,D00+D10+D20,train
Japan_001506.jpg,0,1,1,0,D10+D20,train
Japan_004444.jpg,1,1,0,0,D00+D10,train
Japan_002704.jpg,0,0,1,0,D20,train
Japan_012281.jpg,0,1,1,0,D10+D20,train
Japan_008017.jpg,1,0,0,0,D00,train
Japan_003947.jpg,1,0,1,0,D00+D20,train
Japan_010405.jpg,0,1,1,0,D10+D20,train
Japan_010777.jpg,1,0,0,0,D00,train
Japan_003005.jpg,0,0,1,0,D20,train
Japan_012835.jpg,0,0,0,0,NONE,train
Japan_007852.jpg,0,0,1,1,D20+D40,train
Japan_001777.jpg,0,0,1,0,D20,train
Japan_008892.jpg,1,0,0,0,D00,train
Japan_009544.jpg,1,0,1,1,D00+D20+D40,train
Japan_006772.jpg,0,0,0,0,NONE,train
Japan_003182.jpg,0,0,1,0,D20,train
Japan_004287.jpg,0,0,1,0,D20,train
Japan_009620.jpg,0,0,1,0,D20,train
Japan_004663.jpg,0,0,1,0,D20,train
Japan_007213.jpg,0,1,1,1,D10+D20+D40,train
Japan_003286.jpg,1,1,0,0,D00+D10,train
Japan_006759.jpg,0,0,1,0,D20,train
Japan_008735.jpg,0,1,1,0,D10+D20,train
Japan_006616.jpg,0,0,0,1,D40,train
Japan_006001.jpg,0,0,1,0,D20,train
Japan_002261.jpg,0,0,0,0,NONE,train
Japan_001053.jpg,0,1,1,0,D10+D20,train
Japan_009830.jpg,1,0,0,0,D00,train
Japan_007473.jpg,0,0,1,1,D20+D40,train
Japan_001728.jpg,0,0,1,0,D20,train
Japan_009105.jpg,1,0,0,0,D00,train
Japan_001589.jpg,0,1,1,1,D10+D20+D40,train
Japan_010064.jpg,0,0,0,0,NONE,train
Japan_004358.jpg,0,0,0,0,NONE,train
Japan_010423.jpg,1,0,1,0,D00+D20,train
Japan_011449.jpg,1,1,1,1,D00+D10+D20+D40,train
Japan_002773.jpg,0,0,0,0,NONE,train
Japan_012420.jpg,1,1,1,0,D00+D10+D20,train
Japan_005743.jpg,1,0,0,0,D00,train
Japan_002690.jpg,0,1,1,1,D10+D20+D40,train
Japan_003536.jpg,0,0,1,0,D20,train
Japan_006824.jpg,0,0,0,1,D40,train
Japan_006883.jpg,0,0,0,0,NONE,train
Japan_006676.jpg,0,0,1,0,D20,train
Japan_004959.jpg,0,1,0,0,D10,train
Japan_011654.jpg,0,1,1,0,D10+D20,train
Japan_001557.jpg,1,1,0,0,D00+D10,train
Japan_010473.jpg,0,0,1,0,D20,train
Japan_002320.jpg,1,0,0,0,D00,train
Japan_000856.jpg,1,1,0,0,D00+D10,train
Japan_005327.jpg,0,0,0,1,D40,train
Japan_000888.jpg,1,0,0,0,D00,train
Japan_005341.jpg,0,0,1,0,D20,train
Japan_002920.jpg,1,1,1,0,D00+D10+D20,train
Japan_001999.jpg,1,0,0,0,D00,train
Japan_006708.jpg,0,0,1,0,D20,train
Japan_011638.jpg,0,0,1,0,D20,train
Japan_002694.jpg,1,0,0,0,D00,train
Japan_011999.jpg,1,1,0,0,D00+D10,train
Japan_009798.jpg,1,1,1,0,D00+D10+D20,train
Japan_010645.jpg,1,0,0,0,D00,train
Japan_003127.jpg,1,0,0,0,D00,train
Japan_007786.jpg,0,0,1,0,D20,train
Japan_004215.jpg,0,1,1,0,D10+D20,train
Japan_010705.jpg,0,0,1,1,D20+D40,train
Japan_011377.jpg,0,1,0,0,D10,train
Japan_006938.jpg,0,0,1,0,D20,train
Japan_010426.jpg,1,1,1,0,D00+D10+D20,train
Japan_008842.jpg,1,0,0,0,D00,train
Japan_005747.jpg,0,0,1,0,D20,train
Japan_001075.jpg,0,0,0,0,NONE,train
Japan_001736.jpg,0,0,1,0,D20,train
Japan_006057.jpg,1,1,1,0,D00+D10+D20,train
Japan_005035.jpg,0,0,0,0,NONE,train
Japan_013014.jpg,0,0,0,0,NONE,train
Japan_005647.jpg,0,0,1,0,D20,train
Japan_002172.jpg,1,1,1,0,D00+D10+D20,train
Japan_001755.jpg,1,0,0,0,D00,train
Japan_003721.jpg,0,0,1,0,D20,train
Japan_005151.jpg,1,1,0,0,D00+D10,train
Japan_012051.jpg,0,0,0,1,D40,train
Japan_008710.jpg,0,0,0,0,NONE,train
Japan_011589.jpg,0,0,0,0,NONE,train
Japan_006162.jpg,0,0,0,0,NONE,train
Japan_005445.jpg,0,0,1,0,D20,train
Japan_010173.jpg,0,0,1,0,D20,train
Japan_002992.jpg,1,1,0,0,D00+D10,train
Japan_000637.jpg,0,0,0,0,NONE,train
Japan_002029.jpg,0,0,0,0,NONE,train
Japan_002654.jpg,0,0,1,0,D20,train
Japan_005477.jpg,1,1,1,0,D00+D10+D20,train
Japan_005216.jpg,1,1,0,0,D00+D10,train
Japan_000500.jpg,0,0,1,0,D20,train
Japan_002235.jpg,0,0,0,0,NONE,train
Japan_010568.jpg,0,1,0,0,D10,train
Japan_008233.jpg,1,0,0,0,D00,train
Japan_006860.jpg,1,0,1,0,D00+D20,train
Japan_012441.jpg,0,0,0,0,NONE,train
Japan_008752.jpg,0,0,1,1,D20+D40,train
Japan_007030.jpg,0,0,1,0,D20,train
Japan_009902.jpg,0,0,0,0,NONE,train
Japan_008649.jpg,0,0,0,1,D40,train
Japan_006433.jpg,0,0,0,0,NONE,train
Japan_002545.jpg,1,0,0,0,D00,train
Japan_002842.jpg,1,0,0,0,D00,train
Japan_003277.jpg,0,0,1,0,D20,train
Japan_000736.jpg,0,0,0,1,D40,train
Japan_000262.jpg,0,0,0,0,NONE,train
Japan_012812.jpg,0,0,0,0,NONE,train
Japan_010049.jpg,1,0,0,0,D00,train
Japan_010677.jpg,0,1,0,0,D10,train
Japan_011313.jpg,0,0,1,0,D20,train
Japan_001295.jpg,1,0,0,0,D00,train
Japan_011378.jpg,0,0,0,0,NONE,train
Japan_005762.jpg,1,1,0,1,D00+D10+D40,train
Japan_011065.jpg,0,0,1,1,D20+D40,train
Japan_006242.jpg,0,0,1,0,D20,train
Japan_008732.jpg,0,0,0,0,NONE,train
Japan_001285.jpg,0,0,0,0,NONE,train
Japan_004247.jpg,0,0,1,1,D20+D40,train
Japan_011573.jpg,0,0,0,0,NONE,train
Japan_005674.jpg,0,0,0,0,NONE,train
Japan_007598.jpg,0,1,1,0,D10+D20,train
Japan_012322.jpg,0,0,1,1,D20+D40,train
Japan_012147.jpg,0,0,0,0,NONE,train
Japan_007298.jpg,0,0,1,1,D20+D40,train
Japan_005639.jpg,0,0,1,0,D20,train
Japan_011748.jpg,0,0,1,0,D20,train
Japan_008795.jpg,0,1,0,0,D10,train
Japan_010416.jpg,1,0,1,0,D00+D20,train
Japan_010530.jpg,0,0,1,0,D20,train
Japan_004241.jpg,1,0,1,0,D00+D20,train
Japan_001893.jpg,1,0,0,0,D00,train
Japan_003583.jpg,1,0,0,0,D00,train
Japan_003138.jpg,0,0,0,0,NONE,train
Japan_003077.jpg,1,1,1,0,D00+D10+D20,train
Japan_000878.jpg,0,0,0,0,NONE,train
Japan_004196.jpg,0,0,1,0,D20,train
Japan_004264.jpg,0,0,1,0,D20,train
Japan_001188.jpg,0,0,1,0,D20,train
Japan_008208.jpg,1,0,0,0,D00,train
Japan_009140.jpg,0,0,0,0,NONE,train
Japan_001887.jpg,0,0,0,0,NONE,train
Japan_010200.jpg,0,0,0,1,D40,train
Japan_005078.jpg,0,0,0,0,NONE,train
Japan_001750.jpg,0,0,1,0,D20,train
Japan_000329.jpg,0,0,1,1,D20+D40,train
Japan_001375.jpg,0,0,0,0,NONE,train
Japan_008265.jpg,0,0,1,0,D20,train
Japan_002934.jpg,1,1,0,0,D00+D10,train
Japan_012547.jpg,0,1,1,0,D10+D20,train
Japan_006388.jpg,1,0,1,0,D00+D20,train
Japan_007331.jpg,0,0,0,1,D40,train
Japan_008165.jpg,1,0,1,0,D00+D20,train
Japan_005988.jpg,0,0,0,0,NONE,train
Japan_004072.jpg,0,0,1,0,D20,train
Japan_002799.jpg,0,0,1,0,D20,train
Japan_005948.jpg,1,1,0,0,D00+D10,train
Japan_003911.jpg,0,0,1,1,D20+D40,train
Japan_002730.jpg,0,0,1,0,D20,train
Japan_003987.jpg,1,0,0,0,D00,train
Japan_004992.jpg,1,1,0,0,D00+D10,train
Japan_003403.jpg,0,0,0,1,D40,train
Japan_003793.jpg,0,0,1,0,D20,train
Japan_007871.jpg,0,0,1,0,D20,train
Japan_005796.jpg,0,0,0,0,NONE,train
Japan_004098.jpg,1,1,0,0,D00+D10,train
Japan_003024.jpg,0,0,1,0,D20,train
Japan_012553.jpg,0,0,1,0,D20,train
Japan_013132.jpg,1,0,1,0,D00+D20,train
Japan_009381.jpg,0,0,0,0,NONE,train
Japan_011168.jpg,0,0,0,0,NONE,train
Japan_009471.jpg,0,0,1,0,D20,train
Japan_007280.jpg,1,1,0,1,D00+D10+D40,train
Japan_008188.jpg,0,0,1,0,D20,train
Japan_005215.jpg,0,0,0,0,NONE,train
Japan_007723.jpg,1,1,1,0,D00+D10+D20,train
Japan_005010.jpg,1,1,0,0,D00+D10,train
Japan_004416.jpg,0,0,1,0,D20,train
Japan_002037.jpg,0,0,1,0,D20,train
Japan_002299.jpg,1,0,0,0,D00,train
Japan_001588.jpg,1,0,0,0,D00,train
Japan_006150.jpg,0,0,0,0,NONE,train
Japan_008497.jpg,1,0,0,0,D00,train
Japan_005172.jpg,0,0,1,0,D20,train
Japan_011178.jpg,0,0,0,0,NONE,train
Japan_004469.jpg,1,0,0,0,D00,train
Japan_003742.jpg,0,0,1,0,D20,train
Japan_007799.jpg,0,1,0,0,D10,train
Japan_000058.jpg,0,0,1,0,D20,train
Japan_009066.jpg,0,0,0,0,NONE,train
Japan_007719.jpg,0,0,0,0,NONE,train
Japan_008322.jpg,0,0,0,0,NONE,train
Japan_003021.jpg,0,1,0,0,D10,train
Japan_008705.jpg,0,0,0,0,NONE,train
Japan_007442.jpg,0,0,1,0,D20,train
Japan_008520.jpg,0,0,1,1,D20+D40,train
Japan_002147.jpg,0,0,0,0,NONE,train
Japan_008351.jpg,0,1,1,0,D10+D20,train
Japan_007637.jpg,0,0,0,1,D40,train
Japan_012762.jpg,0,0,1,0,D20,train
Japan_008022.jpg,0,1,0,0,D10,train
Japan_005289.jpg,0,0,1,1,D20+D40,train
Japan_011254.jpg,1,1,1,0,D00+D10+D20,train
Japan_002960.jpg,0,0,1,0,D20,train
Japan_012768.jpg,0,0,1,1,D20+D40,train
Japan_004227.jpg,0,0,0,0,NONE,train
Japan_006483.jpg,0,1,0,0,D10,train
Japan_010052.jpg,0,0,0,1,D40,train
Japan_008803.jpg,1,0,0,0,D00,train
Japan_010391.jpg,0,0,0,1,D40,train
Japan_010790.jpg,0,0,0,0,NONE,train
Japan_012962.jpg,0,0,0,0,NONE,train
Japan_009858.jpg,0,0,0,0,NONE,train
Japan_013040.jpg,0,1,1,0,D10+D20,train
Japan_012405.jpg,0,0,0,0,NONE,train
Japan_004147.jpg,0,0,0,0,NONE,train
Japan_002423.jpg,0,0,1,0,D20,train
Japan_005542.jpg,0,1,1,0,D10+D20,train
Japan_010494.jpg,1,0,0,0,D00,train
Japan_003670.jpg,1,0,0,1,D00+D40,train
Japan_004811.jpg,1,0,1,0,D00+D20,train
Japan_005201.jpg,0,0,1,0,D20,train
Japan_005687.jpg,0,0,0,1,D40,train
Japan_000748.jpg,1,0,0,0,D00,train
Japan_009947.jpg,0,1,0,0,D10,train
Japan_000333.jpg,0,0,1,1,D20+D40,train
Japan_006417.jpg,1,0,0,0,D00,train
Japan_008936.jpg,1,1,1,0,D00+D10+D20,train
Japan_001230.jpg,1,0,0,0,D00,train
Japan_011401.jpg,0,0,1,0,D20,train
Japan_001431.jpg,1,1,0,0,D00+D10,train
Japan_002721.jpg,1,0,0,0,D00,train
Japan_009086.jpg,1,0,0,0,D00,train
Japan_012403.jpg,1,1,1,0,D00+D10+D20,train
Japan_006184.jpg,1,1,1,0,D00+D10+D20,train
Japan_007483.jpg,0,0,1,0,D20,train
Japan_001330.jpg,0,0,1,0,D20,train
Japan_002759.jpg,1,0,0,0,D00,train
Japan_005448.jpg,1,1,1,0,D00+D10+D20,train
Japan_006839.jpg,1,1,0,0,D00+D10,train
Japan_009400.jpg,0,0,0,0,NONE,train
Japan_012887.jpg,0,0,0,0,NONE,train
Japan_006333.jpg,1,1,0,0,D00+D10,train
Japan_006497.jpg,0,0,0,0,NONE,train
Japan_012692.jpg,0,1,1,0,D10+D20,train
Japan_007190.jpg,0,0,0,0,NONE,train
Japan_000925.jpg,0,0,0,0,NONE,train
Japan_000657.jpg,1,0,0,0,D00,train
Japan_006705.jpg,0,1,0,0,D10,train
Japan_005773.jpg,1,0,0,0,D00,train
Japan_005911.jpg,1,0,0,1,D00+D40,train
Japan_007210.jpg,0,0,1,0,D20,train
Japan_011335.jpg,0,0,1,0,D20,train
Japan_011909.jpg,0,0,1,1,D20+D40,train
Japan_012638.jpg,1,0,0,0,D00,train
Japan_004931.jpg,1,1,0,0,D00+D10,train
Japan_005783.jpg,0,0,1,0,D20,train
Japan_000453.jpg,1,0,1,1,D00+D20+D40,train
Japan_007936.jpg,0,0,0,0,NONE,train
Japan_010429.jpg,1,0,0,0,D00,train
Japan_010710.jpg,1,0,0,0,D00,train
Japan_005659.jpg,0,1,1,0,D10+D20,train
Japan_001237.jpg,0,0,0,0,NONE,train
Japan_002073.jpg,1,0,0,0,D00,train
Japan_002520.jpg,1,0,1,0,D00+D20,train
Japan_011108.jpg,0,0,0,0,NONE,train
Japan_009106.jpg,1,0,0,0,D00,train
Japan_009983.jpg,1,0,1,0,D00+D20,train
Japan_001032.jpg,0,1,0,0,D10,train
Japan_012878.jpg,1,0,1,0,D00+D20,train
Japan_011611.jpg,1,0,0,0,D00,train
Japan_006940.jpg,1,0,0,0,D00,train
Japan_003702.jpg,0,0,0,0,NONE,train
Japan_000100.jpg,1,1,0,0,D00+D10,train
Japan_011859.jpg,0,0,1,1,D20+D40,train
Japan_009503.jpg,1,0,0,0,D00,train
Japan_003049.jpg,1,0,0,0,D00,train
Japan_000166.jpg,1,0,1,1,D00+D20+D40,train
Japan_000924.jpg,0,0,1,1,D20+D40,train
Japan_004174.jpg,0,1,0,0,D10,train
Japan_008902.jpg,0,0,1,0,D20,train
Japan_008819.jpg,0,0,1,0,D20,train
Japan_000393.jpg,0,1,0,0,D10,train
Japan_003845.jpg,0,1,1,0,D10+D20,train
Japan_001758.jpg,1,0,1,1,D00+D20+D40,train
Japan_000586.jpg,0,1,0,0,D10,train
Japan_008911.jpg,0,0,1,0,D20,train
Japan_000337.jpg,0,0,1,0,D20,train
Japan_007053.jpg,0,0,1,0,D20,train
Japan_011832.jpg,0,1,1,0,D10+D20,train
Japan_011495.jpg,0,0,1,0,D20,train
Japan_004966.jpg,1,1,0,0,D00+D10,train
Japan_011379.jpg,0,0,0,0,NONE,train
Japan_004402.jpg,0,0,0,0,NONE,train
Japan_011816.jpg,0,0,0,0,NONE,train
Japan_002195.jpg,1,1,0,0,D00+D10,train
Japan_006145.jpg,1,1,1,0,D00+D10+D20,train
Japan_001537.jpg,0,1,1,1,D10+D20+D40,train
Japan_007505.jpg,0,0,1,0,D20,train
Japan_010527.jpg,0,0,0,0,NONE,train
Japan_006032.jpg,0,0,0,0,NONE,train
Japan_002446.jpg,0,0,0,1,D40,train
Japan_007574.jpg,1,0,0,0,D00,train
Japan_007500.jpg,0,1,1,0,D10+D20,train
Japan_008838.jpg,1,0,0,0,D00,train
Japan_003658.jpg,0,0,1,0,D20,train
Japan_006530.jpg,0,1,1,0,D10+D20,train
Japan_009625.jpg,0,0,0,0,NONE,train
Japan_012594.jpg,0,0,0,0,NONE,train
Japan_012338.jpg,0,0,1,0,D20,train
Japan_005416.jpg,0,0,1,0,D20,train
Japan_007770.jpg,1,0,0,0,D00,train
Japan_006419.jpg,0,0,0,0,NONE,train
Japan_001123.jpg,1,0,0,0,D00,train
Japan_002218.jpg,1,0,0,0,D00,train
Japan_002137.jpg,0,0,0,0,NONE,train
Japan_007132.jpg,1,1,0,0,D00+D10,train
Japan_004797.jpg,0,0,0,1,D40,train
Japan_011980.jpg,1,1,0,0,D00+D10,train
Japan_009182.jpg,0,0,0,0,NONE,train
Japan_006005.jpg,0,0,0,0,NONE,train
Japan_008476.jpg,0,1,1,0,D10+D20,train
Japan_011588.jpg,0,0,1,0,D20,train
Japan_004723.jpg,0,0,1,0,D20,train
Japan_010513.jpg,0,0,0,0,NONE,train
Japan_002321.jpg,1,0,0,0,D00,train
Japan_005891.jpg,0,1,1,0,D10+D20,train
Japan_000935.jpg,0,1,0,0,D10,train
Japan_007194.jpg,0,1,1,0,D10+D20,train
Japan_008663.jpg,0,1,1,0,D10+D20,train
Japan_010961.jpg,0,0,0,0,NONE,train
Japan_007399.jpg,1,1,0,0,D00+D10,train
Japan_007105.jpg,0,0,1,0,D20,train
Japan_008025.jpg,1,0,0,0,D00,train
Japan_006806.jpg,1,0,0,0,D00,train
Japan_003796.jpg,0,0,0,1,D40,train
Japan_006758.jpg,1,0,1,0,D00+D20,train
Japan_008281.jpg,0,0,1,0,D20,train
Japan_000635.jpg,0,0,0,0,NONE,train
Japan_003014.jpg,0,0,1,0,D20,train
Japan_012584.jpg,0,0,0,0,NONE,train
Japan_012919.jpg,0,0,0,0,NONE,train
Japan_011565.jpg,0,0,0,0,NONE,train
Japan_001991.jpg,0,0,1,0,D20,train
Japan_009380.jpg,0,0,1,0,D20,train
Japan_011968.jpg,0,0,1,0,D20,train
Japan_006494.jpg,1,1,0,1,D00+D10+D40,train
Japan_011663.jpg,1,0,0,0,D00,train
Japan_008101.jpg,0,0,0,0,NONE,train
Japan_002111.jpg,1,1,0,0,D00+D10,train
Japan_004534.jpg,0,0,0,0,NONE,train
Japan_010448.jpg,1,1,0,0,D00+D10,train
Japan_003058.jpg,1,0,0,0,D00,train
Japan_000911.jpg,0,0,1,0,D20,train
Japan_007947.jpg,0,0,1,0,D20,train
Japan_002156.jpg,0,0,0,0,NONE,train
Japan_005305.jpg,1,0,0,0,D00,train
Japan_009703.jpg,0,0,0,0,NONE,train
Japan_005857.jpg,0,0,1,1,D20+D40,train
Japan_002768.jpg,0,0,0,0,NONE,train
Japan_002589.jpg,1,0,0,0,D00,train
Japan_010571.jpg,0,0,1,1,D20+D40,train
Japan_004437.jpg,0,1,0,0,D10,train
Japan_011584.jpg,0,0,0,0,NONE,train
Japan_003863.jpg,0,0,0,0,NONE,train
Japan_003639.jpg,0,0,0,0,NONE,train
Japan_008550.jpg,0,1,0,0,D10,train
Japan_010616.jpg,0,0,0,0,NONE,train
Japan_010058.jpg,0,0,0,0,NONE,train
Japan_012314.jpg,0,1,0,0,D10,train
Japan_000669.jpg,0,0,0,0,NONE,train
Japan_002591.jpg,0,0,1,0,D20,train
Japan_012558.jpg,0,0,0,0,NONE,train
Japan_002991.jpg,0,0,0,0,NONE,train
Japan_006348.jpg,0,0,1,0,D20,train
Japan_009202.jpg,1,0,0,0,D00,train
Japan_004956.jpg,0,0,0,0,NONE,train
Japan_010973.jpg,0,0,0,0,NONE,train
Japan_001634.jpg,0,0,0,0,NONE,train
Japan_002207.jpg,0,0,1,0,D20,train
Japan_002987.jpg,1,0,1,0,D00+D20,train
Japan_001665.jpg,1,0,0,0,D00,train
Japan_013046.jpg,0,0,1,0,D20,train
Japan_006690.jpg,0,0,1,0,D20,train
Japan_002674.jpg,0,0,0,0,NONE,train
Japan_009696.jpg,0,0,0,0,NONE,train
Japan_003641.jpg,0,0,0,0,NONE,train
Japan_012992.jpg,0,0,1,0,D20,train
Japan_002467.jpg,1,0,0,0,D00,train
Japan_005849.jpg,0,0,0,0,NONE,train
Japan_009121.jpg,1,1,0,0,D00+D10,train
Japan_011201.jpg,0,0,1,0,D20,train
Japan_005656.jpg,0,0,0,0,NONE,train
Japan_005654.jpg,0,0,0,1,D40,train
Japan_005935.jpg,0,0,1,0,D20,train
Japan_012145.jpg,0,0,0,0,NONE,train
Japan_006984.jpg,0,0,1,0,D20,train
Japan_003165.jpg,1,0,0,0,D00,train
Japan_001133.jpg,0,1,1,0,D10+D20,train
Japan_012719.jpg,0,0,1,0,D20,train
Japan_009990.jpg,0,0,0,0,NONE,train
Japan_009277.jpg,0,0,1,0,D20,train
Japan_010811.jpg,1,0,1,0,D00+D20,train
Japan_010199.jpg,0,0,0,0,NONE,train
Japan_004184.jpg,0,0,1,0,D20,train
Japan_001806.jpg,0,1,0,0,D10,train
Japan_000597.jpg,0,0,0,0,NONE,train
Japan_001248.jpg,0,0,0,0,NONE,train
Japan_003881.jpg,0,0,0,1,D40,train
Japan_005320.jpg,0,0,1,1,D20+D40,train
Japan_006186.jpg,1,0,0,0,D00,train
Japan_013060.jpg,0,0,1,0,D20,train
Japan_009104.jpg,0,0,1,0,D20,train
Japan_005836.jpg,0,1,1,0,D10+D20,train
Japan_009907.jpg,0,0,1,0,D20,train
Japan_005536.jpg,1,0,0,1,D00+D40,train
Japan_009133.jpg,1,1,1,0,D00+D10+D20,train
Japan_003836.jpg,1,0,0,0,D00,train
Japan_006602.jpg,0,1,1,0,D10+D20,train
Japan_000360.jpg,0,0,0,0,NONE,train
Japan_005945.jpg,0,0,0,0,NONE,train
Japan_007363.jpg,0,0,0,0,NONE,train
Japan_012944.jpg,0,1,0,0,D10,train
Japan_012152.jpg,0,0,1,0,D20,train
Japan_006400.jpg,1,0,1,0,D00+D20,train
Japan_004258.jpg,0,0,0,0,NONE,train
Japan_001850.jpg,0,0,1,0,D20,train
Japan_002230.jpg,0,0,1,0,D20,train
Japan_001907.jpg,0,0,1,0,D20,train
Japan_005764.jpg,0,0,1,0,D20,train
Japan_006706.jpg,0,0,0,0,NONE,train
Japan_009475.jpg,0,0,0,0,NONE,train
Japan_006475.jpg,0,0,0,0,NONE,train
Japan_004769.jpg,0,1,1,0,D10+D20,train
Japan_011987.jpg,0,0,0,0,NONE,train
Japan_010053.jpg,0,0,1,0,D20,train
Japan_003311.jpg,0,0,0,0,NONE,train
Japan_004625.jpg,1,0,0,0,D00,train
Japan_012073.jpg,0,1,1,0,D10+D20,train
Japan_009445.jpg,1,1,0,0,D00+D10,train
Japan_009650.jpg,0,1,0,0,D10,train
Japan_002564.jpg,0,1,0,0,D10,train
Japan_010317.jpg,1,0,0,0,D00,train
Japan_002069.jpg,0,0,1,0,D20,train
Japan_008592.jpg,1,0,0,0,D00,train
Japan_006893.jpg,1,0,0,0,D00,train
Japan_007942.jpg,0,0,1,1,D20+D40,train
Japan_004792.jpg,0,0,1,1,D20+D40,train
Japan_006580.jpg,1,0,0,0,D00,train
Japan_006825.jpg,0,0,1,1,D20+D40,train
Japan_002030.jpg,0,0,1,1,D20+D40,train
Japan_008615.jpg,0,0,1,0,D20,train
Japan_009080.jpg,1,0,0,0,D00,train
Japan_004618.jpg,1,0,1,0,D00+D20,train
Japan_012615.jpg,0,0,0,1,D40,train
Japan_006841.jpg,0,0,1,0,D20,train
Japan_012634.jpg,0,1,0,0,D10,train
Japan_010283.jpg,0,0,0,0,NONE,train
Japan_008336.jpg,0,0,0,0,NONE,train
Japan_006601.jpg,0,0,0,0,NONE,train
Japan_006468.jpg,0,0,0,1,D40,train
Japan_011563.jpg,0,1,1,0,D10+D20,train
Japan_000027.jpg,1,0,0,0,D00,train
Japan_004166.jpg,0,1,1,0,D10+D20,train
Japan_001992.jpg,0,0,0,0,NONE,train
Japan_005428.jpg,0,0,1,0,D20,train
Japan_001597.jpg,0,0,0,0,NONE,train
Japan_010408.jpg,0,1,0,0,D10,train
Japan_007982.jpg,0,0,1,0,D20,train
Japan_008493.jpg,0,0,1,0,D20,train
Japan_008157.jpg,1,0,1,0,D00+D20,train
Japan_007649.jpg,1,1,1,0,D00+D10+D20,train
Japan_002695.jpg,0,1,0,0,D10,train
Japan_000949.jpg,0,0,1,1,D20+D40,train
Japan_009916.jpg,1,0,0,0,D00,train
Japan_000915.jpg,0,0,1,0,D20,train
Japan_009733.jpg,0,0,1,1,D20+D40,train
Japan_007294.jpg,0,0,0,0,NONE,train
Japan_006842.jpg,1,0,0,0,D00,train
Japan_005535.jpg,0,0,0,0,NONE,train
Japan_002494.jpg,1,0,0,0,D00,train
Japan_008870.jpg,0,0,1,0,D20,train
Japan_003200.jpg,0,1,1,0,D10+D20,train
Japan_010018.jpg,0,0,1,0,D20,train
Japan_007688.jpg,0,0,0,0,NONE,train
Japan_000681.jpg,1,0,0,0,D00,train
Japan_001274.jpg,0,0,1,0,D20,train
Japan_007159.jpg,0,0,1,0,D20,train
Japan_009810.jpg,0,1,1,1,D10+D20+D40,train
Japan_005583.jpg,0,0,0,1,D40,train
Japan_005864.jpg,1,0,0,0,D00,train
Japan_000363.jpg,0,0,0,1,D40,train
Japan_006489.jpg,0,0,0,0,NONE,train
Japan_004341.jpg,0,0,1,0,D20,train
Japan_002665.jpg,0,0,1,1,D20+D40,train
Japan_004957.jpg,1,0,1,0,D00+D20,train
Japan_004018.jpg,0,0,1,0,D20,train
Japan_008369.jpg,0,0,1,0,D20,train
Japan_009433.jpg,0,0,1,0,D20,train
Japan_010342.jpg,0,0,1,0,D20,train
Japan_004170.jpg,0,0,0,1,D40,train
Japan_009818.jpg,0,0,1,0,D20,train
Japan_002220.jpg,1,0,0,0,D00,train
Japan_011433.jpg,0,0,1,0,D20,train
Japan_004970.jpg,0,0,1,1,D20+D40,train
Japan_006392.jpg,1,0,0,0,D00,train
Japan_009567.jpg,0,0,1,1,D20+D40,train
Japan_008706.jpg,1,0,1,0,D00+D20,train
Japan_009878.jpg,0,0,0,0,NONE,train
Japan_000939.jpg,0,0,1,0,D20,train
Japan_005766.jpg,0,0,0,0,NONE,train
Japan_005696.jpg,0,0,1,1,D20+D40,train
Japan_002627.jpg,1,1,0,0,D00+D10,train
Japan_012048.jpg,1,0,0,0,D00,train
Japan_002568.jpg,0,0,0,0,NONE,train
Japan_007172.jpg,1,0,0,0,D00,train
Japan_005682.jpg,1,1,0,0,D00+D10,train
Japan_001757.jpg,1,0,0,0,D00,train
Japan_011863.jpg,1,1,1,0,D00+D10+D20,train
Japan_005231.jpg,0,0,1,0,D20,train
Japan_005252.jpg,0,0,1,0,D20,train
Japan_002882.jpg,0,0,0,0,NONE,train
Japan_006238.jpg,0,0,0,0,NONE,train
Japan_000210.jpg,0,0,0,0,NONE,train
Japan_005875.jpg,0,0,1,0,D20,train
Japan_012932.jpg,0,0,0,0,NONE,train
Japan_010942.jpg,0,1,0,0,D10,train
Japan_007381.jpg,0,0,0,1,D40,train
Japan_000045.jpg,0,0,0,0,NONE,train
Japan_009874.jpg,0,0,1,0,D20,train
Japan_011544.jpg,1,0,1,1,D00+D20+D40,train
Japan_011340.jpg,0,0,0,0,NONE,train
Japan_012928.jpg,0,0,0,0,NONE,train
Japan_002447.jpg,1,0,0,0,D00,train
Japan_009943.jpg,1,1,0,0,D00+D10,train
Japan_012144.jpg,0,0,1,0,D20,train
Japan_009840.jpg,0,0,0,0,NONE,train
Japan_012209.jpg,1,0,0,0,D00,train
Japan_003032.jpg,0,0,1,0,D20,train
Japan_003924.jpg,0,0,1,0,D20,train
Japan_005621.jpg,0,0,1,0,D20,train
Japan_008597.jpg,0,0,1,0,D20,train
Japan_012536.jpg,0,1,1,0,D10+D20,train
Japan_009335.jpg,1,1,0,0,D00+D10,train
Japan_001247.jpg,0,0,1,1,D20+D40,train
Japan_005707.jpg,0,0,0,0,NONE,train
Japan_008583.jpg,1,0,0,0,D00,train
Japan_006795.jpg,0,0,0,0,NONE,train
Japan_000330.jpg,0,0,0,0,NONE,train
Japan_011765.jpg,0,0,0,0,NONE,train
Japan_005238.jpg,1,1,0,0,D00+D10,train
Japan_001948.jpg,0,0,0,0,NONE,train
Japan_012601.jpg,0,0,0,0,NONE,train
Japan_006510.jpg,0,0,0,0,NONE,train
Japan_005546.jpg,0,1,0,0,D10,train
Japan_004055.jpg,1,0,0,0,D00,train
Japan_006441.jpg,1,0,0,0,D00,train
Japan_006436.jpg,1,1,0,0,D00+D10,train
Japan_002401.jpg,0,0,1,0,D20,train
Japan_001029.jpg,1,1,1,0,D00+D10+D20,train
Japan_012365.jpg,0,0,0,1,D40,train
Japan_001707.jpg,1,0,0,0,D00,train
Japan_012076.jpg,0,0,0,0,NONE,train
Japan_005422.jpg,0,1,1,0,D10+D20,train
Japan_011403.jpg,0,0,1,0,D20,train
Japan_003111.jpg,0,0,1,0,D20,train
Japan_008342.jpg,0,0,1,0,D20,train
Japan_009210.jpg,0,1,1,0,D10+D20,train
Japan_006739.jpg,0,1,0,0,D10,train
Japan_006269.jpg,0,0,1,0,D20,train
Japan_008059.jpg,0,0,0,0,NONE,train
Japan_004042.jpg,0,0,0,1,D40,train
Japan_002117.jpg,0,0,0,0,NONE,train
Japan_006493.jpg,1,0,1,0,D00+D20,train
Japan_002341.jpg,0,0,0,0,NONE,train
Japan_005301.jpg,0,1,1,0,D10+D20,train
Japan_012728.jpg,0,1,0,0,D10,train
Japan_010502.jpg,1,0,0,0,D00,train
Japan_000641.jpg,0,0,1,0,D20,train
Japan_001498.jpg,0,0,0,0,NONE,train
Japan_001790.jpg,0,0,0,0,NONE,train
Japan_013034.jpg,0,0,0,0,NONE,train
Japan_004211.jpg,0,0,0,0,NONE,train
Japan_012683.jpg,0,0,0,0,NONE,train
Japan_010187.jpg,1,0,0,0,D00,train
Japan_001475.jpg,0,0,0,0,NONE,train
Japan_007150.jpg,0,0,0,0,NONE,train
Japan_003037.jpg,0,0,1,0,D20,train
Japan_001315.jpg,0,0,1,0,D20,train
Japan_002971.jpg,0,0,1,0,D20,train
Japan_000803.jpg,0,0,0,0,NONE,train
Japan_008553.jpg,0,0,1,0,D20,train
Japan_005046.jpg,1,1,0,0,D00+D10,train
Japan_001221.jpg,0,0,1,0,D20,train
Japan_007299.jpg,0,0,1,0,D20,train
Japan_008683.jpg,0,0,0,0,NONE,train
Japan_007834.jpg,0,0,1,0,D20,train
Japan_000886.jpg,0,0,1,0,D20,train
Japan_002538.jpg,0,1,0,1,D10+D40,train
Japan_001348.jpg,0,0,0,0,NONE,train
Japan_007228.jpg,0,0,1,0,D20,train
Japan_004714.jpg,0,0,0,1,D40,train
Japan_012124.jpg,0,0,0,0,NONE,train
Japan_001264.jpg,0,0,1,0,D20,train
Japan_007286.jpg,0,0,1,0,D20,train
Japan_006033.jpg,0,0,0,0,NONE,train
Japan_002890.jpg,1,0,0,0,D00,train
Japan_006985.jpg,1,0,1,0,D00+D20,train
Japan_001068.jpg,0,1,1,0,D10+D20,train
Japan_006649.jpg,0,0,1,0,D20,train
Japan_011143.jpg,0,0,0,0,NONE,train
Japan_005054.jpg,0,0,0,1,D40,train
Japan_012189.jpg,0,1,0,0,D10,train
Japan_003610.jpg,0,0,0,1,D40,train
Japan_007525.jpg,1,0,1,0,D00+D20,train
Japan_001204.jpg,0,0,1,0,D20,train
Japan_000565.jpg,1,0,0,0,D00,train
Japan_000760.jpg,0,0,1,0,D20,train
Japan_007401.jpg,1,0,0,0,D00,train
Japan_011768.jpg,0,0,0,0,NONE,train
Japan_006623.jpg,0,0,1,0,D20,train
Japan_003443.jpg,1,0,1,0,D00+D20,train
Japan_000400.jpg,1,0,0,0,D00,train
Japan_000519.jpg,0,0,0,0,NONE,train
Japan_012637.jpg,0,0,0,1,D40,train
Japan_002476.jpg,0,0,1,0,D20,train
Japan_004900.jpg,0,1,1,0,D10+D20,train
Japan_000554.jpg,0,1,0,0,D10,train
Japan_008056.jpg,0,0,1,0,D20,train
Japan_012653.jpg,0,0,1,0,D20,train
Japan_008007.jpg,0,0,0,0,NONE,train
Japan_004504.jpg,0,0,0,0,NONE,train
Japan_011770.jpg,0,0,0,0,NONE,train
Japan_009742.jpg,0,0,1,0,D20,train
Japan_010816.jpg,0,0,0,0,NONE,train
Japan_012112.jpg,1,0,0,0,D00,train
Japan_001182.jpg,0,0,1,0,D20,train
Japan_007346.jpg,1,0,0,0,D00,train
Japan_004268.jpg,1,0,0,0,D00,train
Japan_011511.jpg,1,0,0,0,D00,train
Japan_008855.jpg,0,0,1,0,D20,train
Japan_001696.jpg,0,1,1,0,D10+D20,train
Japan_004905.jpg,0,0,1,1,D20+D40,train
Japan_006071.jpg,1,1,1,0,D00+D10+D20,train
Japan_008325.jpg,0,0,0,0,NONE,train
Japan_008999.jpg,0,0,0,0,NONE,train
Japan_003187.jpg,0,0,0,1,D40,train
Japan_010619.jpg,0,1,1,0,D10+D20,train
Japan_005317.jpg,0,0,1,0,D20,train
Japan_006528.jpg,0,1,1,0,D10+D20,train
Japan_007437.jpg,1,0,0,0,D00,train
Japan_012122.jpg,0,1,0,0,D10,train
Japan_007136.jpg,1,0,0,0,D00,train
Japan_007683.jpg,0,0,1,1,D20+D40,train
Japan_005819.jpg,0,0,1,0,D20,train
Japan_000216.jpg,1,0,0,0,D00,train
Japan_007562.jpg,1,1,0,0,D00+D10,train
Japan_008636.jpg,0,0,0,0,NONE,train
Japan_002024.jpg,0,0,1,0,D20,train
Japan_009463.jpg,0,0,1,0,D20,train
Japan_001483.jpg,0,1,1,0,D10+D20,train
Japan_001255.jpg,0,0,0,0,NONE,train
Japan_011962.jpg,0,0,0,0,NONE,train
Japan_005824.jpg,0,0,1,1,D20+D40,train
Japan_012598.jpg,1,0,0,1,D00+D40,train
Japan_002038.jpg,1,0,0,0,D00,train
Japan_011899.jpg,0,0,1,0,D20,train
Japan_002970.jpg,0,0,0,1,D40,train
Japan_001538.jpg,1,0,0,0,D00,train
Japan_010095.jpg,0,1,1,0,D10+D20,train
Japan_003266.jpg,0,0,0,0,NONE,train
Japan_002479.jpg,0,1,1,0,D10+D20,train
Japan_003659.jpg,0,0,1,0,D20,train
Japan_002997.jpg,1,0,0,0,D00,train
Japan_006620.jpg,0,0,1,0,D20,train
Japan_003846.jpg,1,0,0,0,D00,train
Japan_005514.jpg,0,0,0,0,NONE,train
Japan_002700.jpg,0,0,1,0,D20,train
Japan_007669.jpg,0,0,0,0,NONE,train
Japan_005976.jpg,1,1,0,0,D00+D10,train
Japan_010398.jpg,0,0,0,0,NONE,train
Japan_011241.jpg,0,0,1,0,D20,train
Japan_000767.jpg,1,1,0,0,D00+D10,train
Japan_000793.jpg,1,0,0,0,D00,train
Japan_005038.jpg,0,0,0,0,NONE,train
Japan_002432.jpg,0,0,0,0,NONE,train
Japan_009423.jpg,0,1,0,0,D10,train
Japan_006106.jpg,0,0,1,0,D20,train
Japan_007630.jpg,1,0,0,0,D00,train
Japan_008763.jpg,1,0,0,0,D00,train
Japan_012746.jpg,0,1,0,0,D10,train
Japan_011747.jpg,1,0,1,0,D00+D20,train
Japan_002633.jpg,0,0,0,0,NONE,train
Japan_004009.jpg,1,0,0,0,D00,train
Japan_011014.jpg,0,0,0,0,NONE,train
Japan_009562.jpg,1,1,0,0,D00+D10,train
Japan_003655.jpg,0,1,0,0,D10,train
Japan_012744.jpg,0,0,0,1,D40,train
Japan_003191.jpg,1,0,1,0,D00+D20,train
Japan_013057.jpg,0,0,1,0,D20,train
Japan_003219.jpg,1,0,0,0,D00,train
Japan_002972.jpg,0,0,1,0,D20,train
Japan_002381.jpg,1,0,0,0,D00,train
Japan_003941.jpg,1,1,0,0,D00+D10,train
Japan_000639.jpg,0,0,1,1,D20+D40,train
Japan_007100.jpg,1,0,0,0,D00,train
Japan_005478.jpg,1,1,0,0,D00+D10,train
Japan_012626.jpg,1,0,1,0,D00+D20,train
Japan_004988.jpg,0,0,0,1,D40,train
Japan_003661.jpg,1,0,0,0,D00,train
Japan_010143.jpg,1,0,0,0,D00,train
Japan_007183.jpg,1,0,0,0,D00,train
Japan_004462.jpg,0,0,0,0,NONE,train
Japan_010932.jpg,0,0,0,1,D40,train
Japan_004692.jpg,0,0,0,0,NONE,train
Japan_005595.jpg,1,0,0,0,D00,train
Japan_000781.jpg,0,0,1,0,D20,train
Japan_006252.jpg,1,0,0,0,D00,train
Japan_009411.jpg,0,1,1,0,D10+D20,train
Japan_000987.jpg,0,0,1,1,D20+D40,train
Japan_003663.jpg,0,0,0,0,NONE,train
Japan_003910.jpg,0,0,0,0,NONE,train
Japan_012732.jpg,0,0,1,0,D20,train
Japan_004690.jpg,1,1,1,0,D00+D10+D20,train
Japan_001666.jpg,0,0,1,0,D20,train
Japan_011755.jpg,0,0,1,0,D20,train
Japan_007557.jpg,0,0,1,1,D20+D40,train
Japan_005951.jpg,0,1,0,0,D10,train
Japan_008869.jpg,0,0,0,0,NONE,train
Japan_012613.jpg,0,0,1,0,D20,train
Japan_007119.jpg,1,0,0,0,D00,train
Japan_004918.jpg,0,0,0,0,NONE,train
Japan_007368.jpg,0,0,1,0,D20,train
Japan_000780.jpg,0,0,1,0,D20,train
Japan_012550.jpg,0,1,1,0,D10+D20,train
Japan_013082.jpg,0,0,1,0,D20,train
Japan_009049.jpg,1,1,0,1,D00+D10+D40,train
Japan_012065.jpg,0,1,0,0,D10,train
Japan_004221.jpg,1,1,0,0,D00+D10,train
Japan_001466.jpg,0,0,1,0,D20,train
Japan_001875.jpg,0,0,0,0,NONE,train
Japan_008849.jpg,0,0,0,0,NONE,train
Japan_009160.jpg,0,1,0,1,D10+D40,train
Japan_008917.jpg,0,1,0,0,D10,train
Japan_000391.jpg,0,0,0,0,NONE,train
Japan_012849.jpg,1,1,0,0,D00+D10,train
Japan_008811.jpg,0,0,0,0,NONE,train
Japan_012393.jpg,0,0,1,0,D20,train
Japan_007809.jpg,1,1,0,0,D00+D10,train
Japan_003979.jpg,0,0,1,1,D20+D40,train
Japan_011536.jpg,0,0,1,0,D20,train
Japan_008076.jpg,0,0,0,0,NONE,train
Japan_011189.jpg,0,0,0,0,NONE,train
Japan_011865.jpg,0,0,0,0,NONE,train
Japan_011221.jpg,0,0,1,0,D20,train
Japan_009751.jpg,0,0,1,0,D20,train
Japan_006437.jpg,1,1,0,1,D00+D10+D40,train
Japan_009997.jpg,0,0,0,1,D40,train
Japan_001879.jpg,1,0,0,0,D00,train
Japan_011745.jpg,0,0,1,1,D20+D40,train
Japan_000774.jpg,0,1,0,0,D10,train
Japan_002068.jpg,0,0,0,0,NONE,train
Japan_009569.jpg,0,0,0,0,NONE,train
Japan_013077.jpg,0,0,1,0,D20,train
Japan_005525.jpg,0,0,1,0,D20,train
Japan_011070.jpg,0,0,1,0,D20,train
Japan_005024.jpg,0,0,0,0,NONE,train
Japan_000787.jpg,0,1,0,0,D10,train
Japan_005799.jpg,0,0,0,0,NONE,train
Japan_002273.jpg,0,0,1,0,D20,train
Japan_007783.jpg,1,0,0,0,D00,train
Japan_000440.jpg,0,0,1,0,D20,train
Japan_008610.jpg,0,0,1,0,D20,train
Japan_007263.jpg,0,0,1,1,D20+D40,train
Japan_009072.jpg,0,0,0,1,D40,train
Japan_012760.jpg,0,1,0,0,D10,train
Japan_010846.jpg,0,0,0,0,NONE,train
Japan_003358.jpg,0,1,0,0,D10,train
Japan_008042.jpg,1,0,1,0,D00+D20,train
Japan_005666.jpg,0,0,1,1,D20+D40,train
Japan_003964.jpg,1,0,0,0,D00,train
Japan_008766.jpg,0,1,0,1,D10+D40,train
Japan_002612.jpg,0,0,0,0,NONE,train
Japan_010939.jpg,1,0,0,0,D00,train
Japan_008388.jpg,1,0,0,0,D00,train
Japan_005554.jpg,0,0,0,0,NONE,train
Japan_008145.jpg,0,0,0,1,D40,train
Japan_004143.jpg,1,1,0,1,D00+D10+D40,train
Japan_003503.jpg,0,0,1,0,D20,train
Japan_001052.jpg,0,1,0,0,D10,train
Japan_001010.jpg,0,0,0,0,NONE,train
Japan_010766.jpg,0,1,0,1,D10+D40,train
Japan_000128.jpg,0,0,1,0,D20,train
Japan_003125.jpg,0,1,1,0,D10+D20,train
Japan_011346.jpg,0,1,1,1,D10+D20+D40,train
Japan_000111.jpg,0,0,1,0,D20,train
Japan_004289.jpg,0,0,1,1,D20+D40,train
Japan_005817.jpg,0,0,1,0,D20,train
Japan_007825.jpg,0,1,1,0,D10+D20,train
Japan_008080.jpg,1,0,1,0,D00+D20,train
Japan_002224.jpg,1,1,0,0,D00+D10,train
Japan_003268.jpg,1,1,1,0,D00+D10+D20,train
Japan_013024.jpg,0,0,0,0,NONE,train
Japan_009643.jpg,0,0,0,0,NONE,train
Japan_010347.jpg,0,0,0,0,NONE,train
Japan_009299.jpg,0,1,1,0,D10+D20,train
Japan_005481.jpg,1,0,0,0,D00,train
Japan_013063.jpg,0,0,0,1,D40,train
Japan_002999.jpg,0,0,1,0,D20,train
Japan_009378.jpg,0,1,0,0,D10,train
Japan_000104.jpg,1,0,0,0,D00,train
Japan_010818.jpg,0,0,0,0,NONE,train
Japan_007860.jpg,0,0,1,0,D20,train
Japan_002231.jpg,0,0,0,0,NONE,train
Japan_000456.jpg,0,0,0,0,NONE,train
Japan_012702.jpg,0,0,1,0,D20,train
Japan_011714.jpg,0,0,1,0,D20,train
Japan_011131.jpg,1,1,0,0,D00+D10,train
Japan_003762.jpg,0,0,1,0,D20,train
Japan_007356.jpg,1,0,0,1,D00+D40,train
Japan_011786.jpg,0,0,1,0,D20,train
Japan_000452.jpg,0,1,1,0,D10+D20,train
Japan_003361.jpg,0,0,1,0,D20,train
Japan_009764.jpg,1,0,1,0,D00+D20,train
Japan_005534.jpg,0,0,1,1,D20+D40,train
Japan_000180.jpg,0,0,0,0,NONE,train
Japan_007617.jpg,1,0,0,0,D00,train
Japan_001667.jpg,0,0,0,1,D40,train
Japan_010478.jpg,1,1,0,0,D00+D10,train
Japan_009853.jpg,0,1,0,0,D10,train
Japan_005050.jpg,0,0,1,0,D20,train
Japan_007395.jpg,0,0,0,0,NONE,train
Japan_000496.jpg,0,0,0,0,NONE,train
Japan_000745.jpg,0,0,0,0,NONE,train
Japan_000196.jpg,0,0,1,0,D20,train
Japan_005225.jpg,1,0,0,0,D00,train
Japan_010949.jpg,1,1,1,1,D00+D10+D20+D40,train
Japan_009352.jpg,0,1,1,0,D10+D20,train
Japan_012307.jpg,0,0,0,0,NONE,train
Japan_005921.jpg,0,0,1,0,D20,train
Japan_001509.jpg,0,0,0,0,NONE,train
Japan_000178.jpg,0,0,0,0,NONE,train
Japan_001685.jpg,0,0,0,1,D40,train
Japan_004183.jpg,0,1,1,0,D10+D20,train
Japan_000789.jpg,1,0,1,0,D00+D20,train
Japan_002487.jpg,1,1,0,0,D00+D10,train
Japan_006965.jpg,1,0,0,0,D00,train
Japan_009358.jpg,0,0,1,1,D20+D40,train
Japan_009081.jpg,0,0,0,0,NONE,train
Japan_005249.jpg,0,1,0,0,D10,train
Japan_000523.jpg,1,0,0,0,D00,train
Japan_007495.jpg,1,1,0,0,D00+D10,train
Japan_005501.jpg,0,0,1,0,D20,train
Japan_004067.jpg,1,0,0,0,D00,train
Japan_008467.jpg,0,0,0,0,NONE,train
Japan_003572.jpg,1,1,1,0,D00+D10+D20,train
Japan_004796.jpg,0,0,0,0,NONE,train
Japan_010890.jpg,0,0,1,0,D20,train
Japan_000101.jpg,0,1,0,0,D10,train
Japan_003333.jpg,0,1,0,1,D10+D40,train
Japan_004933.jpg,1,1,0,0,D00+D10,train
Japan_004880.jpg,0,0,0,0,NONE,train
Japan_004176.jpg,1,0,0,0,D00,train
Japan_006067.jpg,1,0,0,0,D00,train
Japan_002781.jpg,1,0,0,0,D00,train
Japan_005248.jpg,1,0,0,0,D00,train
Japan_001485.jpg,1,0,0,0,D00,train
Japan_002553.jpg,0,0,1,0,D20,train
Japan_003047.jpg,0,1,0,0,D10,train
Japan_002465.jpg,0,0,0,0,NONE,train
Japan_010901.jpg,0,0,0,0,NONE,train
Japan_010504.jpg,0,0,1,0,D20,train
Japan_012480.jpg,0,0,0,0,NONE,train
Japan_002703.jpg,0,0,0,0,NONE,train
Japan_004897.jpg,0,0,1,0,D20,train
Japan_002404.jpg,1,0,0,0,D00,train
Japan_006654.jpg,1,0,0,0,D00,train
Japan_000225.jpg,0,1,0,0,D10,train
Japan_010280.jpg,0,1,1,0,D10+D20,train
Japan_010038.jpg,0,1,0,0,D10,train
Japan_001501.jpg,0,1,0,0,D10,train
Japan_003777.jpg,0,0,1,0,D20,train
Japan_006945.jpg,0,1,0,0,D10,train
Japan_007925.jpg,0,0,1,0,D20,train
Japan_007396.jpg,1,0,0,0,D00,train
Japan_010076.jpg,0,0,0,0,NONE,train
Japan_006278.jpg,0,1,0,0,D10,train
Japan_005869.jpg,0,0,0,1,D40,train
Japan_009741.jpg,1,0,0,0,D00,train
Japan_011870.jpg,0,0,1,0,D20,train
Japan_007986.jpg,0,0,1,0,D20,train
Japan_012920.jpg,0,0,1,0,D20,train
Japan_012256.jpg,0,0,0,0,NONE,train
Japan_009945.jpg,0,0,0,0,NONE,train
Japan_004304.jpg,0,0,1,0,D20,train
Japan_009190.jpg,1,0,0,0,D00,train
Japan_006827.jpg,1,0,0,1,D00+D40,train
Japan_008164.jpg,1,0,0,0,D00,train
Japan_009241.jpg,0,0,0,0,NONE,train
Japan_011180.jpg,1,1,0,0,D00+D10,train
Japan_004722.jpg,1,0,0,0,D00,train
Japan_010244.jpg,1,0,0,0,D00,train
Japan_012044.jpg,0,0,1,0,D20,train
Japan_006167.jpg,1,0,0,0,D00,train
Japan_005892.jpg,0,0,1,0,D20,train
Japan_003998.jpg,0,0,1,1,D20+D40,train
Japan_012576.jpg,0,0,1,1,D20+D40,train
Japan_012404.jpg,0,0,1,1,D20+D40,train
Japan_006214.jpg,0,0,0,0,NONE,train
Japan_007579.jpg,0,0,1,1,D20+D40,train
Japan_007439.jpg,1,0,1,0,D00+D20,train
Japan_009630.jpg,0,0,1,1,D20+D40,train
Japan_002964.jpg,1,0,1,0,D00+D20,train
Japan_000099.jpg,1,1,0,0,D00+D10,train
Japan_001698.jpg,0,0,1,0,D20,train
Japan_005208.jpg,0,0,1,0,D20,train
Japan_005207.jpg,0,0,1,0,D20,train
Japan_007404.jpg,0,0,0,0,NONE,train
Japan_000685.jpg,0,0,0,0,NONE,train
Japan_010054.jpg,0,0,0,1,D40,train
Japan_011854.jpg,0,0,1,1,D20+D40,train
Japan_000917.jpg,1,0,1,0,D00+D20,train
Japan_011586.jpg,0,0,1,1,D20+D40,train
Japan_006587.jpg,0,0,1,0,D20,train
Japan_006495.jpg,0,0,0,0,NONE,train
Japan_011275.jpg,1,0,0,0,D00,train
Japan_005471.jpg,1,1,1,0,D00+D10+D20,train
Japan_008035.jpg,0,0,0,0,NONE,train
Japan_007184.jpg,1,0,1,0,D00+D20,train
Japan_004847.jpg,1,0,1,1,D00+D20+D40,train
Japan_007212.jpg,0,1,1,0,D10+D20,train
Japan_000545.jpg,0,0,1,0,D20,train
Japan_008562.jpg,1,0,0,0,D00,train
Japan_008173.jpg,0,0,1,0,D20,train
Japan_012815.jpg,1,0,1,0,D00+D20,train
Japan_013092.jpg,1,0,0,0,D00,train
Japan_012374.jpg,1,0,0,1,D00+D40,train
Japan_003023.jpg,1,0,0,0,D00,train
Japan_009195.jpg,0,0,1,1,D20+D40,train
Japan_009122.jpg,0,0,1,0,D20,train
Japan_006561.jpg,0,1,1,0,D10+D20,train
Japan_001897.jpg,0,1,0,0,D10,train
Japan_005793.jpg,0,0,1,0,D20,train
Japan_000298.jpg,0,0,1,0,D20,train
Japan_003429.jpg,0,0,0,0,NONE,train
Japan_004490.jpg,0,1,0,0,D10,train
Japan_009903.jpg,0,0,0,0,NONE,train
Japan_004963.jpg,1,1,0,0,D00+D10,train
Japan_000710.jpg,1,1,0,0,D00+D10,train
Japan_000064.jpg,0,1,1,1,D10+D20+D40,train
Japan_000934.jpg,0,0,0,1,D40,train
Japan_012657.jpg,1,0,0,0,D00,train
Japan_002565.jpg,0,1,0,0,D10,train
Japan_010549.jpg,1,1,0,0,D00+D10,train
Japan_007938.jpg,0,0,1,0,D20,train
Japan_005034.jpg,1,0,1,1,D00+D20+D40,train
Japan_000528.jpg,1,0,1,0,D00+D20,train
Japan_003430.jpg,0,0,0,0,NONE,train
Japan_008260.jpg,0,0,1,0,D20,train
Japan_002425.jpg,1,1,0,0,D00+D10,train
Japan_005861.jpg,0,0,1,0,D20,train
Japan_008103.jpg,0,0,0,0,NONE,train
Japan_013080.jpg,0,0,1,0,D20,train
Japan_003514.jpg,0,0,1,0,D20,train
Japan_000509.jpg,0,0,1,0,D20,train
Japan_010968.jpg,1,0,0,0,D00,train
Japan_006551.jpg,1,1,0,0,D00+D10,train
Japan_008874.jpg,1,1,0,1,D00+D10+D40,train
Japan_004675.jpg,0,0,0,0,NONE,train
Japan_000244.jpg,0,0,0,0,NONE,train
Japan_009203.jpg,0,0,1,0,D20,train
Japan_009163.jpg,0,0,0,0,NONE,train
Japan_004833.jpg,0,0,0,0,NONE,train
Japan_005145.jpg,0,0,0,0,NONE,train
Japan_008426.jpg,0,0,1,0,D20,train
Japan_007906.jpg,0,0,0,0,NONE,train
Japan_004978.jpg,0,1,0,0,D10,train
Japan_007446.jpg,0,1,0,0,D10,train
Japan_005550.jpg,0,0,0,0,NONE,train
Japan_008176.jpg,0,1,0,0,D10,train
Japan_007415.jpg,0,0,1,0,D20,train
Japan_000646.jpg,0,1,1,0,D10+D20,train
Japan_008573.jpg,1,0,0,0,D00,train
Japan_005844.jpg,0,0,1,0,D20,train
Japan_000485.jpg,0,0,0,0,NONE,train
Japan_004530.jpg,0,0,1,0,D20,train
Japan_008781.jpg,0,1,0,0,D10,train
Japan_004350.jpg,0,0,0,0,NONE,train
Japan_002481.jpg,0,0,1,0,D20,train
Japan_006390.jpg,0,0,0,0,NONE,train
Japan_012347.jpg,0,0,1,0,D20,train
Japan_012523.jpg,0,0,1,0,D20,train
Japan_001786.jpg,0,0,0,0,NONE,train
Japan_000042.jpg,0,0,1,0,D20,train
Japan_012955.jpg,1,1,0,0,D00+D10,train
Japan_008928.jpg,0,0,1,0,D20,train
Japan_000138.jpg,0,0,0,0,NONE,train
Japan_001952.jpg,0,1,0,0,D10,train
Japan_004790.jpg,0,0,0,0,NONE,train
Japan_000350.jpg,1,1,1,0,D00+D10+D20,train
Japan_004862.jpg,0,0,1,0,D20,train
Japan_006258.jpg,1,0,0,0,D00,train
Japan_007234.jpg,1,0,0,0,D00,train
Japan_003095.jpg,0,0,1,0,D20,train
Japan_005953.jpg,0,1,0,0,D10,train
Japan_002524.jpg,0,0,1,0,D20,train
Japan_011639.jpg,0,0,0,0,NONE,train
Japan_005311.jpg,0,1,1,0,D10+D20,train
Japan_009524.jpg,1,0,1,0,D00+D20,train
Japan_012149.jpg,0,0,0,0,NONE,train
Japan_011969.jpg,1,1,1,0,D00+D10+D20,train
Japan_012659.jpg,1,0,0,0,D00,train
Japan_007274.jpg,0,0,0,0,NONE,train
Japan_008126.jpg,0,0,0,0,NONE,train
Japan_010229.jpg,0,0,0,0,NONE,train
Japan_009549.jpg,0,1,0,0,D10,train
Japan_010263.jpg,0,0,0,0,NONE,train
Japan_012738.jpg,0,0,0,0,NONE,train
Japan_011655.jpg,0,0,1,0,D20,train
Japan_007883.jpg,1,0,0,0,D00,train
Japan_010353.jpg,1,1,0,0,D00+D10,train
Japan_008237.jpg,1,0,0,0,D00,train
Japan_012953.jpg,0,1,1,1,D10+D20+D40,train
Japan_004567.jpg,0,0,1,1,D20+D40,train
Japan_007851.jpg,0,0,0,0,NONE,train
Japan_004720.jpg,1,1,1,1,D00+D10+D20+D40,train
Japan_009914.jpg,0,0,0,0,NONE,train
Japan_000677.jpg,0,0,0,0,NONE,train
Japan_011372.jpg,1,0,1,0,D00+D20,train
Japan_006082.jpg,0,0,1,0,D20,train
Japan_007351.jpg,0,0,1,1,D20+D40,train
Japan_012194.jpg,0,0,0,0,NONE,train
Japan_002855.jpg,1,0,0,0,D00,train
Japan_009461.jpg,0,0,0,1,D40,train
Japan_006411.jpg,1,0,0,0,D00,train
Japan_003791.jpg,0,0,0,0,NONE,train
Japan_002365.jpg,0,0,1,1,D20+D40,train
Japan_005515.jpg,0,0,0,1,D40,train
Japan_004935.jpg,0,0,0,0,NONE,train
Japan_004290.jpg,0,1,0,0,D10,train
Japan_010365.jpg,1,1,1,0,D00+D10+D20,train
Japan_010153.jpg,0,0,1,0,D20,train
Japan_012560.jpg,0,0,1,0,D20,train
Japan_007635.jpg,0,0,0,1,D40,train
Japan_005263.jpg,1,0,0,0,D00,train
Japan_002101.jpg,0,1,1,0,D10+D20,train
Japan_000086.jpg,0,0,0,0,NONE,train
Japan_000626.jpg,1,0,0,0,D00,train
Japan_007166.jpg,0,0,1,0,D20,train
Japan_005626.jpg,0,0,0,0,NONE,train
Japan_008648.jpg,0,0,0,0,NONE,train
Japan_008087.jpg,0,0,1,1,D20+D40,train
Japan_008102.jpg,0,0,0,0,NONE,train
Japan_011713.jpg,0,1,0,0,D10,train
Japan_003860.jpg,0,0,1,0,D20,train
Japan_012164.jpg,0,0,1,0,D20,train
Japan_003560.jpg,0,0,0,0,NONE,train
Japan_011494.jpg,0,1,0,1,D10+D40,train
Japan_002084.jpg,0,1,1,0,D10+D20,train
Japan_002434.jpg,0,0,1,0,D20,train
Japan_000705.jpg,0,0,1,0,D20,train
Japan_011202.jpg,0,0,1,1,D20+D40,train
Japan_009016.jpg,0,1,1,0,D10+D20,train
Japan_009374.jpg,1,0,0,0,D00,train
Japan_000233.jpg,1,1,0,0,D00+D10,train
Japan_004436.jpg,1,0,1,0,D00+D20,train
Japan_009532.jpg,0,0,0,0,NONE,train
Japan_008289.jpg,0,0,1,0,D20,train
Japan_005646.jpg,0,1,1,0,D10+D20,train
Japan_001753.jpg,0,0,0,0,NONE,train
Japan_005155.jpg,1,0,0,0,D00,train
Japan_007837.jpg,1,0,0,0,D00,train
Japan_000421.jpg,1,1,0,0,D00+D10,train
Japan_008150.jpg,0,0,0,0,NONE,train
Japan_005065.jpg,0,1,0,0,D10,train
Japan_005814.jpg,0,0,0,1,D40,train
Japan_012756.jpg,0,0,1,0,D20,train
Japan_001640.jpg,0,0,1,0,D20,train
Japan_001591.jpg,1,0,0,0,D00,train
Japan_002800.jpg,0,0,1,0,D20,train
Japan_010059.jpg,1,0,1,0,D00+D20,train
Japan_011121.jpg,0,0,1,0,D20,train
Japan_004700.jpg,0,0,1,0,D20,train
Japan_001944.jpg,1,0,1,0,D00+D20,train
Japan_001310.jpg,0,1,1,0,D10+D20,train
Japan_001447.jpg,0,0,1,0,D20,train
Japan_003054.jpg,1,0,0,0,D00,train
Japan_012089.jpg,0,0,1,0,D20,train
Japan_012529.jpg,1,0,0,0,D00,train
Japan_005140.jpg,0,0,1,0,D20,train
Japan_003656.jpg,0,0,0,0,NONE,train
Japan_002197.jpg,0,0,1,0,D20,train
Japan_003144.jpg,0,0,1,1,D20+D40,train
Japan_006652.jpg,0,1,0,0,D10,train
Japan_011194.jpg,1,0,0,0,D00,train
Japan_009119.jpg,0,0,1,0,D20,train
Japan_002661.jpg,0,1,0,0,D10,train
Japan_009395.jpg,1,0,1,0,D00+D20,train
Japan_012607.jpg,0,0,1,1,D20+D40,train
Japan_004467.jpg,1,0,0,0,D00,train
Japan_004804.jpg,0,0,1,0,D20,train
Japan_003080.jpg,1,0,0,0,D00,train
Japan_005134.jpg,0,0,1,1,D20+D40,train
Japan_008599.jpg,0,0,0,1,D40,train
Japan_009353.jpg,0,0,1,0,D20,train
Japan_003882.jpg,0,0,1,0,D20,train
Japan_012796.jpg,0,0,0,1,D40,train
Japan_002875.jpg,1,0,0,0,D00,train
Japan_009592.jpg,0,0,0,0,NONE,train
Japan_009500.jpg,0,0,0,0,NONE,train
Japan_006521.jpg,0,0,0,0,NONE,train
Japan_008443.jpg,0,0,0,0,NONE,train
Japan_010181.jpg,0,0,1,1,D20+D40,train
Japan_009952.jpg,1,0,0,0,D00,train
Japan_011632.jpg,0,0,0,0,NONE,train
Japan_002906.jpg,1,1,0,0,D00+D10,train
Japan_011609.jpg,0,0,1,0,D20,train
Japan_004406.jpg,0,1,0,0,D10,train
Japan_009725.jpg,0,1,1,0,D10+D20,train
Japan_008098.jpg,0,0,1,0,D20,train
Japan_010065.jpg,0,0,0,0,NONE,train
Japan_008266.jpg,0,0,0,0,NONE,train
Japan_002164.jpg,1,0,0,0,D00,train
Japan_010555.jpg,1,0,1,0,D00+D20,train
Japan_003137.jpg,1,0,0,0,D00,train
Japan_012642.jpg,0,0,0,0,NONE,train
Japan_011138.jpg,0,0,0,1,D40,train
Japan_003027.jpg,0,0,0,0,NONE,train
Japan_005653.jpg,0,0,1,1,D20+D40,train
Japan_012148.jpg,0,1,0,0,D10,train
Japan_001817.jpg,1,1,0,0,D00+D10,train
Japan_010021.jpg,1,0,0,0,D00,train
Japan_010919.jpg,0,0,1,1,D20+D40,train
Japan_012740.jpg,0,0,0,1,D40,train
Japan_001781.jpg,1,0,0,0,D00,train
Japan_012572.jpg,0,0,1,0,D20,train
Japan_006325.jpg,0,1,1,0,D10+D20,train
Japan_003798.jpg,0,0,1,0,D20,train
Japan_010014.jpg,0,0,1,0,D20,train
Japan_008623.jpg,0,0,1,1,D20+D40,train
Japan_011552.jpg,1,1,0,0,D00+D10,train
Japan_007238.jpg,1,1,0,0,D00+D10,train
Japan_013131.jpg,0,0,1,0,D20,train
Japan_008629.jpg,1,0,0,0,D00,train
Japan_003676.jpg,0,1,0,0,D10,train
Japan_006380.jpg,0,0,1,0,D20,train
Japan_004621.jpg,0,1,1,0,D10+D20,train
Japan_006604.jpg,0,0,1,0,D20,train
Japan_006112.jpg,1,0,0,0,D00,train
Japan_009188.jpg,0,0,1,0,D20,train
Japan_008346.jpg,0,0,0,0,NONE,train
Japan_001054.jpg,0,0,0,0,NONE,train
Japan_007411.jpg,0,1,0,0,D10,train
Japan_006331.jpg,0,0,0,1,D40,train
Japan_005990.jpg,1,0,0,0,D00,train
Japan_009303.jpg,0,0,1,0,D20,train
Japan_000205.jpg,1,0,0,0,D00,train
Japan_010333.jpg,0,0,1,0,D20,train
Japan_001180.jpg,0,0,1,1,D20+D40,train
Japan_002422.jpg,0,0,0,0,NONE,train
Japan_000882.jpg,0,0,0,0,NONE,train
Japan_007336.jpg,0,1,0,0,D10,train
Japan_011572.jpg,0,0,0,0,NONE,train
Japan_000208.jpg,1,0,1,0,D00+D20,train
Japan_008307.jpg,0,0,1,0,D20,train
Japan_008589.jpg,0,0,0,0,NONE,train
Japan_002881.jpg,0,0,0,0,NONE,train
Japan_012933.jpg,0,0,1,0,D20,train
Japan_009270.jpg,0,0,0,0,NONE,train
Japan_002917.jpg,0,0,0,1,D40,train
Japan_009561.jpg,0,0,0,0,NONE,train
Japan_008793.jpg,1,0,0,0,D00,train
Japan_004387.jpg,1,1,0,0,D00+D10,train
Japan_010971.jpg,0,0,0,0,NONE,train
Japan_008206.jpg,1,0,0,0,D00,train
Japan_007130.jpg,0,0,0,0,NONE,train
Japan_009287.jpg,1,1,1,0,D00+D10+D20,train
Japan_003557.jpg,0,0,0,0,NONE,train
Japan_009239.jpg,0,1,0,0,D10,train
Japan_006756.jpg,1,0,0,0,D00,train
Japan_008741.jpg,0,0,1,0,D20,train
Japan_012339.jpg,0,0,1,1,D20+D40,train
Japan_002445.jpg,0,0,0,0,NONE,train
Japan_006416.jpg,0,0,1,0,D20,train
Japan_000773.jpg,0,0,1,0,D20,train
Japan_007772.jpg,0,0,0,0,NONE,train
Japan_009896.jpg,1,0,0,0,D00,train
Japan_002107.jpg,0,0,0,0,NONE,train
Japan_006485.jpg,0,1,0,0,D10,train
Japan_002812.jpg,0,0,1,0,D20,train
Japan_002847.jpg,1,1,0,0,D00+D10,train
Japan_000880.jpg,0,0,0,1,D40,train
Japan_006835.jpg,0,0,1,0,D20,train
Japan_003347.jpg,0,0,0,0,NONE,train
Japan_009714.jpg,0,1,1,0,D10+D20,train
Japan_012784.jpg,1,0,1,1,D00+D20+D40,train
Japan_008433.jpg,1,0,1,1,D00+D20+D40,train
Japan_005973.jpg,0,0,1,0,D20,train
Japan_003316.jpg,0,0,1,0,D20,train
Japan_009852.jpg,1,0,0,0,D00,train
Japan_003857.jpg,1,0,1,0,D00+D20,train
Japan_000644.jpg,0,0,1,1,D20+D40,train
Japan_010977.jpg,0,0,1,0,D20,train
Japan_006426.jpg,1,0,1,0,D00+D20,train
Japan_003291.jpg,0,0,0,0,NONE,train
Japan_011052.jpg,0,0,0,0,NONE,train
Japan_009043.jpg,0,0,0,0,NONE,train
Japan_003712.jpg,0,0,0,0,NONE,train
Japan_001717.jpg,0,1,1,0,D10+D20,train
Japan_003399.jpg,0,0,1,1,D20+D40,train
Japan_008522.jpg,1,0,1,0,D00+D20,train
Japan_009996.jpg,1,0,1,0,D00+D20,train
Japan_010512.jpg,0,0,0,0,NONE,train
Japan_003800.jpg,0,0,0,1,D40,train
Japan_010809.jpg,1,0,0,0,D00,train
Japan_008294.jpg,1,1,1,0,D00+D10+D20,train
Japan_009146.jpg,0,1,1,0,D10+D20,train
Japan_008287.jpg,0,0,1,1,D20+D40,train
Japan_005567.jpg,0,0,0,0,NONE,train
Japan_008356.jpg,0,0,1,0,D20,train
Japan_012276.jpg,0,0,0,1,D40,train
Japan_005812.jpg,0,0,0,0,NONE,train
Japan_006721.jpg,1,0,0,0,D00,train
Japan_003631.jpg,1,0,0,0,D00,train
Japan_003030.jpg,1,0,0,0,D00,train
Japan_011702.jpg,0,1,1,0,D10+D20,train
Japan_008605.jpg,0,0,0,0,NONE,train
Japan_002954.jpg,0,0,0,0,NONE,train
Japan_011701.jpg,0,1,1,0,D10+D20,train
Japan_012582.jpg,0,0,1,0,D20,train
Japan_003780.jpg,0,0,0,0,NONE,train
Japan_011925.jpg,0,0,1,1,D20+D40,train
Japan_001694.jpg,0,0,1,0,D20,train
Japan_011169.jpg,0,0,0,1,D40,train
Japan_005981.jpg,0,0,0,1,D40,train
Japan_010586.jpg,0,1,1,0,D10+D20,train
Japan_008373.jpg,0,0,1,0,D20,train
Japan_004725.jpg,0,0,0,0,NONE,train
Japan_011718.jpg,0,1,0,0,D10,train
Japan_001785.jpg,1,0,0,0,D00,train
Japan_011739.jpg,0,0,1,1,D20+D40,train
Japan_001776.jpg,0,1,0,0,D10,train
Japan_001276.jpg,0,0,0,0,NONE,train
Japan_012466.jpg,1,0,0,0,D00,train
Japan_003484.jpg,1,0,0,0,D00,train
Japan_009777.jpg,0,0,0,0,NONE,train
Japan_010692.jpg,0,0,0,0,NONE,train
Japan_010428.jpg,0,1,1,0,D10+D20,train
Japan_008156.jpg,1,0,1,1,D00+D20+D40,train
Japan_008146.jpg,0,1,1,0,D10+D20,train
Japan_002191.jpg,0,0,0,0,NONE,train
Japan_000518.jpg,1,0,0,0,D00,train
Japan_011934.jpg,0,0,0,0,NONE,train
Japan_006507.jpg,0,0,1,0,D20,train
Japan_009580.jpg,0,0,1,0,D20,train
Japan_004863.jpg,0,1,1,0,D10+D20,train
Japan_004101.jpg,0,0,1,0,D20,train
Japan_002684.jpg,0,0,1,0,D20,train
Japan_008509.jpg,0,1,1,0,D10+D20,train
Japan_008361.jpg,0,0,0,0,NONE,train
Japan_013049.jpg,0,1,1,0,D10+D20,train
Japan_012273.jpg,0,0,0,0,NONE,train
Japan_008065.jpg,0,0,1,0,D20,train
Japan_013051.jpg,0,0,1,0,D20,train
Japan_006040.jpg,0,0,0,0,NONE,train
Japan_004078.jpg,0,1,0,0,D10,train
Japan_007384.jpg,0,0,0,0,NONE,train
Japan_005952.jpg,0,0,1,0,D20,train
Japan_005611.jpg,0,0,0,0,NONE,train
Japan_007726.jpg,1,0,0,0,D00,train
Japan_001794.jpg,0,0,0,0,NONE,train
Japan_012120.jpg,0,0,1,1,D20+D40,train
Japan_002537.jpg,0,0,1,0,D20,train
Japan_009401.jpg,0,0,0,0,NONE,train
Japan_003322.jpg,0,0,1,0,D20,train
Japan_009718.jpg,1,0,0,0,D00,train
Japan_003455.jpg,1,1,0,0,D00+D10,train
Japan_011723.jpg,0,0,0,0,NONE,train
Japan_010931.jpg,0,1,0,0,D10,train
Japan_001452.jpg,0,0,1,0,D20,train
Japan_000959.jpg,0,0,0,0,NONE,train
Japan_004125.jpg,0,0,0,0,NONE,train
Japan_003169.jpg,0,0,0,1,D40,train
Japan_003448.jpg,0,0,0,0,NONE,train
Japan_002504.jpg,1,1,0,0,D00+D10,train
Japan_005978.jpg,0,1,0,0,D10,train
Japan_007691.jpg,1,0,0,0,D00,train
Japan_005147.jpg,1,0,1,0,D00+D20,train
Japan_000696.jpg,1,0,0,0,D00,train
Japan_008950.jpg,0,1,0,0,D10,train
Japan_000271.jpg,0,0,1,0,D20,train
Japan_003374.jpg,0,0,0,0,NONE,train
Japan_001922.jpg,0,0,1,0,D20,train
Japan_006979.jpg,1,0,0,0,D00,train
Japan_003843.jpg,1,1,0,0,D00+D10,train
Japan_007372.jpg,1,0,0,0,D00,train
Japan_008387.jpg,0,0,0,0,NONE,train
Japan_010164.jpg,0,0,0,0,NONE,train
Japan_009376.jpg,1,0,1,0,D00+D20,train
Japan_004458.jpg,0,0,0,0,NONE,train
Japan_010753.jpg,0,1,1,1,D10+D20+D40,train
Japan_005361.jpg,1,0,0,0,D00,train
Japan_002980.jpg,0,0,0,0,NONE,train
Japan_004516.jpg,0,1,0,0,D10,train
Japan_010891.jpg,0,0,0,0,NONE,train
Japan_005427.jpg,1,1,1,0,D00+D10+D20,train
Japan_002717.jpg,0,0,0,0,NONE,train
Japan_001148.jpg,0,1,1,0,D10+D20,train
Japan_006336.jpg,0,0,1,0,D20,train
Japan_006868.jpg,0,0,1,1,D20+D40,train
Japan_005487.jpg,0,1,0,0,D10,train
Japan_009269.jpg,0,0,1,0,D20,train
Japan_009645.jpg,0,1,1,0,D10+D20,train
Japan_009666.jpg,0,0,1,0,D20,train
Japan_009172.jpg,0,0,1,0,D20,train
Japan_007775.jpg,1,0,1,0,D00+D20,train
Japan_012160.jpg,0,0,1,0,D20,train
Japan_011861.jpg,1,0,0,0,D00,train
Japan_012155.jpg,0,0,0,0,NONE,train
Japan_011590.jpg,0,0,1,1,D20+D40,train
Japan_010924.jpg,0,0,0,0,NONE,train
Japan_007531.jpg,0,0,0,0,NONE,train
Japan_008247.jpg,0,0,1,0,D20,train
Japan_001770.jpg,0,1,0,0,D10,train
Japan_003465.jpg,0,0,1,0,D20,train
Japan_008323.jpg,0,1,1,0,D10+D20,train
Japan_003665.jpg,0,0,0,1,D40,train
Japan_001938.jpg,0,0,1,0,D20,train
Japan_010122.jpg,0,0,1,1,D20+D40,train
Japan_001177.jpg,0,0,0,0,NONE,train
Japan_005851.jpg,0,0,0,0,NONE,train
Japan_012551.jpg,0,0,0,0,NONE,train
Japan_001467.jpg,0,1,0,0,D10,train
Japan_005388.jpg,0,0,0,0,NONE,train
Japan_005089.jpg,1,0,0,0,D00,train
Japan_006853.jpg,1,0,0,0,D00,train
Japan_008097.jpg,0,1,1,0,D10+D20,train
Japan_009175.jpg,1,0,0,0,D00,train
Japan_008431.jpg,0,0,0,0,NONE,train
Japan_005620.jpg,1,0,0,0,D00,train
Japan_010905.jpg,1,0,1,0,D00+D20,train
Japan_012009.jpg,0,0,1,0,D20,train
Japan_009468.jpg,0,0,0,0,NONE,train
Japan_009342.jpg,0,1,0,0,D10,train
Japan_009138.jpg,0,0,1,0,D20,train
Japan_010007.jpg,0,1,0,0,D10,train
Japan_010284.jpg,0,0,1,0,D20,train
Japan_005257.jpg,0,1,1,0,D10+D20,train
Japan_011841.jpg,1,0,0,0,D00,train
Japan_000477.jpg,0,1,0,0,D10,train
Japan_009516.jpg,0,0,0,0,NONE,train
Japan_012015.jpg,0,0,0,1,D40,train
Japan_005176.jpg,0,0,1,0,D20,train
Japan_008749.jpg,1,1,1,0,D00+D10+D20,train
Japan_008220.jpg,0,0,0,1,D40,train
Japan_008355.jpg,0,0,1,0,D20,train
Japan_006626.jpg,0,0,1,0,D20,train
Japan_011960.jpg,1,1,0,0,D00+D10,train
Japan_012245.jpg,1,0,0,0,D00,train
Japan_007397.jpg,0,0,1,0,D20,train
Japan_004077.jpg,0,0,0,1,D40,train
Japan_003201.jpg,0,1,1,0,D10+D20,train
Japan_007267.jpg,0,0,1,0,D20,train
Japan_004316.jpg,0,0,0,0,NONE,train
Japan_000362.jpg,1,0,0,1,D00+D40,train
Japan_002883.jpg,0,0,0,0,NONE,train
Japan_005995.jpg,0,1,1,0,D10+D20,train
Japan_008060.jpg,1,0,0,0,D00,train
Japan_009479.jpg,1,1,1,1,D00+D10+D20+D40,train
Japan_010569.jpg,0,0,0,1,D40,train
Japan_006406.jpg,0,0,0,0,NONE,train
Japan_011381.jpg,0,0,0,0,NONE,train
Japan_002849.jpg,0,0,1,0,D20,train
Japan_010108.jpg,0,1,1,0,D10+D20,train
Japan_009147.jpg,0,0,0,1,D40,train
Japan_007369.jpg,1,0,0,0,D00,train
Japan_003497.jpg,0,0,1,0,D20,train
Japan_002672.jpg,0,0,1,0,D20,train
Japan_008894.jpg,0,0,1,0,D20,train
Japan_012800.jpg,1,0,0,0,D00,train
Japan_008546.jpg,0,0,1,1,D20+D40,train
Japan_012267.jpg,1,1,1,0,D00+D10+D20,train
Japan_008271.jpg,0,1,0,0,D10,train
Japan_011997.jpg,0,0,0,0,NONE,train
Japan_006595.jpg,1,0,0,0,D00,train
Japan_012549.jpg,0,0,1,1,D20+D40,train
Japan_011896.jpg,1,1,1,0,D00+D10+D20,train
Japan_005956.jpg,0,1,0,0,D10,train
Japan_003402.jpg,1,1,1,0,D00+D10+D20,train
Japan_005868.jpg,0,0,0,0,NONE,train
Japan_010666.jpg,0,1,1,0,D10+D20,train
Japan_005168.jpg,0,0,1,0,D20,train
Japan_011452.jpg,1,0,0,0,D00,train
Japan_010037.jpg,1,0,0,0,D00,train
Japan_003784.jpg,0,0,1,0,D20,train
Japan_006284.jpg,0,0,0,0,NONE,train
Japan_004439.jpg,0,0,0,0,NONE,train
Japan_006678.jpg,0,0,1,1,D20+D40,train
Japan_009697.jpg,0,0,0,1,D40,train
Japan_010714.jpg,0,0,0,1,D40,train
Japan_010896.jpg,0,0,0,0,NONE,train
Japan_004791.jpg,0,0,0,0,NONE,train
Japan_007530.jpg,1,0,0,0,D00,train
Japan_002442.jpg,0,0,1,0,D20,train
Japan_002932.jpg,1,1,0,0,D00+D10,train
Japan_007193.jpg,0,0,1,0,D20,train
Japan_004540.jpg,0,0,0,0,NONE,train
Japan_012982.jpg,0,0,0,0,NONE,train
Japan_008275.jpg,0,0,0,0,NONE,train
Japan_000649.jpg,1,1,0,0,D00+D10,train
Japan_005593.jpg,0,0,1,0,D20,train
Japan_005782.jpg,0,0,0,0,NONE,train
Japan_000416.jpg,0,0,0,0,NONE,train
Japan_007573.jpg,0,0,0,0,NONE,train
Japan_003886.jpg,1,0,0,0,D00,train
Japan_006594.jpg,1,0,1,0,D00+D20,train
Japan_010184.jpg,1,0,0,0,D00,train
Japan_010477.jpg,1,0,1,0,D00+D20,train
Japan_002885.jpg,0,1,1,0,D10+D20,train
Japan_000645.jpg,0,0,1,0,D20,train
Japan_007354.jpg,0,0,1,0,D20,train
Japan_007144.jpg,0,0,0,0,NONE,train
Japan_009045.jpg,0,0,0,0,NONE,train
Japan_010089.jpg,0,0,1,0,D20,train
Japan_007824.jpg,1,0,0,0,D00,train
Japan_009936.jpg,0,0,0,0,NONE,train
Japan_007516.jpg,0,0,1,1,D20+D40,train
Japan_012520.jpg,0,0,1,0,D20,train
Japan_012284.jpg,0,1,0,0,D10,train
Japan_007971.jpg,0,0,1,1,D20+D40,train
Japan_012331.jpg,1,0,1,0,D00+D20,train
Japan_010928.jpg,1,0,0,0,D00,train
Japan_006445.jpg,0,0,0,0,NONE,train
Japan_002010.jpg,0,1,1,0,D10+D20,train
Japan_000378.jpg,0,0,0,0,NONE,train
Japan_004979.jpg,0,0,0,0,NONE,train
Japan_007417.jpg,0,1,1,0,D10+D20,train
Japan_011567.jpg,0,0,0,0,NONE,train
Japan_011736.jpg,0,0,0,0,NONE,train
Japan_009391.jpg,1,1,1,0,D00+D10+D20,train
Japan_012494.jpg,1,0,0,0,D00,train
Japan_003335.jpg,0,0,0,0,NONE,train
Japan_011510.jpg,0,0,1,0,D20,train
Japan_011686.jpg,0,0,0,0,NONE,train
Japan_008074.jpg,0,0,0,0,NONE,train
Japan_009875.jpg,0,1,1,0,D10+D20,train
Japan_011873.jpg,0,0,0,0,NONE,train
Japan_008951.jpg,0,0,1,1,D20+D40,train
Japan_002937.jpg,0,0,0,0,NONE,train
Japan_000260.jpg,0,0,1,0,D20,train
Japan_010967.jpg,1,0,0,0,D00,train
Japan_005582.jpg,0,1,1,1,D10+D20+D40,train
Japan_008221.jpg,1,0,0,0,D00,train
Japan_010105.jpg,0,1,0,0,D10,train
Japan_003854.jpg,0,0,1,0,D20,train
Japan_008230.jpg,0,1,0,0,D10,train
Japan_002749.jpg,0,0,1,0,D20,train
Japan_002097.jpg,0,0,0,1,D40,train
Japan_005661.jpg,0,0,0,1,D40,train
Japan_006310.jpg,0,0,0,0,NONE,train
Japan_009658.jpg,0,0,1,0,D20,train
Japan_001321.jpg,0,0,0,1,D40,train
Japan_009308.jpg,0,0,0,0,NONE,train
Japan_006873.jpg,1,1,0,0,D00+D10,train
Japan_009467.jpg,0,0,0,0,NONE,train
Japan_012453.jpg,1,0,0,0,D00,train
Japan_004033.jpg,0,0,1,0,D20,train
Japan_012016.jpg,1,1,1,0,D00+D10+D20,train
Japan_008270.jpg,1,0,0,0,D00,train
Japan_012105.jpg,0,0,0,0,NONE,train
Japan_001243.jpg,0,0,1,0,D20,train
Japan_010304.jpg,1,0,0,0,D00,train
Japan_006347.jpg,0,0,1,0,D20,train
Japan_006992.jpg,0,0,0,0,NONE,train
Japan_008137.jpg,0,1,0,0,D10,train
Japan_009426.jpg,0,1,1,0,D10+D20,train
Japan_008123.jpg,0,0,1,0,D20,train
Japan_009898.jpg,0,0,0,0,NONE,train
Japan_001282.jpg,0,0,0,0,NONE,train
Japan_011161.jpg,0,0,0,0,NONE,train
Japan_001534.jpg,0,1,1,0,D10+D20,train
Japan_000656.jpg,1,0,1,0,D00+D20,train
Japan_001825.jpg,0,0,1,0,D20,train
Japan_004459.jpg,0,0,1,0,D20,train
Japan_001533.jpg,0,1,1,0,D10+D20,train
Japan_005866.jpg,0,0,1,0,D20,train
Japan_011792.jpg,0,0,1,0,D20,train
Japan_003426.jpg,0,0,1,0,D20,train
Japan_012387.jpg,0,0,1,0,D20,train
Japan_006729.jpg,0,0,0,0,NONE,train
Japan_010701.jpg,1,1,1,0,D00+D10+D20,train
Japan_007791.jpg,1,1,1,0,D00+D10+D20,train
Japan_011315.jpg,0,0,0,0,NONE,train
Japan_002131.jpg,0,0,0,0,NONE,train
Japan_008802.jpg,1,0,0,0,D00,train
Japan_010631.jpg,1,0,1,0,D00+D20,train
Japan_007433.jpg,0,0,1,0,D20,train
Japan_011032.jpg,0,0,0,0,NONE,train
Japan_004284.jpg,0,0,1,1,D20+D40,train
Japan_011250.jpg,0,1,1,0,D10+D20,train
Japan_008643.jpg,0,0,1,1,D20+D40,train
Japan_003252.jpg,1,0,1,0,D00+D20,train
Japan_004076.jpg,0,0,0,0,NONE,train
Japan_001721.jpg,0,0,0,0,NONE,train
Japan_002499.jpg,0,1,1,0,D10+D20,train
Japan_006728.jpg,1,0,1,0,D00+D20,train
Japan_009965.jpg,0,0,0,0,NONE,train
Japan_012040.jpg,0,0,1,0,D20,train
Japan_006896.jpg,0,0,1,0,D20,train
Japan_007948.jpg,0,0,1,0,D20,train
Japan_010272.jpg,0,0,1,0,D20,train
Japan_008073.jpg,0,0,0,0,NONE,train
Japan_011855.jpg,0,0,0,0,NONE,train
Japan_012428.jpg,1,1,0,0,D00+D10,train
Japan_011174.jpg,0,0,1,0,D20,train
Japan_001549.jpg,0,0,1,0,D20,train
Japan_005790.jpg,0,0,0,0,NONE,train
Japan_010214.jpg,0,0,0,0,NONE,train
Japan_003874.jpg,0,1,0,0,D10,train
Japan_012708.jpg,0,0,1,0,D20,train
Japan_000354.jpg,0,1,0,0,D10,train
Japan_010388.jpg,0,0,1,1,D20+D40,train
Japan_002526.jpg,0,0,0,0,NONE,train
Japan_005291.jpg,0,0,1,0,D20,train
Japan_003956.jpg,0,0,0,1,D40,train
Japan_003483.jpg,0,1,0,0,D10,train
Japan_011789.jpg,0,0,1,0,D20,train
Japan_004595.jpg,1,0,0,0,D00,train
Japan_004476.jpg,1,0,1,1,D00+D20+D40,train
Japan_001657.jpg,1,1,0,0,D00+D10,train
Japan_006299.jpg,0,0,0,0,NONE,train
Japan_004366.jpg,0,0,1,0,D20,train
Japan_010295.jpg,0,0,0,1,D40,train
Japan_002857.jpg,0,0,0,0,NONE,train
Japan_010492.jpg,0,0,0,0,NONE,train
Japan_007523.jpg,1,0,0,0,D00,train
Japan_013020.jpg,0,0,0,0,NONE,train
Japan_003141.jpg,0,0,0,0,NONE,train
Japan_004570.jpg,0,0,1,0,D20,train
Japan_007575.jpg,0,1,0,0,D10,train
Japan_002761.jpg,0,0,1,0,D20,train
Japan_001662.jpg,0,0,1,0,D20,train
Japan_011834.jpg,1,0,0,0,D00,train
Japan_007915.jpg,0,1,1,0,D10+D20,train
Japan_011304.jpg,0,1,0,0,D10,train
Japan_008168.jpg,0,0,0,1,D40,train
Japan_010097.jpg,0,1,1,0,D10+D20,train
Japan_011312.jpg,0,0,1,1,D20+D40,train
Japan_011446.jpg,0,0,1,1,D20+D40,train
Japan_003733.jpg,1,0,0,0,D00,train
Japan_003199.jpg,0,0,1,1,D20+D40,train
Japan_011506.jpg,0,1,0,0,D10,train
Japan_006127.jpg,1,0,0,0,D00,train
Japan_007471.jpg,0,0,0,1,D40,train
Japan_008736.jpg,0,0,1,0,D20,train
Japan_003726.jpg,0,0,1,0,D20,train
Japan_005282.jpg,0,0,0,0,NONE,train
Japan_001339.jpg,1,0,0,0,D00,train
Japan_001520.jpg,0,0,0,0,NONE,train
Japan_010837.jpg,1,1,1,0,D00+D10+D20,train
Japan_004501.jpg,1,0,0,0,D00,train
Japan_001695.jpg,1,0,0,0,D00,train
Japan_007979.jpg,0,0,1,0,D20,train
Japan_005537.jpg,0,1,1,0,D10+D20,train
Japan_012678.jpg,0,0,1,0,D20,train
Japan_006311.jpg,0,1,1,0,D10+D20,train
Japan_005717.jpg,0,0,0,1,D40,train
Japan_012264.jpg,0,0,0,0,NONE,train
Japan_006875.jpg,1,1,0,0,D00+D10,train
Japan_010508.jpg,0,0,1,0,D20,train
Japan_000253.jpg,1,0,0,0,D00,train
Japan_010450.jpg,0,0,0,0,NONE,train
Japan_009770.jpg,1,0,1,0,D00+D20,train
Japan_003871.jpg,0,0,1,0,D20,train
Japan_003811.jpg,0,0,1,0,D20,train
Japan_009141.jpg,0,0,0,0,NONE,train
Japan_005744.jpg,1,0,0,0,D00,train
Japan_008776.jpg,0,0,0,0,NONE,train
Japan_011162.jpg,1,0,1,0,D00+D20,train
Japan_008026.jpg,0,0,1,1,D20+D40,train
Japan_005266.jpg,1,0,0,0,D00,train
Japan_007093.jpg,0,0,1,0,D20,train
Japan_000110.jpg,0,0,1,0,D20,train
Japan_010438.jpg,0,1,0,0,D10,train
Japan_011809.jpg,0,0,1,0,D20,train
Japan_011836.jpg,1,1,0,0,D00+D10,train
Japan_004090.jpg,0,0,0,1,D40,train
Japan_011417.jpg,0,0,1,1,D20+D40,train
Japan_006755.jpg,0,0,0,1,D40,train
Japan_000033.jpg,0,0,0,0,NONE,train
Japan_009272.jpg,0,1,0,0,D10,train
Japan_000875.jpg,0,0,1,0,D20,train
Japan_008973.jpg,1,0,0,0,D00,train
Japan_002317.jpg,1,0,0,1,D00+D40,train
Japan_010985.jpg,0,0,0,0,NONE,train
Japan_011330.jpg,0,1,1,0,D10+D20,train
Japan_012283.jpg,0,0,0,0,NONE,train
Japan_009416.jpg,0,0,0,0,NONE,train
Japan_005642.jpg,1,1,0,0,D00+D10,train
Japan_003693.jpg,0,0,1,0,D20,train
Japan_007944.jpg,0,1,1,0,D10+D20,train
Japan_009489.jpg,0,0,0,0,NONE,train
Japan_006916.jpg,0,1,1,0,D10+D20,train
Japan_008530.jpg,0,1,0,0,D10,train
Japan_003727.jpg,0,0,1,0,D20,train
Japan_010636.jpg,0,0,1,1,D20+D40,train
Japan_003202.jpg,0,0,1,0,D20,train
Japan_012929.jpg,0,0,0,0,NONE,train
Japan_009745.jpg,1,1,0,0,D00+D10,train
Japan_008381.jpg,0,0,1,0,D20,train
Japan_009449.jpg,0,1,1,0,D10+D20,train
Japan_004423.jpg,0,1,1,1,D10+D20+D40,train
Japan_001284.jpg,0,0,1,0,D20,train
Japan_001392.jpg,0,0,0,0,NONE,train
Japan_011264.jpg,0,0,0,0,NONE,train
Japan_004658.jpg,0,0,1,0,D20,train
Japan_008399.jpg,1,0,0,0,D00,train
Japan_011879.jpg,0,0,1,0,D20,train
Japan_003342.jpg,0,1,0,1,D10+D40,train
Japan_012882.jpg,0,0,1,0,D20,train
Japan_005071.jpg,0,0,1,1,D20+D40,train
Japan_000544.jpg,1,0,0,0,D00,train
Japan_007102.jpg,1,0,0,0,D00,train
Japan_010387.jpg,0,0,1,0,D20,train
Japan_001582.jpg,0,1,0,0,D10,train
Japan_006192.jpg,0,0,1,0,D20,train
Japan_008482.jpg,0,0,0,0,NONE,train
Japan_010533.jpg,0,0,0,1,D40,train
Japan_007553.jpg,0,0,0,0,NONE,train
Japan_005102.jpg,0,0,1,1,D20+D40,train
Japan_007675.jpg,1,0,1,0,D00+D20,train
Japan_000546.jpg,0,0,0,0,NONE,train
Japan_012482.jpg,0,0,1,1,D20+D40,train
Japan_003626.jpg,1,0,0,0,D00,train
Japan_005601.jpg,1,1,1,0,D00+D10+D20,train
Japan_004032.jpg,0,0,1,0,D20,train
Japan_007988.jpg,1,0,0,0,D00,train
Japan_011802.jpg,0,0,0,0,NONE,train
Japan_000297.jpg,0,1,0,0,D10,train
Japan_008772.jpg,0,0,1,0,D20,train
Japan_011245.jpg,1,0,0,0,D00,train
Japan_003140.jpg,0,1,1,0,D10+D20,train
Japan_000997.jpg,1,0,0,0,D00,train
Japan_006980.jpg,0,0,1,0,D20,train
Japan_004782.jpg,0,0,1,1,D20+D40,train
Japan_000106.jpg,0,0,0,0,NONE,train
Japan_009565.jpg,0,0,1,1,D20+D40,train
Japan_005594.jpg,0,0,0,0,NONE,train
Japan_003118.jpg,0,0,1,0,D20,train
Japan_008653.jpg,1,0,0,0,D00,train
Japan_010009.jpg,0,1,1,0,D10+D20,train
Japan_004025.jpg,1,0,0,0,D00,train
Japan_002234.jpg,0,0,1,0,D20,train
Japan_002889.jpg,0,0,1,0,D20,train
Japan_010895.jpg,0,0,1,1,D20+D40,train
Japan_005262.jpg,1,0,0,0,D00,train
Japan_012583.jpg,0,0,1,1,D20+D40,train
Japan_011976.jpg,1,0,0,0,D00,train
Japan_001137.jpg,0,1,1,0,D10+D20,train
Japan_002870.jpg,0,0,0,0,NONE,train
Japan_009284.jpg,0,0,0,0,NONE,train
Japan_009890.jpg,0,1,0,0,D10,train
Japan_008413.jpg,0,0,0,0,NONE,train
Japan_007645.jpg,0,0,0,0,NONE,train
Japan_008219.jpg,1,0,0,0,D00,train
Japan_009507.jpg,0,0,1,1,D20+D40,train
Japan_004939.jpg,1,0,0,0,D00,train
Japan_002766.jpg,1,1,0,0,D00+D10,train
Japan_002389.jpg,0,0,1,0,D20,train
Japan_002615.jpg,0,0,1,1,D20+D40,train
Japan_009728.jpg,0,1,0,0,D10,train
Japan_012546.jpg,1,0,1,1,D00+D20+D40,train
Japan_007324.jpg,0,0,1,1,D20+D40,train
Japan_011427.jpg,0,0,0,1,D40,train
Japan_010188.jpg,0,1,1,0,D10+D20,train
Japan_006121.jpg,0,1,0,0,D10,train
Japan_001881.jpg,1,1,0,0,D00+D10,train
Japan_000238.jpg,1,0,0,0,D00,train
Japan_004064.jpg,0,0,0,0,NONE,train
Japan_011724.jpg,0,0,0,0,NONE,train
Japan_007297.jpg,0,0,1,1,D20+D40,train
Japan_011878.jpg,0,0,0,0,NONE,train
Japan_010039.jpg,0,0,1,0,D20,train
Japan_010362.jpg,0,0,0,0,NONE,train
Japan_000397.jpg,0,0,0,0,NONE,train
Japan_012737.jpg,1,1,0,0,D00+D10,train
Japan_009360.jpg,0,0,1,0,D20,train
Japan_012979.jpg,0,0,1,0,D20,train
Japan_008755.jpg,0,1,1,0,D10+D20,train
Japan_003002.jpg,1,0,0,0,D00,train
Japan_012390.jpg,0,0,0,1,D40,train
Japan_010346.jpg,0,0,0,0,NONE,train
Japan_012995.jpg,0,0,1,0,D20,train
Japan_012103.jpg,0,0,0,0,NONE,train
Japan_001898.jpg,0,1,1,1,D10+D20+D40,train
Japan_001930.jpg,0,0,1,0,D20,train
Japan_010352.jpg,1,0,0,0,D00,train
Japan_001157.jpg,1,1,1,0,D00+D10+D20,train
Japan_012618.jpg,0,1,1,0,D10+D20,train
Japan_001105.jpg,0,0,1,0,D20,train
Japan_000286.jpg,0,0,1,0,D20,train
Japan_010462.jpg,0,0,0,0,NONE,train
Japan_006711.jpg,1,0,1,0,D00+D20,train
Japan_000655.jpg,0,0,0,1,D40,train
Japan_004380.jpg,0,1,0,0,D10,train
Japan_000884.jpg,0,0,1,0,D20,train
Japan_007204.jpg,0,0,1,0,D20,train
Japan_011660.jpg,0,0,1,0,D20,train
Japan_013115.jpg,0,0,1,0,D20,train
Japan_012214.jpg,0,0,1,0,D20,train
Japan_004237.jpg,0,0,1,0,D20,train
Japan_000137.jpg,0,1,1,0,D10+D20,train
Japan_007137.jpg,1,0,0,0,D00,train
Japan_005190.jpg,1,0,0,0,D00,train
Japan_004781.jpg,1,0,1,0,D00+D20,train
Japan_007315.jpg,1,0,0,0,D00,train
Japan_010718.jpg,0,0,0,0,NONE,train
Japan_001175.jpg,0,0,1,1,D20+D40,train
Japan_003755.jpg,0,0,1,0,D20,train
Japan_009268.jpg,0,0,0,0,NONE,train
Japan_007515.jpg,0,0,0,0,NONE,train
Japan_012562.jpg,1,0,0,0,D00,train
Japan_006118.jpg,0,0,0,0,NONE,train
Japan_010303.jpg,0,0,0,0,NONE,train
Japan_011775.jpg,0,0,1,0,D20,train
Japan_008593.jpg,0,0,0,1,D40,train
Japan_008160.jpg,0,1,1,0,D10+D20,train
Japan_012367.jpg,0,0,0,0,NONE,train
Japan_000596.jpg,1,0,1,0,D00+D20,train
Japan_000610.jpg,0,0,1,0,D20,train
Japan_000424.jpg,1,0,0,0,D00,train
Japan_005451.jpg,0,0,1,1,D20+D40,train
Japan_001687.jpg,0,0,1,0,D20,train
Japan_005883.jpg,1,0,0,0,D00,train
Japan_005917.jpg,0,0,1,0,D20,train
Japan_006911.jpg,1,1,1,0,D00+D10+D20,train
Japan_000036.jpg,0,0,1,0,D20,train
Japan_000024.jpg,0,0,1,0,D20,train
Japan_008039.jpg,0,0,0,0,NONE,train
Japan_011503.jpg,0,0,0,0,NONE,train
Japan_002888.jpg,0,0,1,0,D20,train
Japan_009408.jpg,0,0,1,0,D20,train
Japan_000492.jpg,1,0,0,0,D00,train
Japan_006154.jpg,0,1,1,0,D10+D20,train
Japan_012382.jpg,0,0,0,0,NONE,train
Japan_002128.jpg,0,0,0,0,NONE,train
Japan_007391.jpg,0,0,0,1,D40,train
Japan_008698.jpg,0,0,1,1,D20+D40,train
Japan_001968.jpg,0,0,1,0,D20,train
Japan_002771.jpg,0,1,1,0,D10+D20,train
Japan_009908.jpg,1,0,0,0,D00,train
Japan_005328.jpg,0,1,0,0,D10,train
Japan_010948.jpg,1,1,0,0,D00+D10,train
Japan_005298.jpg,1,0,1,0,D00+D20,train
Japan_013094.jpg,0,0,0,0,NONE,train
Japan_003715.jpg,1,0,0,0,D00,train
Japan_010162.jpg,0,1,1,1,D10+D20+D40,train
Japan_007118.jpg,1,0,0,0,D00,train
Japan_007076.jpg,1,1,0,0,D00+D10,train
Japan_008588.jpg,0,0,1,0,D20,train
Japan_004457.jpg,0,0,0,0,NONE,train
Japan_010243.jpg,0,0,1,0,D20,train
Japan_009885.jpg,0,0,1,0,D20,train
Japan_010222.jpg,0,0,0,1,D40,train
Japan_006312.jpg,0,0,1,0,D20,train
Japan_009279.jpg,0,0,0,1,D40,train
Japan_012824.jpg,0,0,1,0,D20,train
Japan_012922.jpg,0,0,1,0,D20,train
Japan_010436.jpg,0,0,1,0,D20,train
Japan_009552.jpg,0,1,1,0,D10+D20,train
Japan_002241.jpg,0,0,0,0,NONE,train
Japan_008696.jpg,0,0,1,0,D20,train
Japan_004543.jpg,0,1,1,0,D10+D20,train
Japan_004744.jpg,1,0,0,0,D00,train
Japan_000089.jpg,0,1,1,0,D10+D20,train
Japan_007041.jpg,0,0,0,0,NONE,train
Japan_007518.jpg,0,1,0,0,D10,train
Japan_005622.jpg,0,0,1,1,D20+D40,train
Japan_005771.jpg,0,0,0,0,NONE,train
Japan_012096.jpg,0,0,0,1,D40,train
Japan_010381.jpg,1,1,0,0,D00+D10,train
Japan_008100.jpg,0,0,1,0,D20,train
Japan_011771.jpg,0,0,0,0,NONE,train
Japan_011600.jpg,1,0,1,0,D00+D20,train
Japan_008397.jpg,0,1,0,0,D10,train
Japan_011991.jpg,0,0,1,0,D20,train
Japan_008529.jpg,0,0,1,0,D20,train
Japan_000257.jpg,0,0,1,0,D20,train
Japan_002429.jpg,0,0,0,0,NONE,train
Japan_005198.jpg,0,0,0,0,NONE,train
Japan_003033.jpg,1,0,1,0,D00+D20,train
Japan_001514.jpg,1,0,1,0,D00+D20,train
Japan_011933.jpg,0,0,1,0,D20,train
Japan_002003.jpg,1,0,1,1,D00+D20+D40,train
Japan_001178.jpg,1,0,1,0,D00+D20,train
Japan_012378.jpg,1,0,0,0,D00,train
Japan_007099.jpg,1,0,0,0,D00,train
Japan_009260.jpg,0,0,1,0,D20,train
Japan_009954.jpg,0,0,1,1,D20+D40,train
Japan_009289.jpg,0,0,0,0,NONE,train
Japan_007017.jpg,0,1,1,0,D10+D20,train
Japan_001680.jpg,0,0,0,1,D40,train
Japan_008427.jpg,0,0,1,0,D20,train
Japan_008880.jpg,1,1,0,0,D00+D10,train
Japan_011249.jpg,0,0,0,0,NONE,train
Japan_009137.jpg,1,0,1,0,D00+D20,train
Japan_010486.jpg,0,1,1,0,D10+D20,train
Japan_006146.jpg,1,1,0,0,D00+D10,train
Japan_005277.jpg,1,1,0,0,D00+D10,train
Japan_006346.jpg,0,0,0,0,NONE,train
Japan_006345.jpg,0,0,1,1,D20+D40,train
Japan_008461.jpg,0,1,0,0,D10,train
Japan_002698.jpg,0,0,1,0,D20,train
Japan_011261.jpg,0,0,0,0,NONE,train
Japan_009033.jpg,0,1,0,1,D10+D40,train
Japan_004835.jpg,0,0,1,1,D20+D40,train
Japan_011554.jpg,0,1,0,0,D10,train
Japan_004448.jpg,0,1,1,0,D10+D20,train
Japan_002059.jpg,1,0,0,0,D00,train
Japan_001130.jpg,0,0,1,0,D20,train
Japan_000151.jpg,0,0,1,0,D20,train
Japan_000776.jpg,1,0,0,0,D00,train
Japan_008171.jpg,0,0,0,0,NONE,train
Japan_007322.jpg,1,0,0,0,D00,train
Japan_000446.jpg,0,0,1,1,D20+D40,train
Japan_009870.jpg,0,0,0,0,NONE,train
Japan_010878.jpg,0,0,0,0,NONE,train
Japan_005307.jpg,0,0,0,1,D40,train
Japan_008464.jpg,1,0,0,0,D00,train
Japan_003068.jpg,1,1,0,0,D00+D10,train
Japan_011917.jpg,1,0,0,0,D00,train
Japan_003694.jpg,1,0,0,0,D00,train
Japan_012286.jpg,0,0,0,0,NONE,train
Japan_010960.jpg,0,0,1,0,D20,train
Japan_012261.jpg,0,0,0,0,NONE,train
Japan_012946.jpg,1,0,0,0,D00,train
Japan_009548.jpg,0,1,0,0,D10,train
Japan_009796.jpg,0,1,1,0,D10+D20,train
Japan_006374.jpg,1,0,0,0,D00,train
Japan_007959.jpg,0,0,0,1,D40,train
Japan_009158.jpg,1,0,0,0,D00,train
Japan_009184.jpg,0,0,1,1,D20+D40,train
Japan_006027.jpg,0,1,1,0,D10+D20,train
Japan_008853.jpg,1,1,0,0,D00+D10,train
Japan_011031.jpg,0,1,0,0,D10,train
Japan_005816.jpg,1,0,0,0,D00,train
Japan_006434.jpg,0,0,0,0,NONE,train
Japan_008528.jpg,1,0,0,0,D00,train
Japan_008214.jpg,0,0,0,0,NONE,train
Japan_003534.jpg,1,1,0,0,D00+D10,train
Japan_000956.jpg,0,0,0,0,NONE,train
Japan_009109.jpg,0,0,0,0,NONE,train
Japan_011913.jpg,0,1,1,0,D10+D20,train
Japan_003844.jpg,0,0,1,1,D20+D40,train
Japan_012193.jpg,0,0,1,0,D20,train
Japan_005613.jpg,0,0,0,0,NONE,train
Japan_003803.jpg,1,0,1,1,D00+D20+D40,train
Japan_010888.jpg,0,0,0,0,NONE,train
Japan_004238.jpg,0,1,0,0,D10,train
Japan_007501.jpg,1,0,0,0,D00,train
Japan_007527.jpg,1,1,1,0,D00+D10+D20,train
Japan_001518.jpg,1,1,1,0,D00+D10+D20,train
Japan_009012.jpg,0,1,0,0,D10,train
Japan_005284.jpg,0,0,0,0,NONE,train
Japan_002957.jpg,1,1,0,0,D00+D10,train
Japan_000532.jpg,1,0,0,0,D00,train
Japan_007805.jpg,0,0,0,0,NONE,train
Japan_003673.jpg,0,0,0,0,NONE,train
Japan_007179.jpg,1,1,0,0,D00+D10,train
Japan_009222.jpg,0,1,0,0,D10,train
Japan_000487.jpg,0,0,0,0,NONE,train
Japan_005356.jpg,0,0,0,0,NONE,train
Japan_002072.jpg,1,0,0,0,D00,train
Japan_010834.jpg,0,0,1,1,D20+D40,train
Japan_003783.jpg,0,1,1,0,D10+D20,train
Japan_006031.jpg,0,0,1,0,D20,train
Japan_011191.jpg,0,0,0,0,NONE,train
Japan_010437.jpg,0,0,1,0,D20,train
Japan_010836.jpg,0,0,0,0,NONE,train
Japan_011003.jpg,0,1,1,0,D10+D20,train
Japan_007684.jpg,0,1,1,0,D10+D20,train
Japan_003454.jpg,0,0,1,0,D20,train
Japan_005739.jpg,0,1,1,0,D10+D20,train
Japan_009025.jpg,1,0,1,0,D00+D20,train
Japan_002516.jpg,0,0,0,0,NONE,train
Japan_004349.jpg,1,1,0,0,D00+D10,train
Japan_006836.jpg,0,0,0,0,NONE,train
Japan_007829.jpg,0,0,0,1,D40,train
Japan_004601.jpg,0,0,0,1,D40,train
Japan_001732.jpg,0,0,0,0,NONE,train
Japan_001481.jpg,0,0,0,0,NONE,train
Japan_008254.jpg,0,0,0,0,NONE,train
Japan_004886.jpg,0,1,0,0,D10,train
Japan_011298.jpg,0,0,1,0,D20,train
Japan_010361.jpg,0,0,0,0,NONE,train
Japan_007721.jpg,0,0,1,0,D20,train
Japan_012313.jpg,0,0,1,0,D20,train
Japan_000396.jpg,0,0,1,0,D20,train
Japan_003589.jpg,1,1,0,0,D00+D10,train
Japan_012158.jpg,0,0,1,1,D20+D40,train
Japan_007631.jpg,0,0,0,0,NONE,train
Japan_010806.jpg,1,0,1,1,D00+D20+D40,train
Japan_011120.jpg,0,0,0,0,NONE,train
Japan_011088.jpg,0,0,0,1,D40,train
Japan_009640.jpg,0,0,0,0,NONE,train
Japan_009775.jpg,0,1,0,0,D10,train
Japan_004095.jpg,0,0,1,0,D20,train
Japan_007711.jpg,0,0,0,0,NONE,train
Japan_000015.jpg,0,0,1,0,D20,train
Japan_004119.jpg,1,0,0,0,D00,train
Japan_002990.jpg,0,0,0,0,NONE,train
Japan_009486.jpg,1,0,0,0,D00,train
Japan_000098.jpg,0,1,0,0,D10,train
Japan_006590.jpg,1,1,0,0,D00+D10,train
Japan_007249.jpg,0,0,1,0,D20,train
Japan_013010.jpg,0,0,0,0,NONE,train
Japan_010363.jpg,0,0,1,0,D20,train
Japan_000469.jpg,0,0,1,0,D20,train
Japan_008297.jpg,1,0,0,0,D00,train
Japan_004124.jpg,0,1,1,0,D10+D20,train
Japan_003178.jpg,0,0,1,0,D20,train
Japan_003614.jpg,0,0,1,0,D20,train
Japan_010175.jpg,0,0,1,0,D20,train
Japan_005033.jpg,1,0,0,0,D00,train
Japan_003601.jpg,0,0,0,0,NONE,train
Japan_001503.jpg,0,0,0,1,D40,train
Japan_003664.jpg,0,1,0,1,D10+D40,train
Japan_009250.jpg,1,0,0,0,D00,train
Japan_005498.jpg,0,0,0,0,NONE,train
Japan_006376.jpg,1,1,0,0,D00+D10,train
Japan_006538.jpg,0,0,0,0,NONE,train
Japan_012128.jpg,0,0,0,0,NONE,train
Japan_000122.jpg,0,0,1,0,D20,train
Japan_006566.jpg,1,1,0,0,D00+D10,train
Japan_006043.jpg,0,0,0,0,NONE,train
Japan_004450.jpg,0,0,1,0,D20,train
Japan_003163.jpg,0,0,1,0,D20,train
Japan_008988.jpg,0,0,1,1,D20+D40,train
Japan_005556.jpg,1,1,0,0,D00+D10,train
Japan_003599.jpg,0,1,0,0,D10,train
Japan_004139.jpg,0,0,1,0,D20,train
Japan_012988.jpg,1,0,0,1,D00+D40,train
Japan_003865.jpg,0,0,1,1,D20+D40,train
Japan_003547.jpg,1,0,1,0,D00+D20,train
Japan_006074.jpg,0,0,1,0,D20,train
Japan_004049.jpg,0,1,1,0,D10+D20,train
Japan_010420.jpg,0,0,1,1,D20+D40,train
Japan_012357.jpg,1,1,0,0,D00+D10,train
Japan_005074.jpg,0,0,0,0,NONE,train
Japan_000395.jpg,1,0,0,0,D00,train
Japan_007796.jpg,0,0,1,1,D20+D40,train
Japan_002549.jpg,0,1,0,0,D10,train
Japan_010992.jpg,0,0,1,0,D20,train
Japan_010179.jpg,0,0,0,0,NONE,train
Japan_012789.jpg,0,1,1,1,D10+D20+D40,train
Japan_002023.jpg,0,1,0,0,D10,train
Japan_002685.jpg,1,1,0,0,D00+D10,train
Japan_011932.jpg,1,1,0,0,D00+D10,train
Japan_012795.jpg,0,0,1,1,D20+D40,train
Japan_005577.jpg,0,0,0,1,D40,train
Japan_010618.jpg,0,0,0,0,NONE,train
Japan_009156.jpg,0,0,0,0,NONE,train
Japan_007842.jpg,0,0,0,0,NONE,train
Japan_004262.jpg,0,0,1,0,D20,train
Japan_001273.jpg,0,0,0,1,D40,train
Japan_003546.jpg,1,1,0,0,D00+D10,train
Japan_000268.jpg,0,0,0,0,NONE,train
Japan_002227.jpg,0,0,1,0,D20,train
Japan_003052.jpg,1,0,0,0,D00,train
Japan_005798.jpg,0,1,0,0,D10,train
Japan_006273.jpg,0,0,0,0,NONE,train
Japan_010169.jpg,0,0,1,0,D20,train
Japan_011952.jpg,0,0,0,0,NONE,train
Japan_012742.jpg,0,0,1,1,D20+D40,train
Japan_003469.jpg,0,0,0,1,D40,train
Japan_002236.jpg,0,0,0,0,NONE,train
Japan_006361.jpg,1,1,1,0,D00+D10+D20,train
Japan_011148.jpg,1,0,1,0,D00+D20,train
Japan_011619.jpg,0,0,1,0,D20,train
Japan_009383.jpg,1,0,0,0,D00,train
Japan_009731.jpg,0,0,0,0,NONE,train
Japan_006404.jpg,0,0,0,0,NONE,train
Japan_005309.jpg,1,0,0,0,D00,train
Japan_006101.jpg,1,0,0,0,D00,train
Japan_009509.jpg,0,0,1,1,D20+D40,train
Japan_007308.jpg,0,0,0,1,D40,train
Japan_011602.jpg,0,0,1,0,D20,train
Japan_011251.jpg,0,0,0,0,NONE,train
Japan_006778.jpg,0,0,0,0,NONE,train
Japan_006172.jpg,0,0,0,0,NONE,train
Japan_000095.jpg,1,0,0,0,D00,train
Japan_009928.jpg,0,0,0,1,D40,train
Japan_001995.jpg,0,0,1,0,D20,train
Japan_010225.jpg,0,0,0,0,NONE,train
Japan_007992.jpg,0,0,1,1,D20+D40,train
Japan_008910.jpg,0,1,1,0,D10+D20,train
Japan_013122.jpg,0,1,1,0,D10+D20,train
Japan_008508.jpg,1,0,0,0,D00,train
Japan_006302.jpg,1,1,1,0,D00+D10+D20,train
Japan_002204.jpg,0,0,1,0,D20,train
Japan_013048.jpg,0,0,0,0,NONE,train
Japan_004000.jpg,0,0,1,0,D20,train
Japan_002130.jpg,0,0,0,0,NONE,train
Japan_006506.jpg,0,0,1,1,D20+D40,train
Japan_006622.jpg,0,0,1,0,D20,train
Japan_007458.jpg,0,0,1,0,D20,train
Japan_004348.jpg,0,0,1,0,D20,train
Japan_011011.jpg,0,0,0,0,NONE,train
Japan_002602.jpg,0,0,1,0,D20,train
Japan_000611.jpg,0,0,1,0,D20,train
Japan_001144.jpg,1,0,0,0,D00,train
Japan_008505.jpg,0,0,0,0,NONE,train
Japan_008769.jpg,0,0,1,0,D20,train
Japan_001822.jpg,1,0,0,0,D00,train
Japan_004698.jpg,0,0,0,0,NONE,train
Japan_002193.jpg,1,0,0,0,D00,train
Japan_002859.jpg,0,0,0,0,NONE,train
Japan_001661.jpg,1,0,0,0,D00,train
Japan_007424.jpg,0,0,0,0,NONE,train
Japan_003225.jpg,0,0,0,0,NONE,train
Japan_006632.jpg,0,0,1,1,D20+D40,train
Japan_000908.jpg,0,0,0,0,NONE,train
Japan_010864.jpg,0,0,0,0,NONE,train
Japan_001637.jpg,0,1,1,1,D10+D20+D40,train
Japan_004112.jpg,0,0,0,1,D40,train
Japan_000950.jpg,0,0,1,1,D20+D40,train
Japan_012704.jpg,0,1,1,1,D10+D20+D40,train
Japan_000436.jpg,0,0,0,0,NONE,train
Japan_007409.jpg,0,0,1,1,D20+D40,train
Japan_006769.jpg,0,0,1,0,D20,train
Japan_006285.jpg,0,0,0,1,D40,train
Japan_002669.jpg,0,0,0,0,NONE,train
Japan_000557.jpg,0,0,1,0,D20,train
Japan_000619.jpg,1,0,1,0,D00+D20,train
Japan_006969.jpg,0,0,0,0,NONE,train
Japan_009123.jpg,0,0,1,0,D20,train
Japan_003697.jpg,1,1,1,0,D00+D10+D20,train
Japan_013096.jpg,1,0,0,0,D00,train
Japan_001151.jpg,0,0,0,0,NONE,train
Japan_002025.jpg,0,0,1,0,D20,train
Japan_001245.jpg,1,0,0,0,D00,train
Japan_006564.jpg,0,0,1,0,D20,train
Japan_003674.jpg,1,0,1,0,D00+D20,train
Japan_008961.jpg,0,0,0,0,NONE,train
Japan_012175.jpg,1,0,1,0,D00+D20,train
Japan_012087.jpg,1,0,0,0,D00,train
Japan_009593.jpg,0,0,1,0,D20,train
Japan_002475.jpg,0,0,0,0,NONE,train
Japan_007812.jpg,0,0,0,0,NONE,train
Japan_009453.jpg,0,0,1,0,D20,train
Japan_009927.jpg,1,1,0,0,D00+D10,train
Japan_009513.jpg,1,1,0,0,D00+D10,train
Japan_005077.jpg,0,0,1,0,D20,train
Japan_004167.jpg,0,0,1,0,D20,train
Japan_006354.jpg,1,0,0,1,D00+D40,train
Japan_012991.jpg,0,0,1,1,D20+D40,train
Japan_009213.jpg,1,1,0,0,D00+D10,train
Japan_007285.jpg,1,1,0,0,D00+D10,train
Japan_000659.jpg,1,0,0,0,D00,train
Japan_005731.jpg,0,0,1,0,D20,train
Japan_012353.jpg,0,0,0,1,D40,train
Japan_006195.jpg,0,0,0,0,NONE,train
Japan_010367.jpg,0,0,1,0,D20,train
Japan_005548.jpg,0,0,0,0,NONE,train
Japan_001840.jpg,0,0,1,0,D20,train
Japan_011149.jpg,0,0,1,0,D20,train
Japan_011480.jpg,1,1,1,0,D00+D10+D20,train
Japan_001208.jpg,0,0,1,1,D20+D40,train
Japan_004587.jpg,0,0,1,0,D20,train
Japan_013042.jpg,0,0,0,0,NONE,train
Japan_008238.jpg,0,0,1,0,D20,train
Japan_004919.jpg,0,0,1,0,D20,train
Japan_000812.jpg,0,1,1,0,D10+D20,train
Japan_010045.jpg,1,0,1,0,D00+D20,train
Japan_003775.jpg,1,1,0,0,D00+D10,train
Japan_000571.jpg,0,0,0,0,NONE,train
Japan_007591.jpg,1,0,0,0,D00,train
Japan_000838.jpg,0,0,0,0,NONE,train
Japan_005117.jpg,0,0,1,1,D20+D40,train
Japan_004823.jpg,0,0,1,0,D20,train
Japan_005574.jpg,0,0,1,0,D20,train
Japan_004361.jpg,0,0,1,1,D20+D40,train
Japan_004230.jpg,0,0,1,0,D20,train
Japan_008151.jpg,0,0,0,0,NONE,train
Japan_009701.jpg,1,1,0,0,D00+D10,train
Japan_013045.jpg,0,0,1,0,D20,train
Japan_002505.jpg,0,0,0,0,NONE,train
Japan_004418.jpg,1,1,1,1,D00+D10+D20+D40,train
Japan_010027.jpg,1,0,0,0,D00,train
Japan_003975.jpg,0,0,1,1,D20+D40,train
Japan_006527.jpg,1,0,1,0,D00+D20,train
Japan_010111.jpg,0,0,1,0,D20,train
Japan_000079.jpg,1,1,0,0,D00+D10,train
Japan_006503.jpg,0,0,1,0,D20,train
Japan_001173.jpg,0,0,1,1,D20+D40,train
Japan_000258.jpg,1,0,0,0,D00,train
Japan_005045.jpg,0,1,1,0,D10+D20,train
Japan_004435.jpg,0,0,0,0,NONE,train
Japan_000263.jpg,1,0,1,0,D00+D20,train
Japan_001122.jpg,0,0,1,0,D20,train
Japan_004840.jpg,0,0,1,0,D20,train
Japan_011566.jpg,0,0,0,0,NONE,train
Japan_010011.jpg,0,0,1,0,D20,train
Japan_011696.jpg,0,0,0,0,NONE,train
Japan_006593.jpg,0,1,1,0,D10+D20,train
Japan_011531.jpg,0,0,1,0,D20,train
Japan_009309.jpg,0,0,0,0,NONE,train
Japan_001219.jpg,1,1,0,0,D00+D10,train
Japan_002676.jpg,0,0,1,0,D20,train
Japan_005076.jpg,1,0,1,0,D00+D20,train
Japan_004093.jpg,1,1,1,0,D00+D10+D20,train
Japan_005680.jpg,0,0,1,0,D20,train
Japan_000476.jpg,0,0,0,0,NONE,train
Japan_009785.jpg,1,1,0,0,D00+D10,train
Japan_013026.jpg,0,0,0,1,D40,train
Japan_011307.jpg,0,0,0,0,NONE,train
Japan_002756.jpg,0,0,0,0,NONE,train
Japan_012856.jpg,0,1,0,0,D10,train
Japan_004249.jpg,0,0,1,0,D20,train
Japan_011017.jpg,0,0,0,0,NONE,train
Japan_010078.jpg,0,0,1,0,D20,train
Japan_005247.jpg,1,0,1,0,D00+D20,train
Japan_010142.jpg,1,1,0,0,D00+D10,train
Japan_000765.jpg,0,0,0,0,NONE,train
Japan_007367.jpg,1,0,0,0,D00,train
Japan_004764.jpg,1,0,0,0,D00,train
Japan_012337.jpg,1,1,1,0,D00+D10+D20,train
Japan_012522.jpg,0,0,0,0,NONE,train
Japan_004524.jpg,0,0,0,0,NONE,train
Japan_010676.jpg,0,0,0,0,NONE,train
Japan_007655.jpg,0,0,1,1,D20+D40,train
Japan_008109.jpg,0,0,1,0,D20,train
Japan_011071.jpg,0,0,0,0,NONE,train
Japan_012010.jpg,0,0,1,0,D20,train
Japan_011367.jpg,0,0,1,0,D20,train
Japan_010560.jpg,0,0,0,0,NONE,train
Japan_011652.jpg,0,0,0,0,NONE,train
Japan_010278.jpg,1,0,1,0,D00+D20,train
Japan_006502.jpg,1,0,0,0,D00,train
Japan_008179.jpg,0,0,1,0,D20,train
Japan_011818.jpg,0,0,0,0,NONE,train
Japan_007383.jpg,0,0,1,0,D20,train
Japan_012574.jpg,0,0,0,1,D40,train
Japan_001023.jpg,1,0,0,0,D00,train
Japan_000531.jpg,0,0,1,0,D20,train
Japan_012294.jpg,0,0,0,0,NONE,train
Japan_004129.jpg,0,0,1,1,D20+D40,train
Japan_000688.jpg,1,0,0,0,D00,train
Japan_009238.jpg,0,0,0,0,NONE,train
Japan_004665.jpg,1,0,0,0,D00,train
Japan_004715.jpg,1,0,0,0,D00,train
Japan_011210.jpg,1,0,0,0,D00,train
Japan_005344.jpg,0,0,0,0,NONE,train
Japan_007095.jpg,0,1,0,0,D10,train
Japan_010469.jpg,0,0,0,0,NONE,train
Japan_001761.jpg,0,0,1,0,D20,train
Japan_006680.jpg,0,0,0,0,NONE,train
Japan_003433.jpg,0,0,0,0,NONE,train
Japan_007983.jpg,0,0,0,0,NONE,train
Japan_004562.jpg,1,0,0,0,D00,train
Japan_009413.jpg,0,1,0,1,D10+D40,train
Japan_011183.jpg,0,0,0,0,NONE,train
Japan_002655.jpg,0,0,1,0,D20,train
Japan_011923.jpg,0,0,1,0,D20,train
Japan_003237.jpg,1,1,0,0,D00+D10,train
Japan_002407.jpg,0,0,0,0,NONE,train
Japan_008070.jpg,0,0,0,0,NONE,train
Japan_005996.jpg,0,1,0,0,D10,train
Japan_010003.jpg,0,0,0,0,NONE,train
Japan_009685.jpg,1,0,1,0,D00+D20,train
Japan_006182.jpg,0,1,1,1,D10+D20+D40,train
Japan_004362.jpg,0,0,0,1,D40,train
Japan_012216.jpg,0,0,1,0,D20,train
Japan_009430.jpg,0,0,1,0,D20,train
Japan_010744.jpg,1,0,1,0,D00+D20,train
Japan_011429.jpg,0,0,0,0,NONE,train
Japan_011294.jpg,0,0,0,0,NONE,train
Japan_000056.jpg,0,0,0,0,NONE,train
Japan_007648.jpg,0,0,0,1,D40,train
Japan_006157.jpg,0,0,0,0,NONE,train
Japan_003491.jpg,0,0,1,0,D20,train
Japan_006800.jpg,0,0,1,1,D20+D40,train
Japan_004179.jpg,0,0,0,1,D40,train
Japan_000984.jpg,0,1,1,0,D10+D20,train
Japan_009386.jpg,0,1,1,0,D10+D20,train
Japan_008117.jpg,0,0,1,0,D20,train
Japan_002686.jpg,1,1,0,0,D00+D10,train
Japan_007611.jpg,0,0,1,1,D20+D40,train
Japan_005098.jpg,0,0,0,0,NONE,train
Japan_004384.jpg,0,0,1,0,D20,train
Japan_002253.jpg,0,0,1,0,D20,train
Japan_006207.jpg,1,0,0,0,D00,train
Japan_003561.jpg,0,0,0,0,NONE,train
Japan_001919.jpg,0,0,1,1,D20+D40,train
Japan_012001.jpg,0,0,1,0,D20,train
Japan_005757.jpg,1,0,0,0,D00,train
Japan_010733.jpg,0,0,1,0,D20,train
Japan_004224.jpg,0,0,1,0,D20,train
Japan_010724.jpg,1,1,0,0,D00+D10,train
Japan_002544.jpg,0,0,1,0,D20,train
Japan_004173.jpg,0,0,0,1,D40,train
Japan_008408.jpg,1,0,0,0,D00,train
Japan_001931.jpg,0,0,0,0,NONE,train
Japan_007585.jpg,0,0,0,0,NONE,train
Japan_012543.jpg,1,0,1,1,D00+D20+D40,train
Japan_003228.jpg,0,0,1,0,D20,train
Japan_000085.jpg,0,0,1,1,D20+D40,train
Japan_010871.jpg,0,0,0,0,NONE,train
Japan_009564.jpg,0,0,0,0,NONE,train
Japan_007036.jpg,1,0,0,0,D00,train
Japan_004856.jpg,0,0,1,0,D20,train
Japan_008491.jpg,1,1,1,0,D00+D10+D20,train
Japan_000294.jpg,0,0,1,0,D20,train
Japan_004593.jpg,0,0,1,0,D20,train
Japan_003392.jpg,0,1,1,0,D10+D20,train
Japan_005714.jpg,0,0,0,0,NONE,train
Japan_009823.jpg,0,0,1,0,D20,train
Japan_011699.jpg,0,0,1,0,D20,train
Japan_007217.jpg,1,0,0,0,D00,train
Japan_001856.jpg,1,0,0,0,D00,train
Japan_000313.jpg,1,0,0,0,D00,train
Japan_003293.jpg,1,1,0,0,D00+D10,train
Japan_007658.jpg,0,1,1,1,D10+D20+D40,train
Japan_000059.jpg,1,1,0,0,D00+D10,train
Japan_006048.jpg,0,0,0,0,NONE,train
Japan_006091.jpg,0,0,0,0,NONE,train
Japan_005123.jpg,0,0,0,0,NONE,train
Japan_003407.jpg,0,0,0,0,NONE,train
Japan_012364.jpg,0,1,0,0,D10,train
Japan_012049.jpg,1,1,1,0,D00+D10+D20,train
Japan_011647.jpg,0,0,1,0,D20,train
Japan_006425.jpg,0,1,1,0,D10+D20,train
Japan_009142.jpg,0,1,1,0,D10+D20,train
Japan_012896.jpg,1,0,0,0,D00,train
Japan_000343.jpg,0,0,0,0,NONE,train
Japan_011387.jpg,0,0,0,0,NONE,train
Japan_004220.jpg,1,0,0,0,D00,train
Japan_012986.jpg,0,1,0,0,D10,train
Japan_002303.jpg,0,0,1,0,D20,train
Japan_008470.jpg,0,0,0,0,NONE,train
Japan_000754.jpg,1,1,1,0,D00+D10+D20,train
Japan_001796.jpg,0,1,1,0,D10+D20,train
Japan_008565.jpg,0,1,1,0,D10+D20,train
Japan_002942.jpg,1,0,0,0,D00,train
Japan_006177.jpg,1,0,1,0,D00+D20,train
Japan_002358.jpg,1,0,1,1,D00+D20+D40,train
Japan_011856.jpg,1,0,0,0,D00,train
Japan_003345.jpg,0,0,1,0,D20,train
Japan_012332.jpg,1,1,0,0,D00+D10,train
Japan_012879.jpg,0,0,0,0,NONE,train
Japan_009414.jpg,0,0,0,0,NONE,train
Japan_010103.jpg,0,0,1,0,D20,train
Japan_010479.jpg,0,0,1,0,D20,train
Japan_010219.jpg,0,0,1,1,D20+D40,train
Japan_011229.jpg,1,1,0,0,D00+D10,train
Japan_001043.jpg,1,0,1,0,D00+D20,train
Japan_009373.jpg,0,0,0,0,NONE,train
Japan_006719.jpg,0,0,1,0,D20,train
Japan_010032.jpg,0,0,1,1,D20+D40,train
Japan_013091.jpg,0,0,1,0,D20,train
Japan_005700.jpg,0,0,1,0,D20,train
Japan_007045.jpg,0,0,1,0,D20,train
Japan_000179.jpg,0,0,1,0,D20,train
Japan_003625.jpg,1,0,1,0,D00+D20,train
Japan_001146.jpg,0,0,0,0,NONE,train
Japan_008283.jpg,1,0,1,0,D00+D20,train
Japan_007340.jpg,0,0,1,1,D20+D40,train
Japan_002753.jpg,1,1,1,0,D00+D10+D20,train
Japan_002198.jpg,1,0,0,0,D00,train
Japan_003887.jpg,0,0,0,0,NONE,train
Japan_010447.jpg,0,0,0,0,NONE,train
Japan_001754.jpg,0,0,0,0,NONE,train
Japan_004191.jpg,0,0,0,0,NONE,train
Japan_009800.jpg,1,0,0,0,D00,train
Japan_010535.jpg,0,0,0,0,NONE,train
Japan_010926.jpg,0,0,0,0,NONE,train
Japan_008189.jpg,1,0,0,0,D00,train
Japan_011631.jpg,0,1,1,1,D10+D20+D40,train
Japan_007993.jpg,0,0,0,0,NONE,train
Japan_005810.jpg,0,0,1,0,D20,train
Japan_009540.jpg,0,0,0,0,NONE,train
Japan_012755.jpg,1,0,0,0,D00,train
Japan_003070.jpg,0,0,1,0,D20,train
Japan_002715.jpg,0,0,0,0,NONE,train
Japan_003993.jpg,1,0,0,0,D00,train
Japan_009265.jpg,1,0,0,0,D00,train
Japan_009568.jpg,0,0,1,0,D20,train
Japan_003753.jpg,0,0,1,1,D20+D40,train
Japan_009588.jpg,1,0,0,0,D00,train
Japan_004549.jpg,0,1,1,0,D10+D20,train
Japan_012585.jpg,1,0,1,0,D00+D20,train
Japan_011868.jpg,1,0,1,0,D00+D20,train
Japan_004327.jpg,1,1,1,0,D00+D10+D20,train
Japan_008092.jpg,0,0,0,1,D40,train
Japan_003004.jpg,0,0,1,1,D20+D40,train
Japan_002952.jpg,1,0,0,0,D00,train
Japan_002708.jpg,0,0,1,0,D20,train
Japan_006647.jpg,0,0,1,0,D20,train
Japan_010857.jpg,0,0,0,0,NONE,train
Japan_012515.jpg,0,0,0,0,NONE,train
Japan_003381.jpg,1,1,1,0,D00+D10+D20,train
Japan_003414.jpg,1,0,0,0,D00,train
Japan_010221.jpg,1,0,0,0,D00,train
Japan_000486.jpg,0,0,1,0,D20,train
Japan_008178.jpg,0,0,0,0,NONE,train
Japan_010952.jpg,0,0,1,0,D20,train
Japan_007670.jpg,0,0,1,0,D20,train
Japan_009218.jpg,0,0,0,0,NONE,train
Japan_012029.jpg,0,1,0,0,D10,train
Japan_005997.jpg,0,1,0,0,D10,train
Japan_001089.jpg,1,0,0,0,D00,train
Japan_003204.jpg,0,0,1,0,D20,train
Japan_007558.jpg,1,0,0,0,D00,train
Japan_003220.jpg,1,0,0,0,D00,train
Japan_000517.jpg,0,1,0,0,D10,train
Japan_001012.jpg,0,0,0,0,NONE,train
Japan_009700.jpg,0,0,1,0,D20,train
Japan_005589.jpg,0,0,0,0,NONE,train
Japan_008389.jpg,1,0,0,0,D00,train
Japan_010789.jpg,0,0,0,0,NONE,train
Japan_000952.jpg,1,0,0,0,D00,train
Japan_012658.jpg,0,0,0,0,NONE,train
Japan_001586.jpg,1,1,0,0,D00+D10,train
Japan_002247.jpg,0,0,0,0,NONE,train
Japan_005910.jpg,1,1,1,0,D00+D10+D20,train
Japan_008969.jpg,0,0,0,0,NONE,train
Japan_011707.jpg,0,0,0,0,NONE,train
Japan_006954.jpg,0,0,0,1,D40,train
Japan_010525.jpg,1,0,0,0,D00,train
Japan_010356.jpg,0,0,1,0,D20,train
Japan_002897.jpg,0,0,1,0,D20,train
Japan_005173.jpg,0,1,1,0,D10+D20,train
Japan_005067.jpg,1,0,0,0,D00,train
Japan_000648.jpg,1,0,1,0,D00+D20,train
Japan_010306.jpg,0,1,1,0,D10+D20,train
Japan_001972.jpg,0,0,1,1,D20+D40,train
Japan_001584.jpg,0,1,0,0,D10,train
Japan_003129.jpg,1,0,0,0,D00,train
Japan_005977.jpg,0,0,1,0,D20,train
Japan_010767.jpg,1,0,0,0,D00,train
Japan_006287.jpg,1,0,1,1,D00+D20+D40,train
Japan_000025.jpg,0,0,1,0,D20,train
Japan_006685.jpg,1,1,0,0,D00+D10,train
Japan_012787.jpg,0,0,0,0,NONE,train
Japan_002830.jpg,0,0,0,0,NONE,train
Japan_005547.jpg,1,1,1,0,D00+D10+D20,train
Japan_000752.jpg,0,0,0,0,NONE,train
Japan_011133.jpg,0,0,0,0,NONE,train
Japan_009766.jpg,0,1,1,0,D10+D20,train
Japan_008306.jpg,1,0,0,0,D00,train
Japan_003686.jpg,0,0,0,0,NONE,train
Japan_013070.jpg,0,0,0,0,NONE,train
Japan_009664.jpg,1,0,0,0,D00,train
Japan_003089.jpg,0,0,1,0,D20,train
Japan_003822.jpg,1,0,0,0,D00,train
Japan_012791.jpg,0,0,0,1,D40,train
Japan_002765.jpg,0,0,1,0,D20,train
Japan_000615.jpg,0,0,0,0,NONE,train
Japan_007581.jpg,1,0,0,0,D00,train
Japan_011405.jpg,1,0,1,0,D00+D20,train
Japan_006215.jpg,1,1,1,0,D00+D10+D20,train
Japan_001645.jpg,0,0,1,0,D20,train
Japan_010870.jpg,0,1,0,0,D10,train
Japan_004347.jpg,0,0,1,0,D20,train
Japan_008618.jpg,0,0,1,0,D20,train
Japan_001593.jpg,0,0,0,0,NONE,train
Japan_006412.jpg,0,0,0,0,NONE,train
Japan_001318.jpg,0,1,1,0,D10+D20,train
Japan_009724.jpg,1,1,1,0,D00+D10+D20,train
Japan_007651.jpg,0,0,0,0,NONE,train
Japan_010227.jpg,1,0,1,0,D00+D20,train
Japan_002071.jpg,1,0,0,0,D00,train
Japan_005015.jpg,0,1,1,0,D10+D20,train
Japan_010663.jpg,0,0,0,0,NONE,train
Japan_010178.jpg,1,0,0,0,D00,train
Japan_006684.jpg,0,0,1,0,D20,train
Japan_000974.jpg,0,1,0,0,D10,train
Japan_005909.jpg,1,1,0,0,D00+D10,train
Japan_010725.jpg,1,0,0,0,D00,train
Japan_012577.jpg,0,0,0,0,NONE,train
Japan_011694.jpg,0,0,1,0,D20,train
Japan_005740.jpg,0,0,0,0,NONE,train
Japan_008551.jpg,0,0,0,0,NONE,train
Japan_004109.jpg,0,1,0,0,D10,train
Japan_008450.jpg,0,0,1,0,D20,train
Japan_008061.jpg,0,0,1,0,D20,train
Japan_000322.jpg,0,0,0,0,NONE,train
Japan_011945.jpg,0,0,1,0,D20,train
Japan_000994.jpg,0,0,0,1,D40,train
Japan_002017.jpg,0,1,1,0,D10+D20,train
Japan_011247.jpg,0,0,0,0,NONE,train
Japan_013062.jpg,0,0,0,1,D40,train
Japan_002163.jpg,0,0,1,0,D20,train
Japan_005013.jpg,0,0,1,1,D20+D40,train
Japan_011317.jpg,0,0,0,0,NONE,train
Japan_008714.jpg,0,0,1,1,D20+D40,train
Japan_002636.jpg,0,0,1,1,D20+D40,train
Japan_002998.jpg,0,0,0,0,NONE,train
Japan_001642.jpg,0,1,1,0,D10+D20,train
Japan_002821.jpg,1,1,0,0,D00+D10,train
Japan_008825.jpg,0,1,1,0,D10+D20,train
Japan_010687.jpg,0,0,1,0,D20,train
Japan_012876.jpg,0,0,1,0,D20,train
Japan_009398.jpg,0,1,1,0,D10+D20,train
Japan_012841.jpg,0,0,1,0,D20,train
Japan_006266.jpg,1,1,0,0,D00+D10,train
Japan_000772.jpg,0,0,1,1,D20+D40,train
Japan_005528.jpg,0,0,1,0,D20,train
Japan_010660.jpg,0,0,0,0,NONE,train
Japan_001741.jpg,0,0,1,0,D20,train
Japan_011542.jpg,0,0,1,1,D20+D40,train
Japan_007347.jpg,0,0,1,0,D20,train
Japan_001966.jpg,0,0,1,0,D20,train
Japan_005465.jpg,0,0,1,0,D20,train
Japan_008332.jpg,0,1,0,0,D10,train
Japan_008140.jpg,0,0,0,0,NONE,train
Japan_000963.jpg,0,1,1,0,D10+D20,train
Japan_000605.jpg,0,0,0,1,D40,train
Japan_001888.jpg,0,0,1,1,D20+D40,train
Japan_003217.jpg,0,0,0,0,NONE,train
Japan_008954.jpg,0,0,1,1,D20+D40,train
Japan_002976.jpg,0,0,0,0,NONE,train
Japan_002716.jpg,1,0,0,0,D00,train
Japan_007191.jpg,0,0,1,0,D20,train
Japan_011461.jpg,0,0,0,0,NONE,train
Japan_011265.jpg,0,0,0,0,NONE,train
Japan_012167.jpg,0,0,0,1,D40,train
Japan_012327.jpg,0,0,0,0,NONE,train
Japan_001756.jpg,1,0,0,0,D00,train
Japan_009879.jpg,0,0,0,0,NONE,train
Japan_000515.jpg,1,0,0,0,D00,train
Japan_004795.jpg,0,0,0,0,NONE,train
Japan_012608.jpg,0,0,1,0,D20,train
Japan_002534.jpg,0,0,0,0,NONE,train
Japan_009683.jpg,1,0,0,0,D00,train
Japan_003379.jpg,1,0,0,0,D00,train
Japan_005573.jpg,0,0,0,0,NONE,train
Japan_012030.jpg,0,0,0,0,NONE,train
Japan_005041.jpg,1,0,0,0,D00,train
Japan_005096.jpg,1,0,1,0,D00+D20,train
Japan_001376.jpg,1,0,0,0,D00,train
Japan_003535.jpg,0,0,1,0,D20,train
Japan_007350.jpg,1,0,0,0,D00,train
Japan_001681.jpg,0,0,0,0,NONE,train
Japan_001372.jpg,0,0,1,0,D20,train
Japan_002221.jpg,0,1,1,0,D10+D20,train
Japan_008660.jpg,0,0,0,0,NONE,train
Japan_008606.jpg,1,1,0,0,D00+D10,train
Japan_007044.jpg,0,0,0,0,NONE,train
Japan_004014.jpg,1,1,0,0,D00+D10,train
Japan_002469.jpg,1,0,0,0,D00,train
Japan_006381.jpg,0,0,1,1,D20+D40,train
Japan_010079.jpg,0,1,1,0,D10+D20,train
Japan_002421.jpg,0,0,1,0,D20,train
Japan_002772.jpg,0,0,0,1,D40,train
Japan_011490.jpg,0,0,1,0,D20,train
Japan_000466.jpg,0,0,0,0,NONE,train
Japan_009637.jpg,1,0,1,1,D00+D20+D40,train
Japan_009098.jpg,1,0,0,0,D00,train
Japan_011992.jpg,0,0,0,0,NONE,train
Japan_004640.jpg,0,0,1,0,D20,train
Japan_003929.jpg,1,0,1,0,D00+D20,train
Japan_000326.jpg,0,0,1,0,D20,train
Japan_003584.jpg,1,0,0,0,D00,train
Japan_003897.jpg,0,0,1,0,D20,train
Japan_011864.jpg,0,0,1,0,D20,train
Japan_009007.jpg,0,0,0,0,NONE,train
Japan_001782.jpg,0,0,1,0,D20,train
Japan_008393.jpg,1,0,0,0,D00,train
Japan_009483.jpg,0,0,1,0,D20,train
Japan_003640.jpg,0,0,0,0,NONE,train
Japan_006659.jpg,0,0,0,0,NONE,train
Japan_008036.jpg,0,0,1,0,D20,train
Japan_004070.jpg,0,0,0,0,NONE,train
Japan_008640.jpg,0,0,0,1,D40,train
Japan_000261.jpg,0,0,0,0,NONE,train
Japan_004279.jpg,0,0,1,0,D20,train
Japan_012820.jpg,1,0,1,0,D00+D20,train
Japan_012687.jpg,0,0,1,0,D20,train
Japan_001108.jpg,0,0,0,1,D40,train
Japan_000671.jpg,0,1,0,0,D10,train
Japan_006603.jpg,0,0,1,0,D20,train
Japan_010743.jpg,0,0,0,0,NONE,train
Japan_006876.jpg,0,0,0,0,NONE,train
Japan_002338.jpg,0,0,1,0,D20,train
Japan_011875.jpg,0,0,1,1,D20+D40,train
Japan_004417.jpg,1,1,0,0,D00+D10,train
Japan_009472.jpg,0,0,0,0,NONE,train
Japan_007847.jpg,0,0,0,0,NONE,train
Japan_002818.jpg,1,1,0,0,D00+D10,train
Japan_004045.jpg,0,0,0,0,NONE,train
Japan_008367.jpg,0,0,1,0,D20,train
Japan_009919.jpg,0,0,1,0,D20,train
Japan_007126.jpg,1,0,0,0,D00,train
Japan_010442.jpg,1,0,1,0,D00+D20,train
Japan_010785.jpg,0,0,1,0,D20,train
Japan_011481.jpg,0,0,1,0,D20,train
Japan_011363.jpg,0,0,1,0,D20,train
Japan_000035.jpg,0,1,0,0,D10,train
Japan_010167.jpg,0,0,1,0,D20,train
Japan_002649.jpg,0,1,0,0,D10,train
Japan_000252.jpg,1,0,1,0,D00+D20,train
Japan_009271.jpg,0,1,0,0,D10,train
Japan_002743.jpg,1,0,0,0,D00,train
Japan_008976.jpg,1,0,0,0,D00,train
Japan_001576.jpg,1,0,1,0,D00+D20,train
Japan_009961.jpg,0,0,1,1,D20+D40,train
Japan_011741.jpg,0,0,0,0,NONE,train
Japan_007761.jpg,0,0,0,0,NONE,train
Japan_009314.jpg,0,1,0,0,D10,train
Japan_001166.jpg,0,0,0,1,D40,train
Japan_011077.jpg,0,0,0,1,D40,train
Japan_008309.jpg,1,1,0,0,D00+D10,train
Japan_010057.jpg,0,0,1,0,D20,train
Japan_003260.jpg,0,0,0,0,NONE,train
Japan_008175.jpg,0,0,1,0,D20,train
Japan_010418.jpg,1,0,0,0,D00,train
Japan_006535.jpg,0,0,0,0,NONE,train
Japan_003224.jpg,0,0,1,1,D20+D40,train
Japan_002258.jpg,0,0,0,0,NONE,train
Japan_002713.jpg,0,0,1,0,D20,train
Japan_008539.jpg,0,0,1,0,D20,train
Japan_008003.jpg,0,0,1,0,D20,train
Japan_006919.jpg,0,0,1,0,D20,train
Japan_006600.jpg,1,1,1,0,D00+D10+D20,train
Japan_001329.jpg,0,0,0,0,NONE,train
Japan_002143.jpg,0,0,1,0,D20,train
Japan_000902.jpg,0,0,1,1,D20+D40,train
Japan_002822.jpg,0,0,1,0,D20,train
Japan_004161.jpg,0,0,0,0,NONE,train
Japan_011479.jpg,0,0,1,1,D20+D40,train
Japan_006989.jpg,1,0,0,0,D00,train
Japan_002326.jpg,1,0,0,0,D00,train
Japan_006573.jpg,1,0,0,0,D00,train
Japan_001354.jpg,1,0,0,0,D00,train
Japan_011072.jpg,0,0,0,1,D40,train
Japan_012185.jpg,1,0,1,0,D00+D20,train
Japan_002846.jpg,0,0,0,0,NONE,train
Japan_002396.jpg,1,0,1,1,D00+D20+D40,train
Japan_008434.jpg,0,1,0,0,D10,train
Japan_011844.jpg,1,1,0,0,D00+D10,train
Japan_009174.jpg,0,1,0,1,D10+D40,train
Japan_008368.jpg,0,1,1,0,D10+D20,train
Japan_005371.jpg,0,0,1,0,D20,train
Japan_005258.jpg,0,0,0,0,NONE,train
Japan_001495.jpg,0,0,0,0,NONE,train
Japan_010976.jpg,0,0,1,0,D20,train
Japan_002816.jpg,0,0,0,1,D40,train
Japan_012140.jpg,1,0,0,0,D00,train
Japan_011343.jpg,0,0,0,0,NONE,train
Japan_003233.jpg,0,0,1,0,D20,train
Japan_002532.jpg,0,0,0,0,NONE,train
Japan_002367.jpg,0,0,0,0,NONE,train
Japan_010223.jpg,0,0,0,0,NONE,train
Japan_010898.jpg,1,0,0,0,D00,train
Japan_006321.jpg,0,0,0,0,NONE,train
Japan_007729.jpg,0,0,0,0,NONE,train
Japan_011296.jpg,1,1,0,0,D00+D10,train
Japan_003701.jpg,0,0,1,0,D20,train
Japan_009044.jpg,1,1,1,0,D00+D10+D20,train
Japan_005699.jpg,0,0,1,0,D20,train
Japan_010516.jpg,0,0,1,0,D20,train
Japan_000617.jpg,0,0,1,0,D20,train
Japan_003991.jpg,1,0,0,0,D00,train
Japan_013005.jpg,1,1,1,0,D00+D10+D20,train
Japan_007015.jpg,0,0,0,0,NONE,train
Japan_010380.jpg,1,0,0,0,D00,train
Japan_000839.jpg,0,0,1,0,D20,train
Japan_010328.jpg,1,1,1,0,D00+D10+D20,train
Japan_009832.jpg,0,0,0,1,D40,train
Japan_010325.jpg,1,0,0,0,D00,train
Japan_002440.jpg,1,1,0,0,D00+D10,train
Japan_006810.jpg,0,0,0,0,NONE,train
Japan_005358.jpg,1,0,1,0,D00+D20,train
Japan_004973.jpg,1,1,0,0,D00+D10,train
Japan_003763.jpg,1,0,0,0,D00,train
Japan_002946.jpg,1,0,0,0,D00,train
Japan_000728.jpg,0,1,1,0,D10+D20,train
Japan_006727.jpg,0,1,0,0,D10,train
Japan_008574.jpg,1,0,0,0,D00,train
Japan_002393.jpg,0,0,1,1,D20+D40,train
Japan_007703.jpg,1,0,0,0,D00,train
Japan_004830.jpg,0,0,1,0,D20,train
Japan_001246.jpg,0,0,0,1,D40,train
Japan_011308.jpg,1,0,0,0,D00,train
Japan_001955.jpg,0,0,0,0,NONE,train
Japan_005423.jpg,0,0,0,1,D40,train
Japan_004798.jpg,0,1,1,0,D10+D20,train
Japan_010825.jpg,0,0,1,0,D20,train
Japan_000155.jpg,0,0,1,0,D20,train
Japan_011028.jpg,0,0,0,0,NONE,train
Japan_011010.jpg,1,0,0,0,D00,train
Japan_009031.jpg,0,0,1,0,D20,train
Japan_009011.jpg,1,0,0,0,D00,train
Japan_012418.jpg,1,0,0,0,D00,train
Japan_012330.jpg,1,0,0,0,D00,train
Japan_003545.jpg,0,0,0,0,NONE,train
Japan_000846.jpg,0,1,1,0,D10+D20,train
Japan_012819.jpg,1,0,0,0,D00,train
Japan_010343.jpg,0,0,0,0,NONE,train
Japan_004628.jpg,0,0,1,0,D20,train
Japan_010172.jpg,1,0,0,0,D00,train
Japan_010068.jpg,1,0,1,0,D00+D20,train
Japan_012416.jpg,0,0,1,0,D20,train
Japan_004824.jpg,0,0,0,0,NONE,train
Japan_011199.jpg,0,0,0,0,NONE,train
Japan_013000.jpg,0,0,0,0,NONE,train
Japan_010321.jpg,1,0,0,0,D00,train
Japan_006196.jpg,1,0,0,0,D00,train
Japan_009340.jpg,0,1,1,0,D10+D20,train
Japan_005455.jpg,0,0,0,0,NONE,train
Japan_012258.jpg,0,0,0,0,NONE,train
Japan_002856.jpg,1,0,0,0,D00,train
Japan_005982.jpg,0,0,1,1,D20+D40,train
Japan_008746.jpg,1,0,1,0,D00+D20,train
Japan_008718.jpg,1,1,0,0,D00+D10,train
Japan_011321.jpg,0,1,1,0,D10+D20,train
Japan_004828.jpg,1,0,0,0,D00,train
Japan_000777.jpg,1,0,0,0,D00,train
Japan_003934.jpg,0,0,0,0,NONE,train
Japan_011212.jpg,1,1,0,0,D00+D10,train
Japan_006113.jpg,0,0,0,0,NONE,train
Japan_000302.jpg,0,0,1,1,D20+D40,train
Japan_001271.jpg,0,0,0,0,NONE,train
Japan_006688.jpg,0,1,1,0,D10+D20,train
Japan_005294.jpg,0,0,0,0,NONE,train
Japan_008532.jpg,0,1,0,0,D10,train
Japan_012467.jpg,1,1,0,0,D00+D10,train
Japan_001383.jpg,0,0,0,0,NONE,train
Japan_006997.jpg,1,1,1,0,D00+D10+D20,train
Japan_008314.jpg,0,1,1,0,D10+D20,train
Japan_011871.jpg,1,1,0,0,D00+D10,train
Japan_006524.jpg,0,0,1,0,D20,train
Japan_003662.jpg,0,0,0,1,D40,train
Japan_011144.jpg,0,0,0,0,NONE,train
Japan_001281.jpg,0,0,1,0,D20,train
Japan_011860.jpg,1,0,0,0,D00,train
Japan_003646.jpg,0,0,1,1,D20+D40,train
Japan_010953.jpg,1,0,0,0,D00,train
Japan_008884.jpg,0,0,0,0,NONE,train
Japan_006978.jpg,1,1,0,0,D00+D10,train
Japan_012449.jpg,0,0,0,0,NONE,train
Japan_008921.jpg,0,0,1,1,D20+D40,train
Japan_009521.jpg,0,0,1,1,D20+D40,train
Japan_012993.jpg,1,1,1,0,D00+D10+D20,train
Japan_004113.jpg,0,1,0,0,D10,train
Japan_004926.jpg,0,0,0,0,NONE,train
Japan_008925.jpg,0,1,1,1,D10+D20+D40,train
Japan_010305.jpg,1,0,0,0,D00,train
Japan_008167.jpg,0,0,0,0,NONE,train
Japan_003513.jpg,0,0,1,1,D20+D40,train
Japan_006908.jpg,1,1,0,0,D00+D10,train
Japan_007222.jpg,0,0,1,0,D20,train
Japan_001069.jpg,0,0,0,0,NONE,train
Japan_005859.jpg,0,0,1,0,D20,train
Japan_005306.jpg,1,0,0,0,D00,train
Japan_010930.jpg,0,0,0,0,NONE,train
Japan_007400.jpg,1,1,0,0,D00+D10,train
Japan_001479.jpg,0,0,1,0,D20,train
Japan_000763.jpg,0,0,0,0,NONE,train
Japan_000996.jpg,0,0,0,0,NONE,train
Japan_008607.jpg,0,0,1,0,D20,train
Japan_005640.jpg,0,0,1,0,D20,train
Japan_010056.jpg,0,0,0,0,NONE,train
Japan_012651.jpg,0,0,0,0,NONE,train
Japan_008759.jpg,0,1,1,0,D10+D20,train
Japan_008246.jpg,0,1,0,0,D10,train
Japan_008475.jpg,0,0,0,0,NONE,train
Japan_007517.jpg,0,0,0,0,NONE,train
Japan_001857.jpg,1,1,0,0,D00+D10,train
Japan_012397.jpg,0,0,0,0,NONE,train
Japan_000030.jpg,0,0,0,0,NONE,train
Japan_003569.jpg,0,0,0,0,NONE,train
Japan_006038.jpg,1,0,0,0,D00,train
Japan_000892.jpg,1,1,0,0,D00+D10,train
Japan_004950.jpg,0,0,0,0,NONE,train
Japan_004470.jpg,0,0,0,0,NONE,train
Japan_012573.jpg,0,0,0,1,D40,train
Japan_011104.jpg,0,1,1,0,D10+D20,train
Japan_008832.jpg,0,1,1,0,D10+D20,train
Japan_003354.jpg,0,0,0,0,NONE,train
Japan_008852.jpg,0,0,1,1,D20+D40,train
Japan_003309.jpg,1,1,1,0,D00+D10+D20,train
Japan_000726.jpg,0,0,0,0,NONE,train
Japan_005986.jpg,0,1,1,0,D10+D20,train
Japan_001362.jpg,0,0,1,1,D20+D40,train
Japan_009233.jpg,0,0,1,0,D20,train
Japan_007232.jpg,0,0,1,1,D20+D40,train
Japan_005200.jpg,0,0,1,0,D20,train
Japan_002996.jpg,0,0,0,1,D40,train
Japan_003130.jpg,0,0,1,0,D20,train
Japan_013099.jpg,0,0,0,1,D40,train
Japan_011829.jpg,1,1,0,0,D00+D10,train
Japan_001138.jpg,0,0,1,0,D20,train
Japan_010026.jpg,0,0,1,0,D20,train
Japan_009848.jpg,0,0,1,0,D20,train
Japan_005308.jpg,0,0,0,1,D40,train
Japan_004579.jpg,0,0,0,0,NONE,train
Japan_005967.jpg,0,0,1,1,D20+D40,train
Japan_013067.jpg,1,1,0,0,D00+D10,train
Japan_012411.jpg,0,0,1,0,D20,train
Japan_005670.jpg,0,0,0,0,NONE,train
Japan_011236.jpg,1,0,1,0,D00+D20,train
Japan_000932.jpg,1,0,0,0,D00,train
Japan_001307.jpg,0,0,0,0,NONE,train
Japan_012681.jpg,0,0,1,0,D20,train
Japan_002209.jpg,1,1,0,0,D00+D10,train
Japan_008029.jpg,1,0,0,0,D00,train
Japan_005350.jpg,0,0,0,0,NONE,train
Japan_002021.jpg,0,0,0,0,NONE,train
Japan_002502.jpg,1,1,0,0,D00+D10,train
Japan_012263.jpg,0,0,1,0,D20,train
Japan_000608.jpg,0,0,1,0,D20,train
Japan_002758.jpg,0,0,0,0,NONE,train
Japan_011889.jpg,0,0,1,0,D20,train
Japan_009229.jpg,1,1,1,0,D00+D10+D20,train
Japan_012734.jpg,0,0,1,1,D20+D40,train
Japan_006996.jpg,1,1,1,1,D00+D10+D20+D40,train
Japan_010190.jpg,0,0,1,1,D20+D40,train
Japan_003079.jpg,0,1,0,0,D10,train
Japan_012248.jpg,0,0,0,0,NONE,train
Japan_007063.jpg,0,0,1,0,D20,train
Japan_009429.jpg,0,0,1,0,D20,train
Japan_009654.jpg,0,0,0,0,NONE,train
Japan_000077.jpg,1,0,0,0,D00,train
Japan_005443.jpg,0,0,1,0,D20,train
Japan_009529.jpg,0,0,0,0,NONE,train
Japan_012373.jpg,0,1,1,0,D10+D20,train
Japan_002779.jpg,1,0,0,0,D00,train
Japan_010315.jpg,1,0,0,0,D00,train
Japan_006010.jpg,1,1,0,0,D00+D10,train
Japan_003386.jpg,0,1,0,0,D10,train
Japan_006385.jpg,0,0,1,0,D20,train
Japan_007242.jpg,0,0,1,0,D20,train
Japan_011130.jpg,1,0,0,0,D00,train
Japan_000080.jpg,0,0,1,0,D20,train
Japan_009248.jpg,1,1,0,0,D00+D10,train
Japan_012604.jpg,0,0,1,0,D20,train
Japan_002244.jpg,0,0,0,0,NONE,train
Japan_008282.jpg,0,0,1,0,D20,train
Japan_000377.jpg,0,0,0,0,NONE,train
Japan_007672.jpg,0,0,1,0,D20,train
Japan_001854.jpg,0,0,0,0,NONE,train
Japan_008637.jpg,0,0,1,0,D20,train
Japan_007879.jpg,0,0,0,1,D40,train
Japan_002291.jpg,0,0,0,0,NONE,train
Japan_010780.jpg,0,0,0,0,NONE,train
Japan_005560.jpg,0,0,0,0,NONE,train
Japan_009804.jpg,1,0,0,0,D00,train
Japan_003487.jpg,1,1,1,0,D00+D10+D20,train
Japan_006335.jpg,1,1,1,0,D00+D10+D20,train
Japan_003372.jpg,1,0,1,0,D00+D20,train
Japan_009350.jpg,0,0,1,0,D20,train
Japan_005821.jpg,0,0,0,0,NONE,train
Japan_012568.jpg,0,1,1,0,D10+D20,train
Japan_010015.jpg,0,0,1,0,D20,train
Japan_012028.jpg,1,0,0,0,D00,train
Japan_009478.jpg,1,0,0,0,D00,train
Japan_011504.jpg,1,0,0,0,D00,train
Japan_012093.jpg,0,0,1,0,D20,train
Japan_009851.jpg,0,0,0,0,NONE,train
Japan_008934.jpg,0,0,0,0,NONE,validation
Japan_009698.jpg,0,0,1,1,D20+D40,validation
Japan_013121.jpg,0,1,0,0,D10,validation
Japan_005343.jpg,1,0,0,0,D00,validation
Japan_013030.jpg,0,0,0,1,D40,validation
Japan_005668.jpg,0,0,0,0,NONE,validation
Japan_008885.jpg,0,0,0,0,NONE,validation
Japan_000000.jpg,1,1,1,1,D00+D10+D20+D40,validation
Japan_008072.jpg,0,0,1,0,D20,validation
Japan_012380.jpg,0,1,0,0,D10,validation
Japan_007973.jpg,0,1,0,0,D10,validation
Japan_012219.jpg,0,0,1,0,D20,validation
Japan_003332.jpg,1,0,0,0,D00,validation
Japan_001293.jpg,0,0,1,0,D20,validation
Japan_006818.jpg,0,0,0,0,NONE,validation
Japan_004332.jpg,0,0,0,0,NONE,validation
Japan_009769.jpg,0,0,1,0,D20,validation
Japan_002926.jpg,0,0,1,0,D20,validation
Japan_004355.jpg,0,0,0,1,D40,validation
Japan_004234.jpg,0,0,0,1,D40,validation
Japan_001980.jpg,0,0,1,0,D20,validation
Japan_006993.jpg,0,0,0,0,NONE,validation
Japan_003474.jpg,0,0,1,1,D20+D40,validation
Japan_011579.jpg,0,0,1,0,D20,validation
Japan_006488.jpg,0,0,0,1,D40,validation
Japan_010241.jpg,0,0,1,0,D20,validation
Japan_012136.jpg,1,1,0,0,D00+D10,validation
Japan_011712.jpg,1,0,0,0,D00,validation
Japan_004011.jpg,1,0,0,0,D00,validation
Japan_001994.jpg,1,0,1,0,D00+D20,validation
Japan_009781.jpg,0,0,0,0,NONE,validation
Japan_010377.jpg,0,0,0,0,NONE,validation
Japan_003415.jpg,1,0,1,0,D00+D20,validation
Japan_003253.jpg,0,0,0,0,NONE,validation
Japan_007357.jpg,0,0,1,1,D20+D40,validation
Japan_004619.jpg,0,0,1,1,D20+D40,validation
Japan_011164.jpg,0,0,1,1,D20+D40,validation
Japan_007801.jpg,0,1,1,0,D10+D20,validation
Japan_000788.jpg,0,0,1,1,D20+D40,validation
Japan_004172.jpg,0,0,1,0,D20,validation
Japan_004743.jpg,1,0,0,1,D00+D40,validation
Japan_009891.jpg,0,0,0,0,NONE,validation
Japan_003525.jpg,0,1,1,0,D10+D20,validation
Japan_000433.jpg,0,1,1,0,D10+D20,validation
Japan_011414.jpg,0,0,0,0,NONE,validation
Japan_003986.jpg,0,1,1,0,D10+D20,validation
Japan_011123.jpg,0,0,0,0,NONE,validation
Japan_000136.jpg,0,0,1,0,D20,validation
Japan_003635.jpg,0,0,1,0,D20,validation
Japan_004626.jpg,0,0,1,0,D20,validation
Japan_006545.jpg,0,0,1,1,D20+D40,validation
Japan_008642.jpg,1,1,0,0,D00+D10,validation
Japan_000284.jpg,1,0,1,0,D00+D20,validation
Japan_012764.jpg,1,0,0,0,D00,validation
Japan_004818.jpg,1,0,0,0,D00,validation
Japan_002617.jpg,0,1,0,0,D10,validation
Japan_009591.jpg,1,1,0,0,D00+D10,validation
Japan_003117.jpg,0,0,1,0,D20,validation
Japan_012758.jpg,1,0,0,0,D00,validation
Japan_013107.jpg,0,0,1,0,D20,validation
Japan_002284.jpg,1,1,1,0,D00+D10+D20,validation
Japan_009132.jpg,0,1,0,0,D10,validation
Japan_000336.jpg,0,0,1,1,D20+D40,validation
Japan_011359.jpg,1,0,1,0,D00+D20,validation
Japan_001417.jpg,0,1,0,0,D10,validation
Japan_005712.jpg,0,0,0,0,NONE,validation
Japan_012635.jpg,0,0,1,1,D20+D40,validation
Japan_006423.jpg,1,0,1,0,D00+D20,validation
Japan_008878.jpg,0,0,1,0,D20,validation
Japan_003461.jpg,0,1,0,0,D10,validation
Japan_010840.jpg,0,1,1,0,D10+D20,validation
Japan_001752.jpg,1,0,0,0,D00,validation
Japan_001819.jpg,0,0,0,0,NONE,validation
Japan_004679.jpg,0,0,1,0,D20,validation
Japan_007875.jpg,1,1,0,0,D00+D10,validation
Japan_007623.jpg,0,0,0,0,NONE,validation
Japan_001791.jpg,0,0,0,1,D40,validation
Japan_007283.jpg,0,0,1,0,D20,validation
Japan_003304.jpg,1,0,0,0,D00,validation
Japan_002820.jpg,0,0,0,0,NONE,validation
Japan_001507.jpg,0,0,1,0,D20,validation
Japan_008794.jpg,0,0,1,0,D20,validation
Japan_007012.jpg,1,1,0,0,D00+D10,validation
Japan_000458.jpg,0,0,0,0,NONE,validation
Japan_010756.jpg,0,0,1,0,D20,validation
Japan_000246.jpg,1,1,0,0,D00+D10,validation
Japan_001441.jpg,0,1,0,1,D10+D40,validation
Japan_011154.jpg,1,1,0,0,D00+D10,validation
Japan_006170.jpg,0,0,1,0,D20,validation
Japan_006450.jpg,1,1,0,0,D00+D10,validation
Japan_011564.jpg,0,1,1,0,D10+D20,validation
Japan_001381.jpg,1,1,0,0,D00+D10,validation
Japan_012691.jpg,0,0,1,1,D20+D40,validation
Japan_002336.jpg,0,1,0,0,D10,validation
Japan_009905.jpg,0,0,0,0,NONE,validation
Japan_004038.jpg,0,1,1,0,D10+D20,validation
Japan_012297.jpg,1,0,0,0,D00,validation
Japan_010874.jpg,1,1,0,0,D00+D10,validation
Japan_004165.jpg,0,0,1,0,D20,validation
Japan_004041.jpg,0,0,0,0,NONE,validation
Japan_009258.jpg,0,0,1,0,D20,validation
Japan_005584.jpg,0,0,0,0,NONE,validation
Japan_005563.jpg,0,0,0,0,NONE,validation
Japan_004590.jpg,0,0,1,0,D20,validation
Japan_009973.jpg,1,1,0,0,D00+D10,validation
Japan_008480.jpg,0,0,1,0,D20,validation
Japan_005420.jpg,1,1,0,0,D00+D10,validation
Japan_012782.jpg,1,0,0,0,D00,validation
Japan_011119.jpg,0,0,1,0,D20,validation
Japan_006352.jpg,1,1,1,0,D00+D10+D20,validation
Japan_003098.jpg,1,1,0,0,D00+D10,validation
Japan_005337.jpg,0,0,0,0,NONE,validation
Japan_008041.jpg,0,0,0,0,NONE,validation
Japan_005587.jpg,1,0,0,1,D00+D40,validation
Japan_004589.jpg,0,0,0,0,NONE,validation
Japan_007903.jpg,0,0,0,1,D40,validation
Japan_006554.jpg,0,0,1,0,D20,validation
Japan_012646.jpg,0,0,1,0,D20,validation
Japan_011518.jpg,0,0,0,0,NONE,validation
Japan_012381.jpg,1,1,0,1,D00+D10+D40,validation
Japan_004370.jpg,1,0,0,0,D00,validation
Japan_003623.jpg,0,1,1,0,D10+D20,validation
Japan_004308.jpg,1,0,0,0,D00,validation
Japan_002380.jpg,0,0,1,0,D20,validation
Japan_008818.jpg,0,0,1,0,D20,validation
Japan_012220.jpg,0,0,0,0,NONE,validation
Japan_001917.jpg,1,1,0,0,D00+D10,validation
Japan_002167.jpg,0,1,0,0,D10,validation
Japan_010544.jpg,0,0,0,0,NONE,validation
Japan_000707.jpg,0,0,1,0,D20,validation
Japan_007987.jpg,1,0,1,0,D00+D20,validation
Japan_006122.jpg,0,1,1,0,D10+D20,validation
Japan_010998.jpg,0,1,1,0,D10+D20,validation
Japan_010668.jpg,0,0,1,0,D20,validation
Japan_007011.jpg,1,0,0,0,D00,validation
Japan_008854.jpg,1,1,0,0,D00+D10,validation
Japan_004430.jpg,0,1,1,0,D10+D20,validation
Japan_011839.jpg,0,0,0,0,NONE,validation
Japan_005490.jpg,1,1,0,0,D00+D10,validation
Japan_007868.jpg,0,0,0,1,D40,validation
Japan_006953.jpg,0,0,1,0,D20,validation
Japan_000970.jpg,0,0,1,0,D20,validation
Japan_011396.jpg,1,1,0,0,D00+D10,validation
Japan_002390.jpg,0,0,1,0,D20,validation
Japan_008236.jpg,0,0,0,0,NONE,validation
Japan_002911.jpg,1,0,0,0,D00,validation
Japan_000072.jpg,1,1,0,0,D00+D10,validation
Japan_003344.jpg,0,0,1,0,D20,validation
Japan_008353.jpg,1,0,0,0,D00,validation
Japan_006605.jpg,1,1,0,0,D00+D10,validation
Japan_004399.jpg,1,1,0,0,D00+D10,validation
Japan_006498.jpg,0,0,0,0,NONE,validation
Japan_003404.jpg,0,0,0,0,NONE,validation
Japan_002045.jpg,1,0,0,0,D00,validation
Japan_002350.jpg,0,0,0,0,NONE,validation
Japan_005543.jpg,1,0,0,0,D00,validation
Japan_003387.jpg,0,0,1,0,D20,validation
Japan_005495.jpg,0,0,1,0,D20,validation
Japan_011752.jpg,0,0,1,0,D20,validation
Japan_012469.jpg,0,0,0,0,NONE,validation
Japan_000955.jpg,0,0,0,0,NONE,validation
Japan_008316.jpg,0,0,1,0,D20,validation
Japan_000082.jpg,1,0,0,0,D00,validation
Japan_005125.jpg,0,1,0,0,D10,validation
Japan_002328.jpg,0,0,0,0,NONE,validation
Japan_011020.jpg,0,0,0,0,NONE,validation
Japan_003759.jpg,0,0,1,0,D20,validation
Japan_007653.jpg,0,0,1,0,D20,validation
Japan_012603.jpg,0,0,0,0,NONE,validation
Japan_004705.jpg,0,0,1,0,D20,validation
Japan_002286.jpg,1,0,0,0,D00,validation
Japan_000068.jpg,0,0,0,1,D40,validation
Japan_002020.jpg,0,1,1,0,D10+D20,validation
Japan_007295.jpg,0,0,0,0,NONE,validation
Japan_006342.jpg,0,1,0,0,D10,validation
Japan_009811.jpg,0,0,1,0,D20,validation
Japan_010489.jpg,1,0,0,0,D00,validation
Japan_011342.jpg,0,0,0,0,NONE,validation
Japan_008524.jpg,1,1,0,0,D00+D10,validation
Japan_009911.jpg,0,0,0,0,NONE,validation
Japan_006358.jpg,0,0,1,0,D20,validation
Japan_009492.jpg,0,0,1,1,D20+D40,validation
Japan_002837.jpg,0,0,0,0,NONE,validation
Japan_005885.jpg,0,0,0,0,NONE,validation
Japan_011216.jpg,1,1,0,0,D00+D10,validation
Japan_000388.jpg,0,0,1,0,D20,validation
Japan_012282.jpg,1,1,1,0,D00+D10+D20,validation
Japan_003999.jpg,0,0,1,0,D20,validation
Japan_012262.jpg,1,0,0,0,D00,validation
Japan_001942.jpg,0,0,0,0,NONE,validation
Japan_001149.jpg,1,1,0,0,D00+D10,validation
Japan_008166.jpg,0,1,1,0,D10+D20,validation
Japan_004648.jpg,1,0,0,0,D00,validation
Japan_012798.jpg,0,0,0,0,NONE,validation
Japan_011876.jpg,1,0,0,0,D00,validation
Japan_009986.jpg,0,0,1,0,D20,validation
Japan_006981.jpg,0,0,1,0,D20,validation
Japan_000398.jpg,0,0,0,0,NONE,validation
Japan_003879.jpg,1,0,1,0,D00+D20,validation
Japan_010517.jpg,0,0,1,0,D20,validation
Japan_010851.jpg,0,0,0,1,D40,validation
Japan_007533.jpg,0,1,0,0,D10,validation
Japan_008860.jpg,0,0,0,0,NONE,validation
Japan_006936.jpg,0,0,1,0,D20,validation
Japan_010220.jpg,0,0,0,0,NONE,validation
Japan_000636.jpg,1,0,1,0,D00+D20,validation
Japan_000602.jpg,0,0,1,0,D20,validation
Japan_004185.jpg,0,0,1,0,D20,validation
Japan_010592.jpg,0,0,1,0,D20,validation
Japan_004718.jpg,0,1,0,0,D10,validation
Japan_011398.jpg,0,0,1,0,D20,validation
Japan_009441.jpg,0,0,1,0,D20,validation
Japan_000273.jpg,1,0,0,0,D00,validation
Japan_011957.jpg,0,0,1,0,D20,validation
Japan_012987.jpg,0,0,1,1,D20+D40,validation
Japan_003748.jpg,0,0,1,0,D20,validation
Japan_011198.jpg,0,0,0,0,NONE,validation
Japan_008511.jpg,1,0,0,0,D00,validation
Japan_008375.jpg,0,1,1,0,D10+D20,validation
Japan_004845.jpg,0,0,0,0,NONE,validation
Japan_011252.jpg,0,0,0,0,NONE,validation
Japan_010341.jpg,1,1,0,0,D00+D10,validation
Japan_000145.jpg,1,0,0,0,D00,validation
Japan_000345.jpg,0,0,0,0,NONE,validation
Japan_008581.jpg,1,1,0,0,D00+D10,validation
Japan_005313.jpg,0,0,1,1,D20+D40,validation
Japan_002281.jpg,1,0,0,0,D00,validation
Japan_005592.jpg,0,0,1,0,D20,validation
Japan_000069.jpg,1,0,1,0,D00+D20,validation
Japan_008362.jpg,1,0,0,0,D00,validation
Japan_007153.jpg,0,1,1,0,D10+D20,validation
Japan_007490.jpg,0,0,0,0,NONE,validation
Japan_003736.jpg,0,0,1,0,D20,validation
Japan_007566.jpg,1,0,0,0,D00,validation
Japan_004209.jpg,0,0,0,1,D40,validation
Japan_012341.jpg,0,0,1,1,D20+D40,validation
Japan_002002.jpg,0,0,0,0,NONE,validation
Japan_006484.jpg,1,0,1,0,D00+D20,validation
Japan_007857.jpg,0,0,1,1,D20+D40,validation
Japan_009805.jpg,0,1,0,0,D10,validation
Japan_008947.jpg,0,1,0,0,D10,validation
Japan_003813.jpg,0,0,1,0,D20,validation
Japan_012023.jpg,0,1,0,0,D10,validation
Japan_007080.jpg,1,0,1,1,D00+D20+D40,validation
Japan_000113.jpg,1,0,0,0,D00,validation
Japan_001062.jpg,1,0,0,0,D00,validation
Japan_003084.jpg,0,0,0,0,NONE,validation
Japan_003624.jpg,0,0,1,0,D20,validation
Japan_000733.jpg,0,1,0,0,D10,validation
Japan_008089.jpg,0,1,1,0,D10+D20,validation
Japan_002306.jpg,1,1,1,0,D00+D10+D20,validation
Japan_006324.jpg,0,0,0,1,D40,validation
Japan_011473.jpg,0,0,0,0,NONE,validation
Japan_006723.jpg,0,0,0,0,NONE,validation
Japan_004624.jpg,0,0,1,1,D20+D40,validation
Japan_002335.jpg,0,0,0,0,NONE,validation
Japan_006542.jpg,1,0,0,0,D00,validation
Japan_010838.jpg,1,0,1,0,D00+D20,validation
Japan_001197.jpg,0,0,1,0,D20,validation
Japan_012834.jpg,0,1,0,0,D10,validation
Japan_004770.jpg,0,0,0,0,NONE,validation
Japan_007595.jpg,0,0,1,0,D20,validation
Japan_005804.jpg,0,0,1,1,D20+D40,validation
Japan_009321.jpg,0,0,0,1,D40,validation
Japan_006013.jpg,0,1,1,0,D10+D20,validation
Japan_008827.jpg,0,0,1,0,D20,validation
Japan_008893.jpg,0,0,0,0,NONE,validation
Japan_010192.jpg,1,0,0,0,D00,validation
Japan_001385.jpg,1,0,0,0,D00,validation
Japan_001606.jpg,0,0,0,0,NONE,validation
Japan_010709.jpg,0,0,0,0,NONE,validation
Japan_007753.jpg,0,1,0,0,D10,validation
Japan_009543.jpg,0,0,0,0,NONE,validation
Japan_007978.jpg,0,1,0,0,D10,validation
Japan_002844.jpg,1,1,0,0,D00+D10,validation
Japan_011380.jpg,0,0,1,0,D20,validation
Japan_000341.jpg,0,0,0,1,D40,validation
Japan_009710.jpg,1,0,0,0,D00,validation
Japan_006042.jpg,1,0,0,0,D00,validation
Japan_009266.jpg,0,0,1,0,D20,validation
Japan_004314.jpg,0,0,0,0,NONE,validation
Japan_003489.jpg,0,0,1,0,D20,validation
Japan_011215.jpg,1,0,0,0,D00,validation
Japan_003717.jpg,0,0,0,0,NONE,validation
Japan_002182.jpg,0,0,1,0,D20,validation
Japan_008454.jpg,0,0,0,0,NONE,validation
Japan_012761.jpg,0,0,1,0,D20,validation
Japan_012521.jpg,0,0,1,1,D20+D40,validation
Japan_004218.jpg,0,0,1,1,D20+D40,validation
Japan_005440.jpg,0,0,0,0,NONE,validation
Japan_009663.jpg,0,0,1,1,D20+D40,validation
Japan_008185.jpg,0,1,0,0,D10,validation
Japan_006064.jpg,1,0,1,0,D00+D20,validation
Japan_001969.jpg,0,0,1,0,D20,validation
Japan_000573.jpg,0,1,1,0,D10+D20,validation
Japan_010248.jpg,0,0,1,0,D20,validation
Japan_010019.jpg,0,0,1,0,D20,validation
Japan_010159.jpg,0,0,1,0,D20,validation
Japan_000304.jpg,0,0,0,0,NONE,validation
Japan_007840.jpg,0,0,1,0,D20,validation
Japan_011988.jpg,0,0,0,0,NONE,validation
Japan_010750.jpg,0,0,0,0,NONE,validation
Japan_003179.jpg,0,0,0,0,NONE,validation
Japan_000711.jpg,0,1,0,0,D10,validation
Japan_011901.jpg,0,0,0,0,NONE,validation
Japan_001472.jpg,1,1,0,0,D00+D10,validation
Japan_002762.jpg,1,1,0,0,D00+D10,validation
Japan_010734.jpg,1,0,1,0,D00+D20,validation
Japan_001569.jpg,0,0,1,0,D20,validation
Japan_007914.jpg,1,0,0,0,D00,validation
Japan_001145.jpg,1,1,0,0,D00+D10,validation
Japan_009670.jpg,0,1,1,0,D10+D20,validation
Japan_007412.jpg,0,0,1,0,D20,validation
Japan_008549.jpg,0,0,0,1,D40,validation
Japan_004606.jpg,1,0,0,0,D00,validation
Japan_010708.jpg,1,0,1,0,D00+D20,validation
Japan_001742.jpg,1,0,0,0,D00,validation
Japan_001223.jpg,0,0,0,0,NONE,validation
Japan_002618.jpg,0,0,1,0,D20,validation
Japan_003899.jpg,0,0,1,0,D20,validation
Japan_006610.jpg,0,1,1,1,D10+D20+D40,validation
Japan_000990.jpg,0,0,1,0,D20,validation
Japan_001473.jpg,0,0,0,0,NONE,validation
Japan_006300.jpg,0,0,0,1,D40,validation
Japan_010010.jpg,1,0,0,0,D00,validation
Japan_005246.jpg,1,0,0,0,D00,validation
Japan_012438.jpg,0,0,1,1,D20+D40,validation
Japan_011580.jpg,0,0,1,0,D20,validation
Japan_010256.jpg,0,0,0,0,NONE,validation
Japan_001259.jpg,0,0,1,0,D20,validation
Japan_006572.jpg,0,0,0,0,NONE,validation
Japan_012196.jpg,0,0,1,0,D20,validation
Japan_008939.jpg,1,0,0,0,D00,validation
Japan_001621.jpg,0,0,1,0,D20,validation
Japan_002953.jpg,0,1,1,0,D10+D20,validation
Japan_010541.jpg,0,0,1,0,D20,validation
Japan_011862.jpg,0,0,1,0,D20,validation
Japan_007203.jpg,0,0,0,0,NONE,validation
Japan_008726.jpg,1,1,0,0,D00+D10,validation
Japan_004706.jpg,1,1,1,0,D00+D10+D20,validation
Japan_011577.jpg,0,0,1,0,D20,validation
Japan_007454.jpg,0,1,1,0,D10+D20,validation
Japan_004409.jpg,1,0,0,0,D00,validation
Japan_010286.jpg,0,0,1,0,D20,validation
Japan_009925.jpg,0,0,1,0,D20,validation
Japan_006279.jpg,1,1,0,0,D00+D10,validation
Japan_011220.jpg,0,1,0,0,D10,validation
Japan_003502.jpg,0,1,1,0,D10+D20,validation
Japan_002214.jpg,0,0,1,0,D20,validation
Japan_003824.jpg,0,0,1,0,D20,validation
Japan_003229.jpg,0,0,1,0,D20,validation
Japan_002252.jpg,1,0,0,0,D00,validation
Japan_007145.jpg,0,0,1,0,D20,validation
Japan_005467.jpg,0,0,1,0,D20,validation
Japan_001828.jpg,1,0,0,0,D00,validation
Japan_010810.jpg,0,0,0,0,NONE,validation
Japan_000186.jpg,0,1,1,0,D10+D20,validation
Japan_000953.jpg,0,0,1,0,D20,validation
Japan_006943.jpg,1,0,0,0,D00,validation
Japan_008882.jpg,0,0,1,0,D20,validation
Japan_004548.jpg,0,0,0,0,NONE,validation
Japan_009207.jpg,0,0,0,1,D40,validation
Japan_010383.jpg,0,0,0,0,NONE,validation
Japan_010498.jpg,1,0,0,0,D00,validation
Japan_008376.jpg,0,0,0,1,D40,validation
Japan_001683.jpg,0,0,1,0,D20,validation
Japan_006553.jpg,0,0,0,0,NONE,validation
Japan_002006.jpg,0,0,1,0,D20,validation
Japan_006173.jpg,0,0,0,0,NONE,validation
Japan_006606.jpg,1,0,0,0,D00,validation
Japan_006362.jpg,0,0,1,0,D20,validation
Japan_004997.jpg,0,0,0,0,NONE,validation
Japan_010855.jpg,0,0,0,1,D40,validation
Japan_012767.jpg,1,0,0,0,D00,validation
Japan_003221.jpg,0,0,1,1,D20+D40,validation
Japan_010691.jpg,1,0,0,0,D00,validation
Japan_004820.jpg,0,0,1,0,D20,validation
Japan_001712.jpg,1,0,0,0,D00,validation
Japan_004765.jpg,0,0,1,0,D20,validation
Japan_009538.jpg,0,0,1,0,D20,validation
Japan_005439.jpg,1,0,0,0,D00,validation
Japan_004817.jpg,1,0,0,0,D00,validation
Japan_000049.jpg,1,1,1,0,D00+D10+D20,validation
Japan_011788.jpg,1,0,1,0,D00+D20,validation
Japan_005701.jpg,0,0,1,0,D20,validation
Japan_010228.jpg,0,0,1,0,D20,validation
Japan_000474.jpg,0,0,0,0,NONE,validation
Japan_003642.jpg,0,0,0,0,NONE,validation
Japan_011106.jpg,0,0,1,1,D20+D40,validation
Japan_002246.jpg,0,0,0,0,NONE,validation
Japan_008458.jpg,1,0,0,0,D00,validation
Japan_002161.jpg,0,0,0,0,NONE,validation
Japan_011585.jpg,0,0,1,0,D20,validation
Japan_010313.jpg,0,0,0,0,NONE,validation
Japan_012967.jpg,0,0,0,0,NONE,validation
Japan_009864.jpg,0,0,1,0,D20,validation
Japan_005902.jpg,1,0,0,0,D00,validation
Japan_006317.jpg,0,1,0,0,D10,validation
Japan_004382.jpg,0,0,1,0,D20,validation
Japan_005379.jpg,1,0,0,0,D00,validation
Japan_003869.jpg,1,0,0,0,D00,validation
Japan_003359.jpg,1,0,1,0,D00+D20,validation
Japan_003000.jpg,0,1,0,0,D10,validation
Japan_005476.jpg,0,0,1,0,D20,validation
Japan_002863.jpg,0,1,1,0,D10+D20,validation
Japan_010208.jpg,0,1,1,0,D10+D20,validation
Japan_012325.jpg,1,0,0,0,D00,validation
Japan_010210.jpg,0,0,0,0,NONE,validation
Japan_005848.jpg,0,1,0,0,D10,validation
Japan_003115.jpg,0,0,0,1,D40,validation
Japan_011973.jpg,0,0,1,1,D20+D40,validation
Japan_004006.jpg,0,0,0,0,NONE,validation
Japan_009570.jpg,1,1,0,0,D00+D10,validation
Japan_006130.jpg,0,0,1,0,D20,validation
Japan_012430.jpg,0,0,1,1,D20+D40,validation
Japan_001135.jpg,0,0,0,0,NONE,validation
Japan_010599.jpg,0,0,0,0,NONE,validation
Japan_008251.jpg,0,0,1,0,D20,validation
Japan_009393.jpg,0,0,0,0,NONE,validation
Japan_012348.jpg,0,0,0,0,NONE,validation
Japan_004313.jpg,1,1,1,0,D00+D10+D20,validation
Japan_006568.jpg,0,1,0,0,D10,validation
Japan_004099.jpg,1,1,0,0,D00+D10,validation
Japan_001000.jpg,0,0,1,0,D20,validation
Japan_010536.jpg,0,0,0,0,NONE,validation
Japan_009984.jpg,0,1,0,0,D10,validation
Japan_005553.jpg,0,0,1,1,D20+D40,validation
Japan_000053.jpg,1,1,1,0,D00+D10+D20,validation
Japan_010899.jpg,1,0,0,0,D00,validation
Japan_002402.jpg,0,1,1,0,D10+D20,validation
Japan_005897.jpg,1,0,0,0,D00,validation
Japan_001941.jpg,0,1,1,0,D10+D20,validation
Japan_011336.jpg,0,0,1,0,D20,validation
Japan_004138.jpg,1,1,1,0,D00+D10+D20,validation
Japan_007311.jpg,0,0,1,0,D20,validation
Japan_003917.jpg,0,0,1,1,D20+D40,validation
Japan_008932.jpg,1,0,0,0,D00,validation
Japan_000547.jpg,1,0,0,0,D00,validation
Japan_001603.jpg,0,0,0,0,NONE,validation
Japan_007780.jpg,0,0,1,0,D20,validation
Japan_005820.jpg,0,1,0,0,D10,validation
Japan_004903.jpg,1,1,0,0,D00+D10,validation
Japan_005721.jpg,0,0,1,0,D20,validation
Japan_001183.jpg,1,0,1,0,D00+D20,validation
Japan_000449.jpg,0,0,1,1,D20+D40,validation
Japan_011388.jpg,1,0,0,0,D00,validation
Japan_001807.jpg,0,0,1,0,D20,validation
Japan_002922.jpg,0,0,1,0,D20,validation
Japan_005131.jpg,0,0,1,0,D20,validation
Japan_004771.jpg,0,0,0,0,NONE,validation
Japan_006765.jpg,0,0,1,0,D20,validation
Japan_010722.jpg,0,0,1,0,D20,validation
Japan_001611.jpg,0,0,0,1,D40,validation
Japan_008645.jpg,0,0,1,1,D20+D40,validation
Japan_006588.jpg,0,0,1,0,D20,validation
Japan_007878.jpg,0,0,1,1,D20+D40,validation
Japan_002950.jpg,0,0,1,0,D20,validation
Japan_005426.jpg,0,0,1,0,D20,validation
Japan_007957.jpg,1,0,1,0,D00+D20,validation
Japan_006189.jpg,0,0,1,0,D20,validation
Japan_012826.jpg,0,0,0,0,NONE,validation
Japan_010061.jpg,0,0,0,0,NONE,validation
Japan_012335.jpg,0,1,1,0,D10+D20,validation
Japan_010282.jpg,0,0,1,0,D20,validation
Japan_000831.jpg,1,0,1,1,D00+D20+D40,validation
Japan_011606.jpg,0,0,1,0,D20,validation
Japan_011837.jpg,0,0,0,0,NONE,validation
Japan_002647.jpg,0,0,1,0,D20,validation
Japan_002798.jpg,0,0,1,0,D20,validation
Japan_011937.jpg,0,0,0,0,NONE,validation
Japan_002228.jpg,0,0,1,0,D20,validation
Japan_011746.jpg,0,1,1,0,D10+D20,validation
Japan_012426.jpg,0,0,1,0,D20,validation
Japan_011814.jpg,0,0,1,1,D20+D40,validation
Japan_009036.jpg,0,0,0,0,NONE,validation
Japan_002833.jpg,0,0,0,0,NONE,validation
Japan_009877.jpg,1,1,0,0,D00+D10,validation
Japan_003302.jpg,0,0,1,0,D20,validation
Japan_012002.jpg,1,0,0,0,D00,validation
Japan_011519.jpg,0,0,1,1,D20+D40,validation
Japan_009566.jpg,0,1,1,0,D10+D20,validation
Japan_007561.jpg,1,0,1,0,D00+D20,validation
Japan_006096.jpg,1,1,1,0,D00+D10+D20,validation
Japan_002931.jpg,1,0,0,0,D00,validation
Japan_007975.jpg,0,0,0,0,NONE,validation
Japan_002939.jpg,1,0,0,0,D00,validation
Japan_010191.jpg,0,0,0,1,D40,validation
Japan_000998.jpg,1,1,0,0,D00+D10,validation
Japan_001191.jpg,1,0,0,1,D00+D40,validation
Japan_012231.jpg,1,0,0,0,D00,validation
Japan_007334.jpg,1,0,0,0,D00,validation
Japan_001457.jpg,1,1,0,0,D00+D10,validation
Japan_007155.jpg,0,0,0,0,NONE,validation
Japan_006428.jpg,0,0,1,0,D20,validation
Japan_005627.jpg,1,0,0,0,D00,validation
Japan_011438.jpg,1,0,1,0,D00+D20,validation
Japan_002031.jpg,0,0,0,0,NONE,validation
Japan_002542.jpg,0,0,1,0,D20,validation
Japan_001905.jpg,0,0,1,0,D20,validation
Japan_001615.jpg,0,0,0,0,NONE,validation
Japan_012605.jpg,0,0,0,0,NONE,validation
Japan_010300.jpg,0,0,1,0,D20,validation
Japan_000533.jpg,0,0,0,0,NONE,validation
Japan_012174.jpg,0,0,1,0,D20,validation
Japan_003036.jpg,0,1,0,0,D10,validation
Japan_005685.jpg,1,1,0,0,D00+D10,validation
Japan_008077.jpg,0,0,0,0,NONE,validation
Japan_004946.jpg,0,0,1,0,D20,validation
Japan_007173.jpg,0,0,0,1,D40,validation
Japan_003740.jpg,0,0,1,0,D20,validation
Japan_007054.jpg,0,0,0,0,NONE,validation
Japan_005761.jpg,0,0,1,0,D20,validation
Japan_003397.jpg,0,0,0,0,NONE,validation
Japan_006972.jpg,0,0,1,0,D20,validation
Japan_003542.jpg,1,0,0,0,D00,validation
Japan_001038.jpg,0,0,1,0,D20,validation
Japan_003946.jpg,0,1,1,0,D10+D20,validation
Japan_003669.jpg,0,0,0,0,NONE,validation
Japan_009038.jpg,0,0,1,0,D20,validation
Japan_007455.jpg,1,0,1,1,D00+D20+D40,validation
Japan_007421.jpg,0,0,0,0,NONE,validation
Japan_005722.jpg,0,0,0,0,NONE,validation
Japan_000169.jpg,0,0,1,0,D20,validation
Japan_002742.jpg,0,0,0,0,NONE,validation
Japan_005438.jpg,0,0,1,1,D20+D40,validation
Japan_004876.jpg,0,0,1,0,D20,validation
Japan_002571.jpg,0,0,1,0,D20,validation
Japan_012472.jpg,0,1,0,0,D10,validation
Japan_011467.jpg,0,0,1,0,D20,validation
Japan_011323.jpg,0,0,1,0,D20,validation
Japan_003422.jpg,1,0,0,0,D00,validation
Japan_001426.jpg,1,1,1,0,D00+D10+D20,validation
Japan_008907.jpg,0,0,0,0,NONE,validation
Japan_004408.jpg,0,0,0,0,NONE,validation
Japan_000794.jpg,0,0,1,0,D20,validation
Japan_009464.jpg,0,0,1,0,D20,validation
Japan_007541.jpg,1,0,0,0,D00,validation
Japan_008335.jpg,1,0,0,0,D00,validation
Japan_010867.jpg,1,0,0,0,D00,validation
Japan_001744.jpg,0,0,1,1,D20+D40,validation
Japan_004307.jpg,0,0,1,0,D20,validation
Japan_007823.jpg,1,1,0,0,D00+D10,validation
Japan_007358.jpg,0,0,0,0,NONE,validation
Japan_004555.jpg,0,1,0,0,D10,validation
Japan_004486.jpg,0,0,0,0,NONE,validation
Japan_000535.jpg,0,0,1,0,D20,validation
Japan_007748.jpg,1,0,0,0,D00,validation
Japan_000290.jpg,0,1,1,1,D10+D20+D40,validation
Japan_012351.jpg,1,0,0,0,D00,validation
Japan_008996.jpg,1,1,0,1,D00+D10+D40,validation
Japan_004942.jpg,1,0,0,0,D00,validation
Japan_003801.jpg,0,0,1,1,D20+D40,validation
Japan_001405.jpg,1,0,0,0,D00,validation
Japan_010892.jpg,0,1,0,0,D10,validation
Japan_005596.jpg,0,1,0,0,D10,validation
Japan_012977.jpg,0,0,0,0,NONE,validation
Japan_000840.jpg,0,0,0,1,D40,validation
Japan_010140.jpg,0,0,1,0,D20,validation
Japan_011636.jpg,0,0,0,0,NONE,validation
Japan_006638.jpg,0,0,0,1,D40,validation
Japan_012349.jpg,0,0,1,0,D20,validation
Japan_003282.jpg,0,0,1,0,D20,validation
Japan_011522.jpg,0,0,1,0,D20,validation
Japan_001294.jpg,0,0,0,0,NONE,validation
Japan_009730.jpg,0,0,0,1,D40,validation
Japan_009676.jpg,1,0,1,0,D00+D20,validation
Japan_009556.jpg,0,0,1,0,D20,validation
Japan_011356.jpg,1,1,1,0,D00+D10+D20,validation
Japan_001487.jpg,1,0,0,0,D00,validation
Japan_006338.jpg,0,0,1,0,D20,validation
Japan_009131.jpg,0,0,1,1,D20+D40,validation
Japan_008944.jpg,0,0,0,1,D40,validation
Japan_004750.jpg,0,0,1,0,D20,validation
Japan_002866.jpg,0,0,0,0,NONE,validation
Japan_004492.jpg,0,1,1,0,D10+D20,validation
Japan_010404.jpg,1,0,0,0,D00,validation
Japan_010782.jpg,0,0,1,0,D20,validation
Japan_003174.jpg,0,0,0,0,NONE,validation
Japan_003477.jpg,0,0,1,0,D20,validation
Japan_012666.jpg,1,1,0,0,D00+D10,validation
Japan_011440.jpg,0,0,1,0,D20,validation
Japan_009673.jpg,0,0,0,0,NONE,validation
Japan_005785.jpg,0,0,1,0,D20,validation
Japan_012867.jpg,1,0,0,0,D00,validation
Japan_003247.jpg,0,0,1,0,D20,validation
Japan_000430.jpg,0,0,1,0,D20,validation
Japan_000579.jpg,0,0,1,0,D20,validation
Japan_011443.jpg,0,0,0,0,NONE,validation
Japan_010632.jpg,0,0,1,1,D20+D40,validation
Japan_003994.jpg,0,0,0,0,NONE,validation
Japan_010839.jpg,0,0,1,1,D20+D40,validation
Japan_001838.jpg,1,0,0,0,D00,validation
Japan_006574.jpg,0,0,1,0,D20,validation
Japan_002639.jpg,0,0,0,0,NONE,validation
Japan_000018.jpg,1,0,0,0,D00,validation
Japan_012851.jpg,0,0,1,0,D20,validation
Japan_000152.jpg,1,0,0,0,D00,validation
Japan_010758.jpg,0,0,1,1,D20+D40,validation
Japan_009722.jpg,0,0,0,0,NONE,validation
Japan_005763.jpg,0,0,0,1,D40,validation
Japan_007147.jpg,0,0,0,0,NONE,validation
Japan_001725.jpg,0,0,1,1,D20+D40,validation
Japan_001987.jpg,0,0,0,0,NONE,validation
Japan_001430.jpg,0,0,0,0,NONE,validation
Japan_005992.jpg,0,1,0,0,D10,validation
Japan_001927.jpg,0,1,0,0,D10,validation
Japan_009005.jpg,0,0,1,0,D20,validation
Japan_000309.jpg,0,0,0,0,NONE,validation
Japan_012425.jpg,0,1,1,0,D10+D20,validation
Japan_007642.jpg,0,0,1,0,D20,validation
Japan_005509.jpg,0,0,0,0,NONE,validation
Japan_007094.jpg,0,0,1,0,D20,validation
Japan_002414.jpg,0,0,0,0,NONE,validation
Japan_007084.jpg,0,0,1,0,D20,validation
Japan_007956.jpg,0,0,1,0,D20,validation
Japan_004789.jpg,1,0,1,0,D00+D20,validation
Japan_002342.jpg,0,1,1,0,D10+D20,validation
Japan_011843.jpg,1,0,0,0,D00,validation
Japan_006420.jpg,0,0,0,0,NONE,validation
Japan_002491.jpg,0,0,1,0,D20,validation
Japan_003240.jpg,1,0,0,0,D00,validation
Japan_006905.jpg,1,0,0,0,D00,validation
Japan_003364.jpg,0,1,0,0,D10,validation
Japan_012894.jpg,0,0,0,0,NONE,validation
Japan_010805.jpg,0,1,1,0,D10+D20,validation
Japan_004236.jpg,0,0,0,0,NONE,validation
Japan_007931.jpg,1,1,0,0,D00+D10,validation
Japan_004503.jpg,0,1,1,0,D10+D20,validation
Japan_000513.jpg,0,0,0,0,NONE,validation
Japan_002774.jpg,1,1,1,0,D00+D10+D20,validation
Japan_009979.jpg,0,0,1,0,D20,validation
Japan_001364.jpg,0,0,1,0,D20,validation
Japan_008688.jpg,0,0,1,0,D20,validation
Japan_012958.jpg,0,0,1,0,D20,validation
Japan_000429.jpg,1,0,0,0,D00,validation
Japan_009494.jpg,0,0,0,1,D40,validation
Japan_004685.jpg,1,1,0,0,D00+D10,validation
Japan_000126.jpg,1,0,0,0,D00,validation
Japan_004667.jpg,0,0,1,1,D20+D40,validation
Japan_006550.jpg,0,0,0,0,NONE,validation
Japan_009425.jpg,1,0,0,0,D00,validation
Japan_007999.jpg,0,0,0,0,NONE,validation
Japan_005459.jpg,0,1,0,0,D10,validation
Japan_010120.jpg,1,0,0,0,D00,validation
Japan_003570.jpg,0,0,0,1,D40,validation
Japan_004683.jpg,1,0,0,0,D00,validation
Japan_000075.jpg,0,1,0,0,D10,validation
Japan_007046.jpg,1,0,0,0,D00,validation
Japan_011257.jpg,1,0,0,0,D00,validation
Japan_005519.jpg,0,0,0,1,D40,validation
Japan_005395.jpg,0,0,1,1,D20+D40,validation
Japan_003462.jpg,0,0,1,1,D20+D40,validation
Japan_009859.jpg,0,0,0,0,NONE,validation
Japan_011919.jpg,0,1,1,0,D10+D20,validation
Japan_003840.jpg,0,1,1,0,D10+D20,validation
Japan_006166.jpg,0,0,0,0,NONE,validation
Japan_011615.jpg,0,0,0,0,NONE,validation
Japan_005115.jpg,0,0,1,0,D20,validation
Japan_006517.jpg,1,1,1,0,D00+D10+D20,validation
Japan_002394.jpg,1,1,1,0,D00+D10+D20,validation
Japan_006021.jpg,0,0,0,0,NONE,validation
Japan_003337.jpg,0,0,0,1,D40,validation
Japan_008609.jpg,0,0,1,0,D20,validation
Japan_004494.jpg,0,0,0,0,NONE,validation
Japan_009778.jpg,0,1,0,0,D10,validation
Japan_005260.jpg,1,0,0,1,D00+D40,validation
Japan_009077.jpg,0,0,0,0,NONE,validation
Japan_003139.jpg,1,1,1,0,D00+D10+D20,validation
Japan_012524.jpg,0,0,0,0,NONE,validation
Japan_000599.jpg,0,0,1,0,D20,validation
Japan_012250.jpg,1,0,0,0,D00,validation
Japan_013016.jpg,1,0,1,0,D00+D20,validation
Japan_008702.jpg,0,0,0,0,NONE,validation
Japan_004541.jpg,0,0,0,0,NONE,validation
Japan_000389.jpg,0,0,0,1,D40,validation
Japan_012843.jpg,0,1,0,0,D10,validation
Japan_007643.jpg,1,0,0,0,D00,validation
Japan_007994.jpg,0,0,1,1,D20+D40,validation
Japan_013006.jpg,0,0,0,0,NONE,validation
Japan_007843.jpg,1,0,0,0,D00,validation
Japan_001112.jpg,0,0,1,0,D20,validation
Japan_003797.jpg,1,0,0,0,D00,validation
Japan_002343.jpg,0,0,0,0,NONE,validation
Japan_011576.jpg,1,0,0,0,D00,validation
Japan_003649.jpg,0,0,0,1,D40,validation
Japan_007348.jpg,0,0,1,0,D20,validation
Japan_011341.jpg,1,0,0,0,D00,validation
Japan_010765.jpg,0,0,1,1,D20+D40,validation
Japan_000339.jpg,0,1,0,0,D10,validation
Japan_006090.jpg,0,0,1,0,D20,validation
Japan_000009.jpg,0,0,1,0,D20,validation
Japan_003756.jpg,0,0,1,0,D20,validation
Japan_010196.jpg,0,0,0,0,NONE,validation
Japan_006206.jpg,0,0,0,0,NONE,validation
Japan_000282.jpg,0,1,1,0,D10+D20,validation
Japan_000903.jpg,0,0,0,0,NONE,validation
Japan_005241.jpg,0,0,1,1,D20+D40,validation
Japan_008127.jpg,0,0,0,0,NONE,validation
Japan_002108.jpg,1,0,0,0,D00,validation
Japan_001651.jpg,0,0,0,0,NONE,validation
Japan_003482.jpg,0,0,1,0,D20,validation
Japan_004995.jpg,0,0,1,0,D20,validation
Japan_002585.jpg,0,0,1,0,D20,validation
Japan_011156.jpg,1,1,1,0,D00+D10+D20,validation
Japan_008339.jpg,1,0,0,0,D00,validation
Japan_004588.jpg,0,0,0,0,NONE,validation
Japan_009275.jpg,0,1,0,0,D10,validation
Japan_007731.jpg,0,1,1,0,D10+D20,validation
Japan_008343.jpg,0,1,1,0,D10+D20,validation
Japan_007420.jpg,1,0,0,0,D00,validation
Japan_009595.jpg,1,0,1,0,D00+D20,validation
Japan_004854.jpg,0,1,0,0,D10,validation
Japan_007201.jpg,0,0,0,0,NONE,validation
Japan_012808.jpg,1,0,0,0,D00,validation
Japan_006790.jpg,1,0,0,0,D00,validation
Japan_010945.jpg,1,0,1,1,D00+D20+D40,validation
Japan_011185.jpg,0,0,0,0,NONE,validation
Japan_010597.jpg,0,1,1,0,D10+D20,validation
Japan_007393.jpg,0,0,1,0,D20,validation
Japan_000562.jpg,0,0,0,0,NONE,validation
Japan_005623.jpg,1,1,1,0,D00+D10+D20,validation
Japan_012956.jpg,0,0,0,0,NONE,validation
Japan_003155.jpg,1,0,0,0,D00,validation
Japan_005730.jpg,0,0,0,0,NONE,validation
Japan_004780.jpg,0,0,0,0,NONE,validation
Japan_007154.jpg,1,0,0,0,D00,validation
Japan_007937.jpg,1,1,1,1,D00+D10+D20+D40,validation
Japan_013087.jpg,0,0,0,0,NONE,validation
Japan_011733.jpg,1,0,1,0,D00+D20,validation
Japan_004739.jpg,0,1,1,0,D10+D20,validation
Japan_001049.jpg,1,0,0,0,D00,validation
Japan_005058.jpg,1,1,1,0,D00+D10+D20,validation
Japan_007262.jpg,1,0,0,0,D00,validation
Japan_005204.jpg,0,0,1,0,D20,validation
Japan_001408.jpg,1,0,1,0,D00+D20,validation
Japan_001195.jpg,0,0,1,0,D20,validation
Japan_007961.jpg,0,0,1,0,D20,validation
Japan_003281.jpg,0,0,1,0,D20,validation
Japan_006175.jpg,0,0,1,1,D20+D40,validation
Japan_008684.jpg,0,0,1,0,D20,validation
Japan_002203.jpg,0,0,0,0,NONE,validation
Japan_004735.jpg,0,0,0,0,NONE,validation
Japan_004531.jpg,0,0,1,0,D20,validation
Japan_005413.jpg,0,0,1,0,D20,validation
Japan_001406.jpg,1,1,0,0,D00+D10,validation
Japan_002464.jpg,0,1,1,0,D10+D20,validation
Japan_012727.jpg,1,1,0,0,D00+D10,validation
Japan_005012.jpg,0,0,1,0,D20,validation
Japan_012133.jpg,0,0,1,1,D20+D40,validation
Japan_012836.jpg,1,0,0,0,D00,validation
Japan_010505.jpg,0,0,1,1,D20+D40,validation
Japan_011456.jpg,0,1,0,0,D10,validation
Japan_005760.jpg,1,1,0,0,D00+D10,validation
Japan_013098.jpg,1,0,0,0,D00,validation
Japan_010375.jpg,0,0,0,1,D40,validation
Japan_010591.jpg,0,1,1,0,D10+D20,validation
Japan_004222.jpg,0,0,0,0,NONE,validation
Japan_004434.jpg,1,0,0,0,D00,validation
Japan_008669.jpg,1,0,0,0,D00,validation
Japan_008704.jpg,0,0,0,0,NONE,validation
Japan_007325.jpg,1,1,0,0,D00+D10,validation
Japan_004040.jpg,1,0,1,0,D00+D20,validation
Japan_005437.jpg,0,0,1,0,D20,validation
Japan_007922.jpg,0,0,0,1,D40,validation
Japan_005925.jpg,1,1,0,0,D00+D10,validation
Japan_008983.jpg,0,1,0,0,D10,validation
Japan_003968.jpg,0,0,0,0,NONE,validation
Japan_012270.jpg,0,1,0,0,D10,validation
Japan_005751.jpg,0,0,1,0,D20,validation
Japan_002311.jpg,0,1,1,1,D10+D20+D40,validation
Japan_002016.jpg,1,0,0,0,D00,validation
Japan_005727.jpg,0,0,0,0,NONE,validation
Japan_000300.jpg,1,0,1,0,D00+D20,validation
Japan_004198.jpg,0,0,0,0,NONE,validation
Japan_010495.jpg,1,1,0,0,D00+D10,validation
Japan_010060.jpg,0,0,1,0,D20,validation
Japan_011800.jpg,0,0,1,0,D20,validation
Japan_007028.jpg,0,0,1,0,D20,validation
Japan_007156.jpg,0,0,0,0,NONE,validation
Japan_002202.jpg,1,0,0,0,D00,validation
Japan_006072.jpg,0,0,0,0,NONE,validation
Japan_001443.jpg,0,1,0,0,D10,validation
Japan_006217.jpg,1,0,1,0,D00+D20,validation
Japan_003245.jpg,0,0,1,0,D20,validation
Japan_011593.jpg,0,1,1,0,D10+D20,validation
Japan_000737.jpg,0,0,1,0,D20,validation
Japan_007602.jpg,0,0,0,0,NONE,validation
Japan_007968.jpg,1,1,1,0,D00+D10+D20,validation
Japan_003919.jpg,0,0,1,0,D20,validation
Japan_006838.jpg,0,0,0,0,NONE,validation
Japan_001211.jpg,0,0,0,0,NONE,validation
Japan_012898.jpg,1,0,1,0,D00+D20,validation
Japan_005368.jpg,1,1,0,0,D00+D10,validation
Japan_011015.jpg,0,1,1,0,D10+D20,validation
Japan_005463.jpg,1,0,0,0,D00,validation
Japan_001118.jpg,0,0,1,0,D20,validation
Japan_001378.jpg,0,0,1,0,D20,validation
Japan_008761.jpg,1,1,0,0,D00+D10,validation
Japan_012588.jpg,0,0,1,0,D20,validation
Japan_009563.jpg,0,0,0,0,NONE,validation
Japan_006533.jpg,0,0,0,0,NONE,validation
Japan_000406.jpg,0,0,0,0,NONE,validation
Japan_004866.jpg,0,0,1,0,D20,validation
Japan_004075.jpg,0,0,1,1,D20+D40,validation
Japan_007841.jpg,0,0,0,1,D40,validation
Japan_010314.jpg,1,0,0,0,D00,validation
Japan_009330.jpg,0,0,0,0,NONE,validation
Japan_009767.jpg,0,0,0,0,NONE,validation
Japan_007950.jpg,0,0,0,0,NONE,validation
Japan_010364.jpg,1,1,1,0,D00+D10+D20,validation
Japan_005425.jpg,1,1,0,0,D00+D10,validation
Japan_004190.jpg,0,0,1,0,D20,validation
Japan_004529.jpg,0,0,1,0,D20,validation
Japan_006041.jpg,0,0,1,0,D20,validation
Japan_006024.jpg,1,0,0,0,D00,validation
Japan_002184.jpg,0,0,1,0,D20,validation
Japan_004158.jpg,1,0,0,0,D00,validation
Japan_009667.jpg,1,1,1,0,D00+D10+D20,validation
Japan_001990.jpg,0,0,0,0,NONE,validation
Japan_009477.jpg,1,0,0,0,D00,validation
Japan_007718.jpg,0,0,1,0,D20,validation
Japan_004110.jpg,0,0,0,0,NONE,validation
Japan_007567.jpg,0,0,1,0,D20,validation
Japan_008001.jpg,0,0,0,1,D40,validation
Japan_001641.jpg,0,0,1,1,D20+D40,validation
Japan_009351.jpg,0,0,1,0,D20,validation
Japan_011139.jpg,0,0,1,0,D20,validation
Japan_002403.jpg,0,0,0,0,NONE,validation
Japan_000460.jpg,0,1,0,1,D10+D40,validation
Japan_011757.jpg,0,0,0,0,NONE,validation
Japan_003012.jpg,0,0,0,0,NONE,validation
Japan_003172.jpg,0,0,1,0,D20,validation
Japan_003388.jpg,0,0,0,0,NONE,validation
Japan_004271.jpg,0,0,0,0,NONE,validation
Japan_009211.jpg,0,0,1,1,D20+D40,validation
Japan_005503.jpg,1,1,1,0,D00+D10+D20,validation
Japan_000251.jpg,0,1,1,0,D10+D20,validation
Japan_007810.jpg,0,0,0,0,NONE,validation
Japan_003001.jpg,0,0,0,0,NONE,validation
Japan_010575.jpg,1,0,0,0,D00,validation
Japan_001005.jpg,0,0,0,0,NONE,validation
Japan_002578.jpg,0,1,1,0,D10+D20,validation
Japan_009994.jpg,0,0,0,0,NONE,validation
Japan_000019.jpg,0,0,1,0,D20,validation
Japan_000620.jpg,0,0,1,0,D20,validation
Japan_003713.jpg,0,0,1,0,D20,validation
Japan_007246.jpg,1,1,0,0,D00+D10,validation
Japan_002634.jpg,0,0,1,1,D20+D40,validation
Japan_000194.jpg,1,0,0,0,D00,validation
Japan_012945.jpg,1,0,0,0,D00,validation
Japan_004359.jpg,0,0,0,0,NONE,validation
Japan_003872.jpg,0,1,0,0,D10,validation
Japan_012630.jpg,1,0,1,0,D00+D20,validation
Japan_000318.jpg,1,0,0,0,D00,validation
Japan_006478.jpg,0,0,1,1,D20+D40,validation
Japan_011089.jpg,0,0,1,0,D20,validation
Japan_011883.jpg,0,1,1,0,D10+D20,validation
Japan_003305.jpg,0,0,1,0,D20,validation
Japan_008267.jpg,0,1,1,0,D10+D20,validation
Japan_005475.jpg,0,0,0,0,NONE,validation
Japan_002580.jpg,0,0,1,0,D20,validation
Japan_010768.jpg,0,0,0,0,NONE,validation
Japan_011056.jpg,0,0,1,0,D20,validation
Japan_002527.jpg,0,0,1,1,D20+D40,validation
Japan_010133.jpg,1,1,0,0,D00+D10,validation
Japan_004118.jpg,1,0,0,0,D00,validation
Japan_013120.jpg,0,1,0,0,D10,validation
Japan_001716.jpg,0,0,0,0,NONE,validation
Japan_003703.jpg,0,1,1,0,D10+D20,validation
Japan_006944.jpg,1,0,0,0,D00,validation
Japan_011675.jpg,0,0,0,0,NONE,validation
Japan_004369.jpg,0,0,0,0,NONE,validation
Japan_001874.jpg,1,0,0,0,D00,validation
Japan_001421.jpg,1,0,0,0,D00,validation
Japan_009826.jpg,0,0,1,0,D20,validation
Japan_010330.jpg,0,0,0,0,NONE,validation
Japan_003900.jpg,0,0,1,0,D20,validation
Japan_007526.jpg,0,1,1,0,D10+D20,validation
Japan_009815.jpg,0,0,0,0,NONE,validation
Japan_008922.jpg,1,0,0,0,D00,validation
Japan_013015.jpg,0,1,1,0,D10+D20,validation
Japan_009096.jpg,1,0,0,0,D00,validation
Japan_007219.jpg,0,1,0,0,D10,validation
Japan_001663.jpg,0,0,1,0,D20,validation
Japan_007337.jpg,0,1,1,0,D10+D20,validation
Japan_000761.jpg,0,1,0,0,D10,validation
Japan_012963.jpg,1,0,1,0,D00+D20,validation
Japan_004672.jpg,0,1,0,0,D10,validation
Japan_006744.jpg,1,0,0,0,D00,validation
Japan_007945.jpg,0,0,1,0,D20,validation
Japan_001235.jpg,0,0,0,0,NONE,validation
Japan_012511.jpg,0,0,1,0,D20,validation
Japan_010781.jpg,1,1,0,0,D00+D10,validation
Japan_005491.jpg,0,0,0,0,NONE,validation
Japan_006049.jpg,0,0,1,0,D20,validation
Japan_002233.jpg,0,0,0,0,NONE,validation
Japan_010373.jpg,0,0,1,0,D20,validation
Japan_012101.jpg,0,1,1,1,D10+D20+D40,validation
Japan_005941.jpg,0,0,0,0,NONE,validation
Japan_002811.jpg,0,0,0,0,NONE,validation
Japan_006276.jpg,0,0,0,0,NONE,validation
Japan_009288.jpg,0,0,1,1,D20+D40,validation
Japan_007888.jpg,0,0,0,0,NONE,validation
Japan_003507.jpg,0,0,0,0,NONE,validation
Japan_007250.jpg,0,0,1,1,D20+D40,validation
Japan_011598.jpg,0,0,0,1,D40,validation
Japan_001792.jpg,0,0,0,0,NONE,validation
Japan_007754.jpg,1,0,0,0,D00,validation
Japan_000379.jpg,0,0,1,0,D20,validation
Japan_008635.jpg,0,0,1,0,D20,validation
Japan_002329.jpg,1,1,1,0,D00+D10+D20,validation
Japan_010647.jpg,0,0,0,0,NONE,validation
Japan_010607.jpg,0,0,0,1,D40,validation
Japan_006999.jpg,0,1,1,0,D10+D20,validation
Japan_012984.jpg,1,0,1,0,D00+D20,validation
Japan_005279.jpg,0,0,0,0,NONE,validation
Japan_011929.jpg,0,0,0,0,NONE,validation
Japan_010182.jpg,0,0,1,0,D20,validation
Japan_004144.jpg,0,0,1,0,D20,validation
Japan_007256.jpg,0,0,1,0,D20,validation
Japan_002082.jpg,0,0,1,0,D20,validation
Japan_010893.jpg,0,0,0,0,NONE,validation
Japan_004277.jpg,0,0,0,0,NONE,validation
Japan_002196.jpg,1,1,0,0,D00+D10,validation
Japan_007690.jpg,0,0,0,0,NONE,validation
Japan_007261.jpg,0,1,1,0,D10+D20,validation
Japan_012942.jpg,1,1,0,0,D00+D10,validation
Japan_004502.jpg,0,0,1,0,D20,validation
Japan_004940.jpg,0,0,0,0,NONE,validation
Japan_002384.jpg,0,0,1,0,D20,validation
Japan_012465.jpg,0,0,0,1,D40,validation
Japan_011111.jpg,0,0,0,0,NONE,validation
Japan_009962.jpg,0,0,0,0,NONE,validation
Japan_012125.jpg,1,0,0,0,D00,validation
Japan_007271.jpg,1,1,1,0,D00+D10+D20,validation
Japan_009862.jpg,0,0,1,1,D20+D40,validation
Japan_009837.jpg,0,0,1,0,D20,validation
Japan_004454.jpg,0,0,1,0,D20,validation
Japan_004002.jpg,1,0,0,0,D00,validation
Japan_012458.jpg,0,0,0,0,NONE,validation
Japan_009481.jpg,0,0,1,1,D20+D40,validation
Japan_002731.jpg,0,1,0,0,D10,validation
Japan_007550.jpg,0,0,0,1,D40,validation
Japan_005576.jpg,0,0,0,0,NONE,validation
Japan_008820.jpg,0,0,0,0,NONE,validation
Japan_012860.jpg,0,1,1,0,D10+D20,validation
Japan_008300.jpg,1,0,0,0,D00,validation
Japan_003529.jpg,0,0,1,0,D20,validation
Japan_003825.jpg,0,0,0,0,NONE,validation
Japan_008594.jpg,0,0,0,0,NONE,validation
Japan_000933.jpg,1,1,1,0,D00+D10+D20,validation
Japan_012008.jpg,0,0,1,0,D20,validation
Japan_009278.jpg,0,1,1,0,D10+D20,validation
Japan_008144.jpg,0,0,1,1,D20+D40,validation
Japan_005834.jpg,0,1,0,0,D10,validation
Japan_001616.jpg,0,1,1,0,D10+D20,validation
Japan_007877.jpg,0,0,0,0,NONE,validation
Japan_009257.jpg,0,0,0,1,D40,validation
Japan_003446.jpg,0,0,0,1,D40,validation
Japan_009519.jpg,0,1,0,0,D10,validation
Japan_007787.jpg,0,0,1,1,D20+D40,validation
Japan_007795.jpg,0,0,0,0,NONE,validation
Japan_001427.jpg,0,0,0,0,NONE,validation
Japan_012460.jpg,0,0,0,0,NONE,validation
Japan_011926.jpg,0,0,1,0,D20,validation
Japan_012316.jpg,1,0,0,0,D00,validation
Japan_010067.jpg,0,0,1,0,D20,validation
Japan_002547.jpg,0,0,1,0,D20,validation
Japan_009950.jpg,0,1,0,0,D10,validation
Japan_004291.jpg,0,0,1,0,D20,validation
Japan_008272.jpg,0,0,1,0,D20,validation
Japan_004627.jpg,0,1,1,0,D10+D20,validation
Japan_000993.jpg,1,1,0,0,D00+D10,validation
Japan_009456.jpg,0,1,0,0,D10,validation
Japan_001233.jpg,1,0,1,0,D00+D20,validation
Japan_009980.jpg,0,0,0,0,NONE,validation
Japan_009053.jpg,0,1,1,0,D10+D20,validation
Japan_004059.jpg,1,0,0,0,D00,validation
Japan_000465.jpg,0,0,1,0,D20,validation
Japan_006558.jpg,0,0,0,0,NONE,validation
Japan_008284.jpg,0,0,0,0,NONE,validation
Japan_008038.jpg,1,1,0,0,D00+D10,validation
Japan_006581.jpg,0,0,1,0,D20,validation
Japan_011328.jpg,0,0,1,1,D20+D40,validation
Japan_009331.jpg,1,0,0,0,D00,validation
Japan_000096.jpg,0,0,0,0,NONE,validation
Japan_004574.jpg,0,1,1,0,D10+D20,validation
Japan_001863.jpg,0,0,1,0,D20,validation
Japan_004351.jpg,0,1,0,0,D10,validation
Japan_001547.jpg,1,0,0,0,D00,validation
Japan_000303.jpg,1,0,0,0,D00,validation
Japan_011051.jpg,0,1,1,0,D10+D20,validation
Japan_010217.jpg,0,0,1,0,D20,validation
Japan_001526.jpg,0,0,1,1,D20+D40,validation
Japan_009920.jpg,0,0,0,0,NONE,validation
Japan_009354.jpg,0,1,0,0,D10,validation
Japan_007225.jpg,0,0,1,0,D20,validation
Japan_010963.jpg,0,0,1,1,D20+D40,validation
Japan_000556.jpg,0,0,1,0,D20,validation
Japan_005569.jpg,0,0,0,0,NONE,validation
Japan_002601.jpg,0,0,0,0,NONE,validation
Japan_013124.jpg,0,0,0,0,NONE,validation
Japan_010662.jpg,0,0,1,0,D20,validation
Japan_006575.jpg,0,1,0,0,D10,validation
Japan_006371.jpg,0,0,0,0,NONE,validation
Japan_013017.jpg,1,1,1,0,D00+D10+D20,validation
Japan_008725.jpg,1,1,0,0,D00+D10,validation
Japan_011305.jpg,0,1,0,0,D10,validation
Japan_006230.jpg,1,0,1,0,D00+D20,validation
Japan_009626.jpg,0,0,0,0,NONE,validation
Japan_008675.jpg,1,0,0,0,D00,validation
Japan_010043.jpg,0,0,0,0,NONE,validation
Japan_004673.jpg,0,0,0,0,NONE,validation
Japan_005430.jpg,1,0,0,0,D00,validation
Japan_004260.jpg,0,1,0,0,D10,validation
Japan_008527.jpg,1,0,0,0,D00,validation
Japan_001103.jpg,0,1,1,0,D10+D20,validation
Japan_005754.jpg,0,1,1,0,D10+D20,validation
Japan_011646.jpg,0,0,0,0,NONE,validation
Japan_012900.jpg,1,1,0,0,D00+D10,validation
Japan_000422.jpg,0,0,0,0,NONE,validation
Japan_006171.jpg,0,0,1,0,D20,validation
Japan_005874.jpg,1,0,0,0,D00,validation
Japan_002362.jpg,0,0,1,1,D20+D40,validation
Japan_004617.jpg,0,1,0,0,D10,validation
Japan_005185.jpg,0,0,1,0,D20,validation
Japan_008495.jpg,0,1,1,1,D10+D20+D40,validation
Japan_003091.jpg,0,0,1,0,D20,validation
Japan_005318.jpg,1,0,1,0,D00+D20,validation
Japan_000401.jpg,0,1,1,0,D10+D20,validation
Japan_008417.jpg,0,0,0,0,NONE,validation
Japan_010013.jpg,0,0,0,0,NONE,validation
Japan_010775.jpg,0,1,1,1,D10+D20+D40,validation
Japan_001865.jpg,1,0,0,0,D00,validation
Japan_001821.jpg,0,1,0,0,D10,validation
Japan_001240.jpg,0,0,0,0,NONE,validation
Japan_011102.jpg,0,1,1,1,D10+D20+D40,validation
Japan_003053.jpg,0,0,1,0,D20,validation
Japan_010742.jpg,0,0,1,0,D20,validation
Japan_006665.jpg,0,0,1,0,D20,validation
Japan_001463.jpg,1,1,0,0,D00+D10,validation
Japan_004586.jpg,0,0,0,1,D40,validation
Japan_008380.jpg,1,1,1,0,D00+D10+D20,validation
Japan_011053.jpg,0,0,0,0,NONE,validation
Japan_010913.jpg,0,1,0,0,D10,validation
Japan_012592.jpg,1,1,1,0,D00+D10+D20,validation
Japan_001030.jpg,0,1,0,1,D10+D40,validation
Japan_007375.jpg,0,0,1,0,D20,validation
Japan_007588.jpg,0,1,0,0,D10,validation
Japan_006443.jpg,1,0,1,0,D00+D20,validation
Japan_007394.jpg,0,0,0,0,NONE,validation
Japan_004122.jpg,0,0,0,0,NONE,validation
Japan_003747.jpg,1,0,0,0,D00,validation
Japan_010417.jpg,0,0,1,0,D20,validation
Japan_001908.jpg,0,1,1,0,D10+D20,validation
Japan_005954.jpg,1,0,0,0,D00,validation
Japan_007223.jpg,1,0,0,0,D00,validation
Japan_011471.jpg,0,0,1,0,D20,validation
Japan_000973.jpg,0,0,1,0,D20,validation
Japan_001613.jpg,0,0,0,1,D40,validation
Japan_007536.jpg,0,0,1,0,D20,validation
Japan_001095.jpg,0,0,0,0,NONE,validation
Japan_005187.jpg,0,1,0,0,D10,validation
Japan_006576.jpg,0,0,1,0,D20,validation
Japan_002190.jpg,1,0,0,0,D00,validation
Japan_008563.jpg,1,1,0,0,D00+D10,validation
Japan_011385.jpg,0,0,1,0,D20,validation
Japan_008095.jpg,0,0,1,0,D20,validation
Japan_006262.jpg,1,0,1,1,D00+D20+D40,validation
Japan_009390.jpg,1,0,0,0,D00,validation
Japan_005638.jpg,0,1,1,0,D10+D20,validation
Japan_007510.jpg,0,0,1,0,D20,validation
Japan_008359.jpg,1,0,0,0,D00,validation
Japan_002124.jpg,0,1,1,1,D10+D20+D40,validation
Japan_002243.jpg,0,0,0,0,NONE,validation
Japan_001904.jpg,0,0,0,0,NONE,validation
Japan_002687.jpg,0,0,1,0,D20,validation
Japan_007464.jpg,1,0,1,0,D00+D20,validation
Japan_006083.jpg,0,0,1,0,D20,validation
Japan_011448.jpg,0,0,0,0,NONE,validation
Japan_001871.jpg,0,0,0,1,D40,validation
Japan_002871.jpg,0,0,1,1,D20+D40,validation
Japan_011849.jpg,0,1,1,0,D10+D20,validation
Japan_010033.jpg,1,0,0,0,D00,validation
Japan_001877.jpg,1,0,0,0,D00,validation
Japan_006569.jpg,0,0,0,0,NONE,validation
Japan_004563.jpg,0,0,1,1,D20+D40,validation
Japan_011623.jpg,0,0,0,1,D40,validation
Japan_003643.jpg,1,0,1,0,D00+D20,validation
Japan_001397.jpg,0,0,0,0,NONE,validation
Japan_008020.jpg,0,0,1,0,D20,validation
Japan_008914.jpg,0,1,0,0,D10,validation
Japan_001217.jpg,0,0,0,0,NONE,validation
Japan_004207.jpg,0,0,0,0,NONE,validation
Japan_007755.jpg,1,1,1,0,D00+D10+D20,validation
Japan_005741.jpg,0,0,1,1,D20+D40,validation
Japan_009181.jpg,0,0,1,1,D20+D40,validation
Japan_011963.jpg,1,1,0,0,D00+D10,validation
Japan_005838.jpg,0,0,0,1,D40,validation
Japan_002750.jpg,0,0,0,0,NONE,validation
Japan_000616.jpg,0,1,0,1,D10+D40,validation
Japan_010861.jpg,0,0,1,0,D20,validation
Japan_003164.jpg,1,1,1,0,D00+D10+D20,validation
Japan_000473.jpg,0,0,1,0,D20,validation
Japan_002459.jpg,0,0,1,0,D20,validation
Japan_012709.jpg,0,0,0,0,NONE,validation
Japan_006294.jpg,0,0,0,0,NONE,validation
Japan_001975.jpg,0,0,1,0,D20,validation
Japan_008113.jpg,0,0,0,0,NONE,validation
Japan_006151.jpg,0,0,0,0,NONE,validation
Japan_009438.jpg,0,0,0,0,NONE,validation
Japan_000558.jpg,0,0,0,1,D40,validation
Japan_000311.jpg,1,1,0,0,D00+D10,validation
Japan_006427.jpg,0,0,1,1,D20+D40,validation
Japan_006631.jpg,0,0,0,0,NONE,validation
Japan_004774.jpg,0,0,1,0,D20,validation
Japan_003660.jpg,0,0,0,0,NONE,validation
Japan_011127.jpg,0,0,1,0,D20,validation
Japan_009651.jpg,0,0,1,0,D20,validation
Japan_001115.jpg,0,1,1,0,D10+D20,validation
Japan_000108.jpg,0,0,1,0,D20,validation
Japan_002928.jpg,0,0,0,0,NONE,validation
Japan_006264.jpg,0,1,1,0,D10+D20,validation
Japan_012461.jpg,0,0,0,0,NONE,validation
Japan_007445.jpg,0,0,0,1,D40,validation
Japan_005865.jpg,0,0,0,0,NONE,validation
Japan_007909.jpg,0,0,0,0,NONE,validation
Japan_009162.jpg,0,0,0,0,NONE,validation
Japan_004696.jpg,1,0,0,0,D00,validation
Japan_004363.jpg,0,0,0,0,NONE,validation
Japan_010797.jpg,0,0,0,0,NONE,validation
Japan_002501.jpg,0,0,0,0,NONE,validation
Japan_008218.jpg,0,0,1,0,D20,validation
Japan_004204.jpg,1,1,0,0,D00+D10,validation
Japan_004607.jpg,0,1,0,0,D10,validation
Japan_001971.jpg,1,0,1,0,D00+D20,validation
Japan_007958.jpg,0,0,1,0,D20,validation
Japan_008804.jpg,0,1,0,1,D10+D40,validation
Japan_002892.jpg,1,0,0,0,D00,validation
Japan_006088.jpg,1,0,0,0,D00,validation
Japan_000254.jpg,0,0,1,1,D20+D40,validation
Japan_011059.jpg,0,0,0,0,NONE,validation
Japan_002094.jpg,0,0,0,0,NONE,validation
Japan_007456.jpg,0,0,0,0,NONE,validation
Japan_002579.jpg,0,1,1,1,D10+D20+D40,validation
Japan_005903.jpg,0,1,0,0,D10,validation
Japan_004916.jpg,1,0,0,0,D00,validation
Japan_008844.jpg,0,1,1,0,D10+D20,validation
Japan_005970.jpg,0,0,1,0,D20,validation
Japan_010455.jpg,0,0,1,0,D20,validation
Japan_003279.jpg,0,0,1,0,D20,validation
Japan_007075.jpg,0,0,1,0,D20,validation
Japan_003981.jpg,0,0,0,0,NONE,validation
Japan_008627.jpg,1,0,1,0,D00+D20,validation
Japan_006844.jpg,0,0,1,0,D20,validation
Japan_011353.jpg,0,0,1,1,D20+D40,validation
Japan_009221.jpg,1,0,0,0,D00,validation
Japan_009744.jpg,1,1,0,0,D00+D10,validation
Japan_009219.jpg,0,0,0,1,D40,validation
Japan_009120.jpg,0,0,0,0,NONE,validation
Japan_004263.jpg,0,0,1,0,D20,validation
Japan_004154.jpg,0,0,1,0,D20,validation
Japan_010989.jpg,0,0,0,0,NONE,validation
Japan_001963.jpg,1,0,1,0,D00+D20,validation
Japan_012409.jpg,0,0,0,0,NONE,validation
Japan_007629.jpg,0,0,1,1,D20+D40,validation
Japan_009264.jpg,0,0,1,0,D20,validation
Japan_006052.jpg,0,0,1,1,D20+D40,validation
Japan_009439.jpg,1,1,0,0,D00+D10,validation
Japan_010160.jpg,0,0,0,0,NONE,validation
Japan_008043.jpg,0,0,0,0,NONE,validation
Japan_010762.jpg,0,0,1,1,D20+D40,validation
Japan_003918.jpg,0,0,0,0,NONE,validation
Japan_008968.jpg,1,0,1,1,D00+D20+D40,validation
Japan_011617.jpg,1,0,0,0,D00,validation
Japan_006062.jpg,0,0,1,0,D20,validation
Japan_002536.jpg,0,0,0,0,NONE,validation
Japan_011784.jpg,0,0,1,1,D20+D40,validation
Japan_008801.jpg,1,0,0,0,D00,validation
Japan_008998.jpg,0,0,1,0,D20,validation
Japan_002048.jpg,0,0,1,1,D20+D40,validation
Japan_004573.jpg,0,0,1,1,D20+D40,validation
Japan_011897.jpg,0,1,1,0,D10+D20,validation
Japan_002319.jpg,0,0,1,1,D20+D40,validation
Japan_011687.jpg,0,0,0,0,NONE,validation
Japan_001747.jpg,0,0,0,0,NONE,validation
Japan_002113.jpg,1,0,0,0,D00,validation
Japan_012130.jpg,0,0,1,0,D20,validation
Japan_008093.jpg,0,0,1,1,D20+D40,validation
Japan_004255.jpg,0,0,1,0,D20,validation
Japan_003834.jpg,0,1,0,0,D10,validation
Japan_009296.jpg,0,0,1,0,D20,validation
Japan_004662.jpg,1,1,1,0,D00+D10+D20,validation
Japan_009917.jpg,0,0,1,0,D20,validation
Japan_008816.jpg,0,0,1,1,D20+D40,validation
Japan_005336.jpg,0,0,1,0,D20,validation
Japan_003657.jpg,0,0,0,0,NONE,validation
Japan_003343.jpg,0,0,1,0,D20,validation
Japan_004827.jpg,1,1,0,0,D00+D10,validation
Japan_012113.jpg,0,1,0,0,D10,validation
Japan_005532.jpg,1,0,0,0,D00,validation
Japan_012383.jpg,1,0,0,0,D00,validation
Japan_004431.jpg,0,0,0,0,NONE,validation
Japan_010736.jpg,0,0,0,0,NONE,validation
Japan_002780.jpg,1,1,1,0,D00+D10+D20,validation
Japan_003196.jpg,1,0,0,0,D00,validation
Japan_003438.jpg,0,0,0,0,NONE,validation
Japan_000755.jpg,0,0,0,0,NONE,validation
Japan_012556.jpg,0,0,1,1,D20+D40,validation
Japan_001111.jpg,1,0,1,0,D00+D20,validation
Japan_008959.jpg,0,0,0,1,D40,validation
Japan_006505.jpg,1,0,0,0,D00,validation
Japan_004016.jpg,1,0,0,0,D00,validation
Japan_007512.jpg,0,0,0,0,NONE,validation
Japan_009512.jpg,0,0,0,0,NONE,validation
Japan_003647.jpg,0,0,0,0,NONE,validation
Japan_008280.jpg,1,0,1,1,D00+D20+D40,validation
Japan_000441.jpg,0,0,0,0,NONE,validation
Japan_006526.jpg,0,0,1,0,D20,validation
Japan_003939.jpg,0,0,0,1,D40,validation
Japan_005184.jpg,0,0,1,0,D20,validation
Japan_008760.jpg,0,0,0,0,NONE,validation
Japan_010299.jpg,0,1,1,0,D10+D20,validation
Japan_001849.jpg,1,1,0,0,D00+D10,validation
Japan_000600.jpg,0,0,0,0,NONE,validation
Japan_005245.jpg,0,0,0,0,NONE,validation
Japan_000073.jpg,0,0,0,1,D40,validation
Japan_008040.jpg,1,0,0,0,D00,validation
Japan_010659.jpg,0,0,1,0,D20,validation
Japan_011002.jpg,1,0,0,0,D00,validation
Japan_005171.jpg,0,0,0,0,NONE,validation
Japan_009533.jpg,0,0,0,0,NONE,validation
Japan_000999.jpg,1,0,0,0,D00,validation
Japan_002122.jpg,0,0,1,1,D20+D40,validation
Japan_002334.jpg,0,0,0,0,NONE,validation
Japan_001896.jpg,0,0,1,0,D20,validation
Japan_007923.jpg,0,0,0,0,NONE,validation
Japan_010213.jpg,1,0,0,0,D00,validation
Japan_007580.jpg,0,0,1,0,D20,validation
Japan_007897.jpg,1,1,0,0,D00+D10,validation
Japan_004821.jpg,0,0,0,0,NONE,validation
Japan_003906.jpg,0,0,0,0,NONE,validation
Japan_005672.jpg,1,0,0,0,D00,validation
Japan_005655.jpg,0,0,1,0,D20,validation
Japan_010827.jpg,0,0,0,0,NONE,validation
Japan_001490.jpg,0,0,0,0,NONE,validation
Japan_005407.jpg,0,0,0,0,NONE,validation
Japan_004149.jpg,0,0,0,0,NONE,validation
Japan_002586.jpg,1,1,1,0,D00+D10+D20,validation
Japan_008545.jpg,0,0,1,0,D20,validation
Japan_004583.jpg,0,0,1,0,D20,validation
Japan_010866.jpg,1,0,0,0,D00,validation
Japan_013089.jpg,0,1,0,0,D10,validation
Japan_004136.jpg,0,0,0,1,D40,validation
Japan_001559.jpg,0,0,1,0,D20,validation
Japan_010289.jpg,1,1,0,0,D00+D10,validation
Japan_004080.jpg,0,0,1,0,D20,validation
Japan_012025.jpg,0,0,1,1,D20+D40,validation
Japan_012368.jpg,0,0,0,0,NONE,validation
Japan_005667.jpg,0,0,0,0,NONE,validation
Japan_010297.jpg,0,0,0,0,NONE,validation
Japan_011681.jpg,0,0,1,0,D20,validation
Japan_011821.jpg,0,0,1,0,D20,validation
Japan_002663.jpg,0,0,0,0,NONE,validation
Japan_008579.jpg,1,1,1,0,D00+D10+D20,validation
Japan_011548.jpg,0,0,1,0,D20,validation
Japan_010580.jpg,1,0,0,0,D00,validation
Japan_006482.jpg,0,1,0,0,D10,validation
Japan_010815.jpg,0,0,1,1,D20+D40,validation
Japan_010082.jpg,1,0,0,0,D00,validation
Japan_009259.jpg,0,0,0,0,NONE,validation
Japan_004155.jpg,0,0,1,0,D20,validation
Japan_000537.jpg,0,0,0,0,NONE,validation
Japan_002210.jpg,0,1,1,0,D10+D20,validation
Japan_008334.jpg,1,0,0,0,D00,validation
Japan_008569.jpg,0,0,1,0,D20,validation
Japan_004616.jpg,0,1,0,0,D10,validation
Japan_010693.jpg,0,0,1,0,D20,validation
Japan_001929.jpg,0,0,0,0,NONE,validation
Japan_005300.jpg,0,0,1,0,D20,validation
Japan_012537.jpg,1,0,1,0,D00+D20,validation
Japan_004062.jpg,1,0,1,1,D00+D20+D40,validation
Japan_002594.jpg,0,0,0,0,NONE,validation
Japan_002727.jpg,0,0,0,1,D40,validation
Japan_009167.jpg,0,0,0,0,NONE,validation
Japan_008130.jpg,0,0,1,0,D20,validation
Japan_004704.jpg,0,0,1,1,D20+D40,validation
Japan_006874.jpg,0,1,1,0,D10+D20,validation
Japan_003445.jpg,0,0,1,0,D20,validation
Japan_005484.jpg,0,0,1,0,D20,validation
Japan_002280.jpg,0,1,0,1,D10+D40,validation
Japan_012679.jpg,0,0,1,0,D20,validation
Japan_011170.jpg,1,0,0,0,D00,validation
Japan_010573.jpg,0,0,1,0,D20,validation
Japan_001098.jpg,0,0,1,1,D20+D40,validation
Japan_007022.jpg,0,1,1,0,D10+D20,validation
Japan_000826.jpg,0,0,1,1,D20+D40,validation
Japan_005581.jpg,0,0,0,0,NONE,validation
Japan_002574.jpg,0,0,1,0,D20,validation
Japan_004643.jpg,0,1,0,0,D10,validation
Japan_004328.jpg,0,0,0,0,NONE,validation
Japan_013106.jpg,1,1,0,0,D00+D10,validation
Japan_010307.jpg,0,0,0,1,D40,validation
Japan_000665.jpg,1,1,0,0,D00+D10,validation
Japan_012899.jpg,0,0,0,1,D40,validation
Japan_001984.jpg,0,0,0,1,D40,validation
Japan_007507.jpg,1,0,0,0,D00,validation
Japan_002468.jpg,1,0,0,0,D00,validation
Japan_008159.jpg,0,1,1,1,D10+D20+D40,validation
Japan_008601.jpg,0,0,1,0,D20,validation
Japan_005143.jpg,0,1,1,0,D10+D20,validation
Japan_007716.jpg,0,0,0,0,NONE,validation
Japan_004250.jpg,0,0,0,0,NONE,validation
Japan_012123.jpg,0,0,1,0,D20,validation
Japan_005658.jpg,1,0,0,0,D00,validation
Japan_004564.jpg,0,0,1,0,D20,validation
Japan_005351.jpg,0,0,0,0,NONE,validation
Japan_003214.jpg,0,0,0,0,NONE,validation
Japan_004140.jpg,1,0,0,0,D00,validation
Japan_007059.jpg,0,0,0,1,D40,validation
Japan_011666.jpg,1,1,0,0,D00+D10,validation
Japan_008964.jpg,0,1,0,0,D10,validation
Japan_013038.jpg,0,1,0,0,D10,validation
Japan_011122.jpg,0,0,1,0,D20,validation
Japan_005745.jpg,0,0,0,0,NONE,validation
Japan_002399.jpg,0,0,1,0,D20,validation
Japan_010897.jpg,0,0,0,1,D40,validation
Japan_002398.jpg,0,0,1,0,D20,validation
Japan_006061.jpg,0,1,0,0,D10,validation
Japan_006290.jpg,0,0,0,0,NONE,validation
Japan_004192.jpg,0,0,1,0,D20,validation
Japan_000822.jpg,1,0,1,0,D00+D20,validation
Japan_007481.jpg,1,0,0,0,D00,validation
Japan_006646.jpg,1,1,0,0,D00+D10,validation
Japan_008628.jpg,0,0,1,0,D20,validation
Japan_008037.jpg,1,0,1,0,D00+D20,validation
Japan_003339.jpg,0,0,1,0,D20,validation
Japan_000652.jpg,0,0,0,0,NONE,validation
Japan_008659.jpg,0,0,1,0,D20,validation
Japan_005005.jpg,0,0,0,0,NONE,validation
Japan_000985.jpg,0,0,1,0,D20,validation
Japan_007828.jpg,0,0,1,0,D20,validation
Japan_007745.jpg,1,1,1,1,D00+D10+D20+D40,validation
Japan_004302.jpg,0,0,1,0,D20,validation
Japan_003808.jpg,1,0,1,0,D00+D20,validation
Japan_001496.jpg,0,0,1,0,D20,validation
Japan_006286.jpg,1,1,1,0,D00+D10+D20,validation
Japan_003587.jpg,0,0,0,0,NONE,validation
Japan_008301.jpg,0,0,1,1,D20+D40,validation
Japan_003026.jpg,1,0,0,0,D00,validation
Japan_012251.jpg,0,0,0,0,NONE,validation
Japan_002115.jpg,0,0,1,0,D20,validation
Japan_002770.jpg,1,0,0,0,D00,validation
Japan_010145.jpg,0,0,1,0,D20,validation
Japan_002629.jpg,0,0,0,0,NONE,validation
Japan_012908.jpg,1,0,0,0,D00,validation
Japan_006586.jpg,1,0,0,0,D00,validation
Japan_009635.jpg,0,0,1,0,D20,validation
Japan_001760.jpg,1,0,1,0,D00+D20,validation
Japan_004030.jpg,1,0,0,0,D00,validation
Japan_003102.jpg,0,0,1,0,D20,validation
Japan_000256.jpg,0,0,1,0,D20,validation
Japan_010137.jpg,0,0,0,0,NONE,validation
Japan_003690.jpg,0,0,1,1,D20+D40,validation
Japan_006470.jpg,1,0,0,0,D00,validation
Japan_004053.jpg,1,0,0,0,D00,validation
Japan_007806.jpg,0,0,0,0,NONE,validation
Japan_001493.jpg,1,0,0,0,D00,validation
Japan_009334.jpg,0,0,0,0,NONE,validation
Japan_011260.jpg,0,1,1,0,D10+D20,validation
Japan_001114.jpg,1,1,0,0,D00+D10,validation
Japan_004708.jpg,0,0,1,0,D20,validation
Japan_007733.jpg,1,0,0,0,D00,validation
Japan_007565.jpg,0,0,0,0,NONE,validation
Japan_005250.jpg,0,0,0,0,NONE,validation
Japan_011354.jpg,0,1,0,0,D10,validation
Japan_000979.jpg,1,0,1,0,D00+D20,validation
Japan_007781.jpg,0,0,0,1,D40,validation
Japan_008920.jpg,0,1,1,0,D10+D20,validation
Japan_012743.jpg,1,0,0,0,D00,validation
Japan_012421.jpg,0,1,0,0,D10,validation
Japan_006176.jpg,0,0,0,0,NONE,validation
Japan_009783.jpg,0,0,1,0,D20,validation
Japan_006608.jpg,0,0,1,0,D20,validation
Japan_000017.jpg,0,0,1,1,D20+D40,validation
Japan_003913.jpg,0,0,0,0,NONE,validation
Japan_007269.jpg,0,0,0,0,NONE,validation
Japan_009968.jpg,0,0,1,0,D20,validation
Japan_010345.jpg,1,1,1,0,D00+D10+D20,validation
Japan_004294.jpg,0,1,1,0,D10+D20,validation
Japan_003485.jpg,0,0,0,0,NONE,validation
Japan_000700.jpg,0,0,0,0,NONE,validation
Japan_004246.jpg,1,0,1,0,D00+D20,validation
Japan_007403.jpg,1,0,0,0,D00,validation
Japan_009773.jpg,0,0,1,0,D20,validation
Japan_001810.jpg,0,0,1,0,D20,validation
Japan_010091.jpg,0,0,0,0,NONE,validation
Japan_005693.jpg,0,0,0,1,D40,validation
Japan_008396.jpg,0,1,1,0,D10+D20,validation
Japan_007932.jpg,0,0,0,0,NONE,validation
Japan_000380.jpg,0,0,1,0,D20,validation
Japan_012022.jpg,0,1,0,0,D10,validation
Japan_002085.jpg,0,0,0,0,NONE,validation
Japan_011659.jpg,1,0,0,0,D00,validation
Japan_004857.jpg,0,0,1,0,D20,validation
Japan_007859.jpg,0,1,0,0,D10,validation
Japan_005359.jpg,0,0,0,0,NONE,validation
Japan_004730.jpg,0,0,1,0,D20,validation
Japan_009817.jpg,0,0,0,0,NONE,validation
Japan_003768.jpg,0,0,0,0,NONE,validation
Japan_006613.jpg,0,0,1,0,D20,validation
Japan_009124.jpg,0,1,1,0,D10+D20,validation
Japan_006717.jpg,0,0,1,1,D20+D40,validation
Japan_004751.jpg,1,0,1,0,D00+D20,validation
Japan_008994.jpg,1,0,0,0,D00,validation
Japan_004187.jpg,0,0,1,1,D20+D40,validation
Japan_011592.jpg,0,0,0,0,NONE,validation
Japan_006867.jpg,0,0,1,0,D20,validation
Japan_004786.jpg,0,0,0,0,NONE,validation
Japan_006097.jpg,0,0,0,1,D40,validation
Japan_010670.jpg,1,0,0,0,D00,validation
Japan_006697.jpg,0,0,0,0,NONE,validation
Japan_000801.jpg,0,0,0,0,NONE,validation
Japan_004481.jpg,0,0,1,1,D20+D40,validation
Japan_004757.jpg,1,0,0,0,D00,validation
Japan_000895.jpg,1,0,1,0,D00+D20,validation
Japan_002070.jpg,0,1,1,1,D10+D20+D40,validation
Japan_005924.jpg,0,0,0,0,NONE,validation
Japan_006133.jpg,0,0,0,1,D40,validation
Japan_004899.jpg,1,1,0,0,D00+D10,validation
Japan_002611.jpg,0,0,0,0,NONE,validation
Japan_003937.jpg,0,0,0,0,NONE,validation
Japan_010483.jpg,0,0,1,0,D20,validation
Japan_006453.jpg,1,1,0,0,D00+D10,validation
Japan_004914.jpg,0,0,0,1,D40,validation
Japan_009111.jpg,0,0,0,0,NONE,validation
Japan_000592.jpg,0,1,1,0,D10+D20,validation
Japan_000160.jpg,0,0,0,0,NONE,validation
Japan_002078.jpg,0,0,0,0,NONE,validation
Japan_006771.jpg,0,0,1,0,D20,validation
Japan_010563.jpg,0,0,0,0,NONE,validation
Japan_006869.jpg,1,1,0,0,D00+D10,validation
Japan_006457.jpg,1,0,0,1,D00+D40,validation
Japan_003972.jpg,1,1,0,0,D00+D10,validation
Japan_003211.jpg,0,0,1,1,D20+D40,validation
Japan_004861.jpg,1,1,0,0,D00+D10,validation
Japan_012171.jpg,1,1,0,0,D00+D10,validation
Japan_003958.jpg,0,0,0,0,NONE,validation
Japan_008685.jpg,1,0,1,0,D00+D20,validation
Japan_010439.jpg,0,0,1,0,D20,validation
Japan_006229.jpg,0,0,1,0,D20,validation
Japan_003083.jpg,0,1,0,0,D10,validation
Japan_001697.jpg,0,0,0,0,NONE,validation
Japan_006619.jpg,0,0,1,0,D20,validation
Japan_006635.jpg,0,0,0,0,NONE,validation
Japan_002720.jpg,0,0,1,0,D20,validation
Japan_003207.jpg,0,0,0,1,D40,validation
Japan_007965.jpg,0,1,1,0,D10+D20,validation
Japan_007430.jpg,1,0,0,0,D00,validation
Japan_011155.jpg,0,0,1,0,D20,validation
Japan_005606.jpg,0,0,0,0,NONE,validation
Japan_011033.jpg,0,1,0,0,D10,validation
Japan_011550.jpg,1,0,0,0,D00,validation
Japan_004205.jpg,1,0,0,0,D00,validation
Japan_001199.jpg,0,0,1,0,D20,validation
Japan_010374.jpg,1,0,0,0,D00,validation
Japan_008962.jpg,0,0,1,0,D20,validation
Japan_007513.jpg,0,0,0,0,NONE,validation
Japan_012178.jpg,1,1,1,0,D00+D10+D20,validation
Japan_004394.jpg,0,0,0,1,D40,validation
Japan_001638.jpg,0,0,1,1,D20+D40,validation
Japan_009201.jpg,0,0,1,0,D20,validation
Japan_008242.jpg,1,0,1,1,D00+D20+D40,validation
Japan_002824.jpg,0,1,0,0,D10,validation
Japan_012725.jpg,0,1,1,0,D10+D20,validation
Japan_007148.jpg,1,0,0,1,D00+D40,validation
Japan_009372.jpg,0,0,1,0,D20,validation
Japan_005711.jpg,0,0,1,0,D20,validation
Japan_004483.jpg,0,0,0,0,NONE,validation
Japan_004871.jpg,0,0,1,0,D20,validation
Japan_005486.jpg,0,0,1,0,D20,validation
Japan_009938.jpg,0,1,0,0,D10,validation
Japan_009614.jpg,0,0,1,0,D20,validation
Japan_011927.jpg,0,0,0,0,NONE,validation
Japan_006320.jpg,1,0,0,0,D00,validation
Japan_002242.jpg,0,0,1,0,D20,validation
Japan_012259.jpg,0,0,0,1,D40,validation
Japan_002548.jpg,0,1,1,0,D10+D20,validation
Japan_004015.jpg,0,0,0,0,NONE,validation
Japan_012870.jpg,0,0,0,0,NONE,validation
Japan_002963.jpg,0,0,1,0,D20,validation
Japan_011043.jpg,1,0,0,0,D00,validation
Japan_005468.jpg,0,0,0,0,NONE,validation
Japan_004647.jpg,0,0,0,0,NONE,validation
Japan_003885.jpg,0,0,0,0,NONE,validation
Japan_008836.jpg,0,1,0,0,D10,validation
Japan_008541.jpg,0,0,0,0,NONE,validation
Japan_002088.jpg,0,0,0,1,D40,validation
Japan_008371.jpg,0,0,1,0,D20,validation
Japan_004297.jpg,0,1,0,0,D10,validation
Japan_006028.jpg,0,1,1,0,D10+D20,validation
Japan_008800.jpg,0,0,0,0,NONE,validation
Japan_005890.jpg,1,0,0,0,D00,validation
Japan_005080.jpg,0,0,0,0,NONE,validation
Japan_003324.jpg,1,0,0,0,D00,validation
Japan_006084.jpg,1,0,0,0,D00,validation
Japan_005331.jpg,0,0,0,0,NONE,validation
Japan_009930.jpg,0,0,1,0,D20,validation
Japan_002924.jpg,0,0,1,0,D20,validation
Japan_003315.jpg,1,0,1,0,D00+D20,validation
Japan_010548.jpg,0,0,1,1,D20+D40,validation
Japan_005558.jpg,1,0,0,0,D00,validation
Japan_009153.jpg,0,0,1,0,D20,validation
Japan_000267.jpg,0,0,1,0,D20,validation
Japan_001134.jpg,0,1,1,0,D10+D20,validation
Japan_011677.jpg,0,0,1,0,D20,validation
Japan_005333.jpg,0,0,0,0,NONE,validation
Japan_006465.jpg,1,1,0,0,D00+D10,validation
Japan_010279.jpg,1,0,1,0,D00+D20,validation
Japan_000816.jpg,0,0,0,0,NONE,validation
Japan_009208.jpg,0,1,1,1,D10+D20+D40,validation
Japan_010702.jpg,1,1,1,0,D00+D10+D20,validation
Japan_003230.jpg,0,0,1,0,D20,validation
Japan_005749.jpg,1,1,1,0,D00+D10+D20,validation
Japan_008444.jpg,0,1,1,0,D10+D20,validation
Japan_012518.jpg,0,0,1,0,D20,validation
Japan_012509.jpg,0,0,1,0,D20,validation
Japan_003638.jpg,1,0,1,0,D00+D20,validation
Japan_011721.jpg,0,1,1,0,D10+D20,validation
Japan_002420.jpg,0,0,0,1,D40,validation
Japan_010958.jpg,0,0,0,0,NONE,validation
Japan_012541.jpg,0,0,1,0,D20,validation
Japan_012818.jpg,0,0,0,0,NONE,validation
Japan_007418.jpg,1,0,0,0,D00,validation
Japan_001468.jpg,0,0,1,0,D20,validation
Japan_002419.jpg,0,0,1,0,D20,validation
Japan_009112.jpg,0,0,1,0,D20,validation
Japan_004981.jpg,0,0,1,0,D20,validation
Japan_004752.jpg,0,0,0,0,NONE,validation
Japan_004027.jpg,0,0,0,0,NONE,validation
Japan_008834.jpg,1,0,0,0,D00,validation
Japan_011113.jpg,0,0,0,0,NONE,validation
Japan_002940.jpg,0,0,1,0,D20,validation
Japan_001521.jpg,0,0,1,0,D20,validation
Japan_002387.jpg,1,0,0,0,D00,validation
Japan_011894.jpg,0,1,0,0,D10,validation
Japan_012266.jpg,0,0,0,0,NONE,validation
Japan_004381.jpg,1,0,1,0,D00+D20,validation
Japan_008723.jpg,0,0,0,0,NONE,validation
Japan_001333.jpg,0,0,0,0,NONE,validation
Japan_003574.jpg,1,1,0,0,D00+D10,validation
Japan_002993.jpg,0,0,1,0,D20,validation
Japan_010788.jpg,1,1,0,0,D00+D10,validation
Japan_006467.jpg,0,0,1,0,D20,validation
Japan_005540.jpg,0,1,1,0,D10+D20,validation
Japan_005894.jpg,1,0,0,0,D00,validation
Japan_010273.jpg,0,0,0,0,NONE,validation
Japan_011515.jpg,0,0,1,1,D20+D40,validation
Japan_008264.jpg,0,0,0,0,NONE,validation
Japan_006349.jpg,0,0,1,0,D20,validation
Japan_002208.jpg,1,1,0,1,D00+D10+D40,validation
Japan_011007.jpg,0,0,0,0,NONE,validation
Japan_007211.jpg,1,0,0,0,D00,validation
Japan_007026.jpg,0,0,0,0,NONE,validation
Japan_011783.jpg,0,0,1,0,D20,validation
Japan_000215.jpg,0,1,1,0,D10+D20,validation
Japan_002417.jpg,1,0,0,0,D00,validation
Japan_007976.jpg,0,0,0,0,NONE,validation
Japan_005402.jpg,0,0,1,0,D20,validation
Japan_006785.jpg,0,1,1,0,D10+D20,validation
Japan_007784.jpg,1,0,1,0,D00+D20,validation
Japan_008540.jpg,0,0,0,0,NONE,validation
Japan_008652.jpg,1,0,0,0,D00,validation
Japan_005169.jpg,1,0,0,0,D00,validation
Japan_011084.jpg,0,1,0,0,D10,validation
Japan_002777.jpg,0,0,0,0,NONE,validation
Japan_007005.jpg,0,0,0,0,NONE,test
Japan_010148.jpg,1,1,1,0,D00+D10+D20,test
Japan_008409.jpg,0,1,1,0,D10+D20,test
Japan_001502.jpg,0,0,0,1,D40,test
Japan_011118.jpg,0,1,0,0,D10,test
Japan_002158.jpg,1,1,0,0,D00+D10,test
Japan_004941.jpg,0,0,1,0,D20,test
Japan_007804.jpg,0,0,0,0,NONE,test
Japan_002047.jpg,0,0,1,0,D20,test
Japan_001748.jpg,0,0,1,0,D20,test
Japan_010623.jpg,1,0,0,0,D00,test
Japan_004193.jpg,0,0,1,0,D20,test
Japan_000464.jpg,1,1,1,0,D00+D10+D20,test
Japan_002500.jpg,1,0,0,0,D00,test
Japan_012295.jpg,0,0,1,1,D20+D40,test
Japan_006476.jpg,1,0,0,0,D00,test
Japan_004050.jpg,1,0,0,0,D00,test
Japan_007303.jpg,1,0,0,0,D00,test
Japan_006642.jpg,0,0,0,0,NONE,test
Japan_012205.jpg,0,0,1,0,D20,test
Japan_010585.jpg,0,0,1,0,D20,test
Japan_010664.jpg,0,0,1,0,D20,test
Japan_009884.jpg,0,0,0,0,NONE,test
Japan_008496.jpg,0,0,1,0,D20,test
Japan_000540.jpg,0,1,1,0,D10+D20,test
Japan_006275.jpg,1,1,1,0,D00+D10+D20,test
Japan_006523.jpg,1,0,0,0,D00,test
Japan_007023.jpg,0,1,0,0,D10,test
Japan_012923.jpg,0,0,1,0,D20,test
Japan_006667.jpg,1,1,1,0,D00+D10+D20,test
Japan_005882.jpg,0,0,0,0,NONE,test
Japan_001635.jpg,0,0,0,0,NONE,test
Japan_007492.jpg,0,0,0,1,D40,test
Japan_007503.jpg,0,0,1,1,D20+D40,test
Japan_008716.jpg,0,0,0,0,NONE,test
Japan_001419.jpg,0,0,1,0,D20,test
Japan_012793.jpg,0,0,1,0,D20,test
Japan_003271.jpg,0,0,0,0,NONE,test
Japan_003632.jpg,0,0,1,0,D20,test
Japan_008526.jpg,0,0,1,0,D20,test
Japan_005043.jpg,1,0,0,0,D00,test
Japan_003051.jpg,0,0,1,1,D20+D40,test
Japan_005843.jpg,0,0,0,0,NONE,test
Japan_006492.jpg,1,1,0,0,D00+D10,test
Japan_008016.jpg,0,0,0,0,NONE,test
Japan_001958.jpg,0,0,1,0,D20,test
Japan_008047.jpg,1,0,0,0,D00,test
Japan_012446.jpg,1,1,1,1,D00+D10+D20+D40,test
Japan_004048.jpg,0,0,0,0,NONE,test
Japan_013029.jpg,0,0,0,1,D40,test
Japan_009959.jpg,0,0,0,0,NONE,test
Japan_001244.jpg,0,0,0,0,NONE,test
Japan_010570.jpg,0,0,1,1,D20+D40,test
Japan_004463.jpg,0,0,0,1,D40,test
Japan_006169.jpg,1,0,1,1,D00+D20+D40,test
Japan_000654.jpg,0,1,0,0,D10,test
Japan_004808.jpg,0,0,0,0,NONE,test
Japan_003060.jpg,1,0,1,0,D00+D20,test
Japan_011019.jpg,0,0,1,0,D20,test
Japan_010557.jpg,0,0,0,0,NONE,test
Japan_009110.jpg,0,0,0,0,NONE,test
Japan_007275.jpg,1,0,0,0,D00,test
Japan_010769.jpg,0,0,1,1,D20+D40,test
Japan_012612.jpg,0,0,1,0,D20,test
Japan_004729.jpg,1,0,0,0,D00,test
Japan_001983.jpg,0,0,1,0,D20,test
Japan_009575.jpg,0,1,1,0,D10+D20,test
Japan_001745.jpg,0,0,0,0,NONE,test
Japan_011141.jpg,0,0,1,1,D20+D40,test
Japan_004719.jpg,0,0,0,0,NONE,test
Japan_006636.jpg,0,0,0,0,NONE,test
Japan_012931.jpg,0,0,0,1,D40,test
Japan_002125.jpg,0,0,1,0,D20,test
Japan_000228.jpg,0,0,1,0,D20,test
Japan_010390.jpg,1,1,0,0,D00+D10,test
Japan_000663.jpg,1,1,0,0,D00+D10,test
Japan_001081.jpg,1,0,0,0,D00,test
Japan_003750.jpg,1,1,1,0,D00+D10+D20,test
Japan_002004.jpg,0,1,1,0,D10+D20,test
Japan_009189.jpg,0,0,1,0,D20,test
Japan_004135.jpg,0,1,0,0,D10,test
Japan_001308.jpg,0,0,1,1,D20+D40,test
Japan_008338.jpg,0,0,0,0,NONE,test
Japan_010433.jpg,1,0,1,0,D00+D20,test
Japan_007231.jpg,1,0,0,0,D00,test
Japan_010650.jpg,1,0,1,0,D00+D20,test
Japan_000576.jpg,0,0,0,0,NONE,test
Japan_005031.jpg,0,0,1,0,D20,test
Japan_004670.jpg,0,0,1,0,D20,test
Japan_008066.jpg,0,0,0,0,NONE,test
Japan_007632.jpg,0,0,0,0,NONE,test
Japan_004611.jpg,0,1,1,0,D10+D20,test
Japan_011217.jpg,0,0,1,0,D20,test
Japan_011022.jpg,1,0,1,0,D00+D20,test
Japan_001212.jpg,0,0,0,0,NONE,test
Japan_002285.jpg,0,0,0,0,NONE,test
Japan_007890.jpg,0,1,1,0,D10+D20,test
Japan_003891.jpg,0,0,1,1,D20+D40,test
Japan_008978.jpg,1,0,0,0,D00,test
Japan_001373.jpg,0,0,1,0,D20,test
Japan_006263.jpg,0,0,1,0,D20,test
Japan_003902.jpg,0,0,0,0,NONE,test
Japan_002087.jpg,0,0,1,0,D20,test
Japan_012682.jpg,1,0,0,0,D00,test
Japan_006897.jpg,0,0,0,0,NONE,test
Japan_002909.jpg,0,1,0,0,D10,test
Japan_005086.jpg,0,1,1,0,D10+D20,test
Japan_004156.jpg,1,0,0,0,D00,test
Japan_007345.jpg,0,0,1,1,D20+D40,test
Japan_004875.jpg,0,0,0,0,NONE,test
Japan_001143.jpg,0,1,0,0,D10,test
Japan_010046.jpg,1,1,0,0,D00+D10,test
Japan_009795.jpg,1,0,0,0,D00,test
Japan_002146.jpg,0,1,1,0,D10+D20,test
Japan_002372.jpg,0,0,1,1,D20+D40,test
Japan_010654.jpg,1,0,0,0,D00,test
Japan_005286.jpg,1,0,1,0,D00+D20,test
Japan_003549.jpg,0,0,0,0,NONE,test
Japan_001715.jpg,1,0,0,0,D00,test
Japan_003375.jpg,0,0,0,0,NONE,test
Japan_001956.jpg,1,0,0,0,D00,test
Japan_008856.jpg,1,1,0,0,D00+D10,test
Japan_005051.jpg,0,0,1,0,D20,test
Japan_003108.jpg,0,0,1,0,D20,test
Japan_001189.jpg,0,1,1,0,D10+D20,test
Japan_002868.jpg,1,0,1,0,D00+D20,test
Japan_002910.jpg,1,0,1,0,D00+D20,test
Japan_001299.jpg,0,0,1,0,D20,test
Japan_006866.jpg,0,0,1,0,D20,test
Japan_002724.jpg,1,1,0,0,D00+D10,test
Japan_009292.jpg,0,0,0,0,NONE,test
Japan_007613.jpg,1,0,0,0,D00,test
Japan_008940.jpg,1,0,1,0,D00+D20,test
Japan_009759.jpg,0,0,0,0,NONE,test
Japan_003950.jpg,0,0,0,0,NONE,test
Japan_000127.jpg,0,1,0,0,D10,test
Japan_013123.jpg,0,0,0,1,D40,test
Japan_011450.jpg,0,0,0,0,NONE,test
Japan_004339.jpg,1,0,0,0,D00,test
Japan_003463.jpg,0,1,1,0,D10+D20,test
Japan_004849.jpg,0,1,0,0,D10,test
Japan_001026.jpg,0,0,0,0,NONE,test
Japan_004365.jpg,0,0,1,0,D20,test
Japan_003533.jpg,0,1,0,0,D10,test
Japan_008198.jpg,0,0,1,1,D20+D40,test
Japan_008837.jpg,1,1,0,0,D00+D10,test
Japan_005315.jpg,1,0,0,0,D00,test
Japan_008632.jpg,0,0,0,0,NONE,test
Japan_005036.jpg,0,1,1,0,D10+D20,test
Japan_004212.jpg,0,0,0,0,NONE,test
Japan_000603.jpg,0,0,1,1,D20+D40,test
Japan_009981.jpg,0,0,1,0,D20,test
Japan_006923.jpg,0,0,1,0,D20,test
Japan_005212.jpg,0,0,0,0,NONE,test
Japan_007355.jpg,0,0,1,0,D20,test
Japan_008613.jpg,1,0,1,0,D00+D20,test
Japan_010706.jpg,0,0,1,0,D20,test
Japan_002535.jpg,0,1,1,0,D10+D20,test
Japan_003607.jpg,0,0,1,0,D20,test
Japan_010468.jpg,1,0,0,0,D00,test
Japan_001764.jpg,0,0,1,0,D20,test
Japan_008935.jpg,0,0,0,1,D40,test
Japan_009922.jpg,0,0,1,0,D20,test
Japan_000570.jpg,0,0,1,0,D20,test
Japan_009214.jpg,0,0,1,0,D20,test
Japan_004912.jpg,0,0,1,1,D20+D40,test
Japan_007279.jpg,0,0,0,1,D40,test
Japan_013076.jpg,0,0,0,0,NONE,test
Japan_011808.jpg,0,0,0,0,NONE,test
Japan_006370.jpg,1,0,0,0,D00,test
Japan_008690.jpg,0,0,0,1,D40,test
Japan_003990.jpg,1,0,0,0,D00,test
Japan_006514.jpg,0,1,1,0,D10+D20,test
Japan_008370.jpg,0,0,0,0,NONE,test
Japan_012810.jpg,1,0,1,0,D00+D20,test
Japan_004157.jpg,0,0,0,1,D40,test
Japan_011627.jpg,0,0,0,1,D40,test
Japan_004253.jpg,0,0,0,0,NONE,test
Japan_004521.jpg,0,0,0,0,NONE,test
Japan_010524.jpg,0,0,0,0,NONE,test
Japan_010249.jpg,0,1,0,0,D10,test
Japan_011376.jpg,1,0,0,0,D00,test
Japan_004214.jpg,0,0,0,0,NONE,test
Japan_012514.jpg,0,0,0,0,NONE,test
Japan_008052.jpg,0,0,1,1,D20+D40,test
Japan_001964.jpg,1,0,0,0,D00,test
Japan_004610.jpg,0,0,1,0,D20,test
Japan_012954.jpg,1,1,0,0,D00+D10,test
Japan_009422.jpg,0,0,1,0,D20,test
Japan_011430.jpg,0,0,0,0,NONE,test
Japan_001302.jpg,0,0,1,0,D20,test
Japan_012513.jpg,0,0,1,0,D20,test
Japan_009149.jpg,0,0,0,0,NONE,test
Japan_011833.jpg,1,1,0,0,D00+D10,test
Japan_004498.jpg,0,0,1,0,D20,test
Japan_007989.jpg,1,1,1,0,D00+D10+D20,test
Japan_002782.jpg,0,0,0,0,NONE,test
Japan_003391.jpg,0,0,0,0,NONE,test
Japan_012444.jpg,0,0,1,0,D20,test
Japan_011869.jpg,0,0,1,0,D20,test
Japan_008378.jpg,0,1,1,0,D10+D20,test
Japan_010589.jpg,1,1,1,0,D00+D10+D20,test
Japan_010946.jpg,1,0,0,0,D00,test
Japan_011496.jpg,1,0,0,0,D00,test
Japan_008033.jpg,1,0,0,0,D00,test
Japan_006239.jpg,1,0,0,0,D00,test
Japan_008031.jpg,0,0,0,1,D40,test
Japan_008142.jpg,0,0,1,0,D20,test
Japan_008650.jpg,0,0,1,0,D20,test
Japan_011368.jpg,1,0,0,0,D00,test
Japan_003369.jpg,0,0,0,0,NONE,test
Japan_011069.jpg,1,0,0,0,D00,test
Japan_004603.jpg,0,1,0,0,D10,test
Japan_012859.jpg,0,0,1,0,D20,test
Japan_010763.jpg,0,1,0,0,D10,test
Japan_010559.jpg,0,0,0,0,NONE,test
Japan_005499.jpg,0,0,1,0,D20,test
Japan_005939.jpg,0,1,1,0,D10+D20,test
Japan_003868.jpg,0,0,1,0,D20,test
Japan_002637.jpg,0,0,0,0,NONE,test
Japan_007113.jpg,1,1,0,0,D00+D10,test
Japan_004576.jpg,0,0,0,0,NONE,test
Japan_000623.jpg,0,0,0,1,D40,test
Japan_010258.jpg,1,0,0,0,D00,test
Japan_002192.jpg,1,0,1,0,D00+D20,test
Japan_006571.jpg,0,0,0,0,NONE,test
Japan_000135.jpg,1,0,0,0,D00,test
Japan_006570.jpg,0,0,1,0,D20,test
Japan_002109.jpg,0,0,0,0,NONE,test
Japan_000989.jpg,1,1,0,0,D00+D10,test
Japan_002732.jpg,1,0,0,0,D00,test
Japan_009963.jpg,0,0,1,0,D20,test
Japan_005383.jpg,1,0,0,0,D00,test
Japan_011204.jpg,1,1,1,0,D00+D10+D20,test
Japan_002988.jpg,0,0,0,1,D40,test
Japan_010550.jpg,0,0,1,0,D20,test
Japan_011238.jpg,1,0,0,0,D00,test
Japan_009059.jpg,0,0,1,0,D20,test
Japan_000898.jpg,0,0,1,0,D20,test
Japan_005957.jpg,0,0,0,0,NONE,test
Japan_002185.jpg,1,1,0,0,D00+D10,test
Japan_001587.jpg,0,0,0,0,NONE,test
Japan_004324.jpg,0,0,1,0,D20,test
Japan_006011.jpg,0,1,1,1,D10+D20+D40,test
Japan_000899.jpg,0,0,0,1,D40,test
Japan_008942.jpg,0,1,1,0,D10+D20,test
Japan_002606.jpg,0,0,1,1,D20+D40,test
Japan_000811.jpg,1,0,0,0,D00,test
Japan_010972.jpg,0,0,0,0,NONE,test
Japan_010086.jpg,0,0,0,0,NONE,test
Japan_004568.jpg,0,0,0,0,NONE,test
Japan_001367.jpg,0,0,0,0,NONE,test
Japan_007239.jpg,1,0,0,0,D00,test
Japan_007898.jpg,1,1,1,0,D00+D10+D20,test
Japan_000119.jpg,0,0,1,0,D20,test
Japan_010850.jpg,0,0,0,0,NONE,test
Japan_007229.jpg,1,0,1,0,D00+D20,test
Japan_011269.jpg,0,0,1,0,D20,test
Japan_007607.jpg,0,1,0,1,D10+D40,test
Japan_007839.jpg,0,0,1,1,D20+D40,test
Japan_003914.jpg,0,0,1,0,D20,test
Japan_003648.jpg,1,0,0,0,D00,test
Japan_011157.jpg,1,1,1,0,D00+D10+D20,test
Japan_009474.jpg,0,1,1,0,D10+D20,test
Japan_010511.jpg,0,0,1,0,D20,test
Japan_006975.jpg,0,0,0,0,NONE,test
Japan_010983.jpg,0,0,0,1,D40,test
Japan_009152.jpg,0,0,0,0,NONE,test
Japan_012589.jpg,0,0,0,0,NONE,test
Japan_000407.jpg,0,0,1,0,D20,test
Japan_013100.jpg,0,0,0,0,NONE,test
Japan_005121.jpg,0,0,1,1,D20+D40,test
Japan_010707.jpg,0,0,0,0,NONE,test
Japan_011062.jpg,1,0,0,0,D00,test
Japan_008357.jpg,0,0,0,0,NONE,test
Japan_000520.jpg,0,0,0,0,NONE,test
Japan_000428.jpg,0,0,1,0,D20,test
Japan_006677.jpg,0,1,1,0,D10+D20,test
Japan_005139.jpg,1,0,1,0,D00+D20,test
Japan_007079.jpg,0,0,1,0,D20,test
Japan_009679.jpg,0,0,0,0,NONE,test
Japan_003198.jpg,0,1,1,0,D10+D20,test
Japan_002027.jpg,0,0,0,0,NONE,test
Japan_006512.jpg,1,0,0,0,D00,test
Japan_005020.jpg,0,1,0,0,D10,test
Japan_001658.jpg,0,0,0,0,NONE,test
Japan_000490.jpg,0,1,0,0,D10,test
Japan_003795.jpg,0,1,0,0,D10,test
Japan_006110.jpg,0,0,0,0,NONE,test
Japan_010126.jpg,0,0,0,0,NONE,test
Japan_005296.jpg,0,0,0,0,NONE,test
Japan_005345.jpg,0,0,1,0,D20,test
Japan_008722.jpg,0,0,0,1,D40,test
Japan_007742.jpg,0,0,0,0,NONE,test
Japan_007378.jpg,0,0,0,1,D40,test
Japan_009608.jpg,1,0,0,0,D00,test
Japan_003146.jpg,0,0,0,0,NONE,test
Japan_013028.jpg,0,0,1,0,D20,test
Japan_007488.jpg,0,0,0,0,NONE,test
Japan_005154.jpg,0,0,1,0,D20,test
Japan_001749.jpg,0,0,0,1,D40,test
Japan_002600.jpg,0,0,1,0,D20,test
Japan_007576.jpg,0,0,1,0,D20,test
Japan_001974.jpg,0,0,1,0,D20,test
Japan_002705.jpg,0,0,1,1,D20+D40,test
Japan_011314.jpg,0,0,0,0,NONE,test
Japan_008927.jpg,1,0,0,0,D00,test
Japan_002660.jpg,0,0,1,0,D20,test
Japan_003861.jpg,0,1,1,0,D10+D20,test
Japan_010001.jpg,0,1,0,1,D10+D40,test
Japan_011761.jpg,0,0,1,0,D20,test
Japan_001949.jpg,0,0,0,0,NONE,test
Japan_000797.jpg,0,1,0,0,D10,test
Japan_007895.jpg,1,0,1,0,D00+D20,test
Japan_007477.jpg,1,1,0,0,D00+D10,test
Japan_009193.jpg,0,0,1,0,D20,test
Japan_000829.jpg,0,0,1,0,D20,test
Japan_000235.jpg,1,1,0,0,D00+D10,test
Japan_003927.jpg,0,1,1,0,D10+D20,test
Japan_012473.jpg,0,0,0,0,NONE,test
Japan_008249.jpg,0,1,1,0,D10+D20,test
Japan_000190.jpg,0,0,1,0,D20,test
Japan_009065.jpg,0,0,0,0,NONE,test
Japan_012540.jpg,0,0,1,0,D20,test
Japan_004657.jpg,1,1,0,0,D00+D10,test
Japan_002186.jpg,1,0,0,0,D00,test
Japan_000241.jpg,0,0,0,0,NONE,test
Japan_004612.jpg,0,0,0,0,NONE,test
Japan_005635.jpg,0,0,1,0,D20,test
Japan_009573.jpg,1,0,0,0,D00,test
Japan_010776.jpg,0,0,0,0,NONE,test
Japan_011086.jpg,1,0,1,1,D00+D20+D40,test
Japan_002576.jpg,1,0,0,0,D00,test
Japan_005643.jpg,1,0,0,0,D00,test
Japan_012909.jpg,0,0,0,0,NONE,test
Japan_003321.jpg,0,0,1,0,D20,test
Japan_001249.jpg,1,0,0,0,D00,test
Japan_000385.jpg,1,0,1,0,D00+D20,test
Japan_010684.jpg,0,0,1,0,D20,test
Japan_001164.jpg,0,0,0,0,NONE,test
Japan_004816.jpg,1,0,0,0,D00,test
Japan_004322.jpg,1,0,0,0,D00,test
Japan_008222.jpg,0,0,0,0,NONE,test
Japan_001723.jpg,0,0,0,0,NONE,test
Japan_005633.jpg,0,0,0,0,NONE,test
Japan_011625.jpg,0,0,0,0,NONE,test
Japan_012370.jpg,1,0,0,0,D00,test
Japan_010751.jpg,0,0,1,0,D20,test
Japan_006798.jpg,0,1,0,0,D10,test
Japan_001647.jpg,0,0,1,1,D20+D40,test
Japan_007423.jpg,0,0,1,0,D20,test
Japan_002737.jpg,1,1,0,0,D00+D10,test
Japan_011629.jpg,1,1,0,0,D00+D10,test
Japan_012271.jpg,1,0,0,0,D00,test
Japan_001119.jpg,0,0,1,0,D20,test
Japan_005832.jpg,0,0,0,0,NONE,test
Japan_001262.jpg,0,0,0,1,D40,test
Japan_012717.jpg,1,0,0,0,D00,test
Japan_007757.jpg,0,0,1,0,D20,test
Japan_005110.jpg,0,0,0,0,NONE,test
Japan_009681.jpg,0,0,0,1,D40,test
Japan_009597.jpg,0,0,1,0,D20,test
Japan_000720.jpg,0,0,1,0,D20,test
Japan_005803.jpg,0,0,1,0,D20,test
Japan_009359.jpg,0,0,1,0,D20,test
Japan_009027.jpg,0,0,0,0,NONE,test
Japan_010312.jpg,0,0,1,0,D20,test
Japan_006794.jpg,0,1,1,0,D10+D20,test
Japan_004552.jpg,0,0,1,0,D20,test
Japan_004888.jpg,1,1,0,0,D00+D10,test
Japan_004189.jpg,1,0,0,0,D00,test
Japan_000817.jpg,1,1,0,0,D00+D10,test
Japan_009001.jpg,1,0,1,0,D00+D20,test
Japan_010979.jpg,1,0,1,0,D00+D20,test
Japan_004652.jpg,1,1,0,0,D00+D10,test
Japan_005557.jpg,1,0,0,0,D00,test
Japan_001328.jpg,0,0,0,0,NONE,test
Japan_005193.jpg,0,0,1,1,D20+D40,test
Japan_004535.jpg,0,0,0,1,D40,test
Japan_003478.jpg,0,0,0,1,D40,test
Japan_002212.jpg,0,1,1,0,D10+D20,test
Japan_009866.jpg,0,0,1,1,D20+D40,test
Japan_012539.jpg,0,0,0,1,D40,test
Japan_007247.jpg,0,0,1,0,D20,test
Japan_009689.jpg,0,0,1,0,D20,test
Japan_006829.jpg,0,0,0,0,NONE,test
Japan_001575.jpg,1,1,0,1,D00+D10+D40,test
Japan_003619.jpg,0,0,0,0,NONE,test
Japan_010981.jpg,1,1,0,0,D00+D10,test
Japan_008901.jpg,0,1,0,0,D10,test
Japan_009702.jpg,1,1,0,0,D00+D10,test
Japan_005963.jpg,0,1,0,0,D10,test
Japan_006742.jpg,0,0,1,0,D20,test
Japan_005129.jpg,1,0,0,0,D00,test
Japan_001016.jpg,0,1,0,0,D10,test
Japan_003357.jpg,1,1,0,0,D00+D10,test
Japan_009035.jpg,1,1,0,0,D00+D10,test
Japan_003853.jpg,0,0,1,0,D20,test
Japan_010028.jpg,1,0,0,0,D00,test
Japan_005389.jpg,0,0,0,0,NONE,test
Japan_001880.jpg,0,0,0,0,NONE,test
Japan_010209.jpg,1,0,0,0,D00,test
Japan_004655.jpg,0,0,1,0,D20,test
Japan_005435.jpg,0,1,0,0,D10,test
Japan_008571.jpg,0,0,0,0,NONE,test
Japan_000729.jpg,0,0,1,0,D20,test
Japan_006802.jpg,0,0,1,0,D20,test
Japan_008324.jpg,0,0,1,0,D20,test
Japan_006951.jpg,0,0,1,0,D20,test
Japan_012773.jpg,0,0,0,0,NONE,test
Japan_006529.jpg,0,0,1,0,D20,test
Japan_003464.jpg,0,0,0,0,NONE,test
Japan_010703.jpg,0,0,1,0,D20,test
Japan_001050.jpg,0,1,1,0,D10+D20,test
Japan_003654.jpg,0,0,1,0,D20,test
Japan_011470.jpg,1,0,0,1,D00+D40,test
Japan_001242.jpg,0,0,1,0,D20,test
Japan_005323.jpg,0,0,1,0,D20,test
Japan_006536.jpg,1,0,1,0,D00+D20,test
Japan_001691.jpg,0,0,0,0,NONE,test
Japan_010022.jpg,1,0,0,0,D00,test
Japan_009460.jpg,0,0,1,0,D20,test
Japan_012039.jpg,0,1,1,0,D10+D20,test
Japan_003241.jpg,0,0,1,0,D20,test
Japan_002222.jpg,0,0,0,1,D40,test
Japan_001903.jpg,1,1,0,0,D00+D10,test
Japan_004293.jpg,0,0,0,0,NONE,test
Japan_012951.jpg,0,0,0,0,NONE,test
Japan_002735.jpg,0,0,1,0,D20,test
Japan_007408.jpg,0,0,0,0,NONE,test
Japan_007519.jpg,0,0,1,0,D20,test
Japan_003819.jpg,1,0,0,0,D00,test
Japan_004411.jpg,0,0,0,0,NONE,test
Japan_011731.jpg,0,1,0,0,D10,test
Japan_001083.jpg,0,0,1,0,D20,test
Japan_012224.jpg,1,1,0,0,D00+D10,test
Japan_001416.jpg,0,1,1,0,D10+D20,test
Japan_005461.jpg,1,0,0,0,D00,test
Japan_006326.jpg,0,1,1,0,D10+D20,test
Japan_012950.jpg,0,0,1,0,D20,test
Japan_008514.jpg,1,0,0,1,D00+D40,test
Japan_009909.jpg,0,0,1,1,D20+D40,test
Japan_001542.jpg,0,0,1,1,D20+D40,test
Japan_010576.jpg,0,0,0,0,NONE,test
Japan_003205.jpg,1,0,0,0,D00,test
Japan_010166.jpg,1,0,0,0,D00,test
Japan_006639.jpg,0,0,0,0,NONE,test
Japan_009628.jpg,0,0,0,0,NONE,test
Japan_009320.jpg,0,0,1,0,D20,test
Japan_008989.jpg,0,0,1,0,D20,test
Japan_005118.jpg,1,0,1,0,D00+D20,test
Japan_003382.jpg,0,0,1,0,D20,test
Japan_007636.jpg,0,0,1,0,D20,test
Japan_008754.jpg,1,1,1,0,D00+D10+D20,test
Japan_011327.jpg,1,0,0,0,D00,test
Japan_007390.jpg,0,0,0,0,NONE,test
Japan_005980.jpg,0,1,1,1,D10+D20+D40,test
Japan_000301.jpg,0,0,1,0,D20,test
Japan_003416.jpg,0,1,0,0,D10,test
Japan_011556.jpg,0,0,0,0,NONE,test
Japan_002887.jpg,0,0,0,0,NONE,test
Japan_005807.jpg,1,1,1,0,D00+D10+D20,test
Japan_006714.jpg,0,0,0,0,NONE,test
Japan_007570.jpg,1,1,0,0,D00+D10,test
Japan_009212.jpg,0,0,1,1,D20+D40,test
Japan_010964.jpg,0,0,1,0,D20,test
Japan_010566.jpg,0,0,1,0,D20,test
Japan_004274.jpg,0,0,1,0,D20,test
Japan_002625.jpg,0,0,0,0,NONE,test
Japan_004512.jpg,1,0,1,0,D00+D20,test
Japan_012358.jpg,0,1,1,0,D10+D20,test
Japan_010951.jpg,1,1,0,0,D00+D10,test
Japan_009953.jpg,0,1,1,0,D10+D20,test
Japan_001411.jpg,1,0,0,0,D00,test
Japan_011882.jpg,0,0,0,0,NONE,test
Japan_003829.jpg,0,0,1,0,D20,test
Japan_005541.jpg,1,0,0,1,D00+D40,test
Japan_001106.jpg,0,0,0,0,NONE,test
Japan_006734.jpg,1,0,0,0,D00,test
Japan_000001.jpg,0,1,0,0,D10,test
Japan_003622.jpg,0,0,0,0,NONE,test
Japan_004073.jpg,0,0,1,0,D20,test
Japan_011591.jpg,1,1,0,0,D00+D10,test
Japan_007788.jpg,1,0,0,0,D00,test
Japan_005599.jpg,0,0,0,1,D40,test
Japan_010720.jpg,0,0,1,0,D20,test
Japan_001799.jpg,0,0,1,0,D20,test
Japan_007951.jpg,1,0,1,0,D00+D20,test
Japan_003558.jpg,0,1,0,0,D10,test
Japan_004954.jpg,0,0,0,0,NONE,test
Japan_007654.jpg,0,1,1,0,D10+D20,test
Japan_007090.jpg,0,0,1,1,D20+D40,test
Japan_001196.jpg,0,1,1,0,D10+D20,test
Japan_006950.jpg,0,0,0,0,NONE,test
Japan_012168.jpg,0,0,1,0,D20,test
Japan_011041.jpg,1,1,0,0,D00+D10,test
Japan_006847.jpg,1,0,0,0,D00,test
Japan_001484.jpg,1,1,0,0,D00+D10,test
Japan_010532.jpg,0,0,0,1,D40,test
Japan_009985.jpg,1,0,0,0,D00,test
Japan_008771.jpg,0,1,0,0,D10,test
Japan_010230.jpg,0,1,0,0,D10,test
Japan_010427.jpg,0,0,1,1,D20+D40,test
Japan_008348.jpg,0,0,0,0,NONE,test
Japan_007318.jpg,0,0,0,0,NONE,test
Japan_000642.jpg,0,0,0,0,NONE,test
Japan_003687.jpg,1,0,0,0,D00,test
Japan_000296.jpg,1,1,1,0,D00+D10+D20,test
Japan_008813.jpg,0,1,1,1,D10+D20+D40,test
Japan_011468.jpg,1,0,0,0,D00,test
Japan_001797.jpg,1,1,0,0,D00+D10,test
Japan_003633.jpg,0,1,1,0,D10+D20,test
Japan_011424.jpg,0,0,1,0,D20,test
Japan_004996.jpg,1,0,0,0,D00,test
Japan_005827.jpg,0,0,1,0,D20,test
Japan_007160.jpg,0,0,1,1,D20+D40,test
Japan_002886.jpg,1,0,0,0,D00,test
Japan_003651.jpg,0,0,1,0,D20,test
Japan_006267.jpg,1,1,1,0,D00+D10+D20,test
Japan_004100.jpg,0,0,0,1,D40,test
Japan_002740.jpg,1,0,1,0,D00+D20,test
Japan_007650.jpg,1,1,0,0,D00+D10,test
Japan_000065.jpg,0,0,0,0,NONE,test
Japan_010389.jpg,0,0,1,0,D20,test
Japan_008831.jpg,0,1,1,0,D10+D20,test
Japan_008064.jpg,0,0,0,0,NONE,test
Japan_006537.jpg,0,0,0,0,NONE,test
Japan_010121.jpg,1,1,0,0,D00+D10,test
Japan_001141.jpg,0,0,0,0,NONE,test
Japan_008421.jpg,1,0,1,0,D00+D20,test
Japan_004882.jpg,0,0,1,1,D20+D40,test
Japan_009912.jpg,1,1,0,0,D00+D10,test
Japan_001669.jpg,0,0,1,0,D20,test
Japan_010096.jpg,0,0,1,0,D20,test
Japan_001524.jpg,1,0,1,1,D00+D20+D40,test
Japan_008955.jpg,1,0,0,0,D00,test
Japan_009047.jpg,0,0,0,0,NONE,test
Japan_001165.jpg,0,0,0,0,NONE,test
Japan_011465.jpg,0,0,1,0,D20,test
Japan_006248.jpg,0,1,1,0,D10+D20,test
Japan_000759.jpg,0,0,1,0,D20,test
Japan_008881.jpg,1,0,0,0,D00,test
Japan_011226.jpg,0,0,0,1,D40,test
Japan_007606.jpg,1,0,0,0,D00,test
Japan_012508.jpg,1,1,0,0,D00+D10,test
Japan_009263.jpg,0,0,1,1,D20+D40,test
Japan_011369.jpg,1,0,0,0,D00,test
Japan_005507.jpg,0,0,0,0,NONE,test
Japan_004724.jpg,0,1,1,0,D10+D20,test
Japan_001814.jpg,0,0,1,1,D20+D40,test
Japan_004928.jpg,1,0,0,0,D00,test
Japan_009355.jpg,0,1,1,0,D10+D20,test
Japan_000220.jpg,1,0,0,0,D00,test
Japan_005156.jpg,0,0,1,0,D20,test
Japan_007547.jpg,0,0,0,0,NONE,test
Japan_002519.jpg,0,0,0,0,NONE,test
Japan_011273.jpg,1,0,0,0,D00,test
Japan_012961.jpg,1,1,0,0,D00+D10,test
Japan_011535.jpg,0,0,0,0,NONE,test
Japan_000749.jpg,0,0,0,0,NONE,test
Japan_005235.jpg,0,0,0,0,NONE,test
Japan_003434.jpg,1,0,0,0,D00,test
Japan_012759.jpg,0,0,1,0,D20,test
Japan_001254.jpg,0,1,0,0,D10,test
Japan_006254.jpg,0,0,0,0,NONE,test
Japan_010801.jpg,1,0,0,0,D00,test
Japan_000835.jpg,1,0,0,0,D00,test
Japan_001815.jpg,1,0,0,0,D00,test
Japan_010595.jpg,0,0,1,1,D20+D40,test
Japan_009231.jpg,0,0,1,0,D20,test
Japan_001578.jpg,0,0,0,0,NONE,test
Japan_004379.jpg,0,0,0,0,NONE,test
Japan_003082.jpg,0,1,0,0,D10,test
Japan_008787.jpg,0,0,0,0,NONE,test
Japan_007462.jpg,0,0,0,1,D40,test
Japan_008277.jpg,0,0,0,0,NONE,test
Japan_001314.jpg,0,0,0,0,NONE,test
Japan_011158.jpg,0,1,1,0,D10+D20,test
Japan_001655.jpg,0,0,1,0,D20,test
Japan_011959.jpg,1,1,0,1,D00+D10+D40,test
Japan_001374.jpg,0,1,1,0,D10+D20,test
Japan_008192.jpg,0,0,0,0,NONE,test
Japan_007072.jpg,0,0,0,0,NONE,test
Japan_008699.jpg,0,1,0,0,D10,test
Japan_012396.jpg,1,0,1,1,D00+D20+D40,test
Japan_000978.jpg,0,1,0,0,D10,test
Japan_011412.jpg,1,1,1,0,D00+D10+D20,test
Japan_004736.jpg,0,0,1,0,D20,test
Japan_001120.jpg,0,0,0,0,NONE,test
Japan_009765.jpg,0,0,0,1,D40,test
Japan_000667.jpg,0,0,1,1,D20+D40,test
Japan_006114.jpg,0,0,0,0,NONE,test
Japan_001628.jpg,0,0,1,0,D20,test
Japan_010848.jpg,0,1,0,0,D10,test
Japan_004035.jpg,0,0,0,0,NONE,test
Japan_008169.jpg,0,0,1,0,D20,test
Japan_011964.jpg,0,0,0,0,NONE,test
Japan_013119.jpg,1,0,0,0,D00,test
Japan_005099.jpg,0,0,0,1,D40,test
Japan_009150.jpg,1,0,1,0,D00+D20,test
Japan_000118.jpg,0,0,0,0,NONE,test
Japan_011476.jpg,0,0,0,0,NONE,test
Japan_010773.jpg,0,0,0,0,NONE,test
Japan_010955.jpg,0,0,0,0,NONE,test
Japan_000784.jpg,0,0,1,0,D20,test
Japan_002054.jpg,0,0,0,0,NONE,test
Japan_012006.jpg,0,0,1,0,D20,test
Japan_000426.jpg,0,1,1,0,D10+D20,test
Japan_008000.jpg,1,1,1,0,D00+D10+D20,test
Japan_005694.jpg,1,0,0,0,D00,test
Japan_000317.jpg,0,0,0,0,NONE,test
Japan_009757.jpg,0,0,0,0,NONE,test
Japan_008667.jpg,1,0,1,0,D00+D20,test
Japan_005269.jpg,0,1,0,0,D10,test
Japan_005387.jpg,0,0,0,0,NONE,test
Japan_001766.jpg,0,0,0,0,NONE,test
Japan_010667.jpg,0,0,0,0,NONE,test
Japan_006319.jpg,1,0,0,0,D00,test
Japan_011078.jpg,0,1,0,0,D10,test
Japan_001656.jpg,0,0,1,1,D20+D40,test
Japan_005529.jpg,0,0,0,1,D40,test
Japan_002903.jpg,0,0,1,0,D20,test
Japan_004181.jpg,0,0,1,0,D20,test
Japan_012053.jpg,0,0,0,0,NONE,test
Japan_004364.jpg,0,0,1,0,D20,test
Japan_011242.jpg,0,1,0,0,D10,test
Japan_008765.jpg,1,0,1,0,D00+D20,test
Japan_006617.jpg,1,0,0,0,D00,test
Japan_004836.jpg,0,0,1,1,D20+D40,test
Japan_005734.jpg,0,1,0,0,D10,test
Japan_001528.jpg,0,0,0,0,NONE,test
Japan_011286.jpg,0,0,1,0,D20,test
Japan_005332.jpg,0,0,1,0,D20,test
Japan_009648.jpg,1,1,1,0,D00+D10+D20,test
Japan_008263.jpg,0,0,0,0,NONE,test
Japan_008525.jpg,0,0,1,1,D20+D40,test
Japan_011338.jpg,0,1,0,1,D10+D40,test
Japan_011907.jpg,1,1,0,0,D00+D10,test
Japan_012957.jpg,0,0,1,0,D20,test
Japan_003056.jpg,0,0,0,0,NONE,test
Japan_007313.jpg,0,0,0,0,NONE,test
Japan_009743.jpg,0,0,1,0,D20,test
Japan_010077.jpg,0,1,1,0,D10+D20,test
Japan_008177.jpg,0,1,1,0,D10+D20,test
Japan_006003.jpg,0,0,0,0,NONE,test
Japan_004342.jpg,0,0,0,1,D40,test
Japan_003226.jpg,1,0,0,0,D00,test
Japan_011918.jpg,0,1,1,0,D10+D20,test
Japan_005600.jpg,0,0,1,0,D20,test
Japan_004352.jpg,1,0,1,1,D00+D20+D40,test
Japan_011620.jpg,0,0,1,0,D20,test
Japan_006008.jpg,0,1,0,0,D10,test
Japan_009900.jpg,0,0,0,0,NONE,test
Japan_006991.jpg,0,1,1,0,D10+D20,test
Japan_012352.jpg,1,0,0,0,D00,test
Japan_008913.jpg,0,0,0,0,NONE,test
Japan_006833.jpg,0,1,0,0,D10,test
Japan_007461.jpg,0,1,1,0,D10+D20,test
Japan_005947.jpg,0,0,1,0,D20,test
Japan_004674.jpg,0,1,1,0,D10+D20,test
Japan_000198.jpg,1,0,0,0,D00,test
Japan_007170.jpg,0,0,0,0,NONE,test
Japan_009324.jpg,0,0,0,0,NONE,test
Japan_000693.jpg,1,1,1,0,D00+D10+D20,test
Japan_011920.jpg,0,1,1,0,D10+D20,test
Japan_006070.jpg,0,0,0,0,NONE,test
Japan_005898.jpg,1,0,0,0,D00,test
Japan_003779.jpg,0,0,0,1,D40,test
Japan_002769.jpg,1,1,1,0,D00+D10+D20,test
Japan_006548.jpg,0,1,1,0,D10+D20,test
Japan_012500.jpg,0,0,1,0,D20,test
Japan_005605.jpg,0,0,0,0,NONE,test
Japan_009204.jpg,0,1,0,0,D10,test
Japan_000370.jpg,0,0,0,0,NONE,test
Japan_004553.jpg,0,0,1,0,D20,test
Japan_000315.jpg,0,0,1,0,D20,test
Japan_007182.jpg,1,1,0,0,D00+D10,test
Japan_003559.jpg,0,1,0,0,D10,test
Japan_009291.jpg,1,1,1,0,D00+D10+D20,test
Japan_008516.jpg,0,1,1,0,D10+D20,test
Japan_000207.jpg,1,0,1,0,D00+D20,test
Japan_008993.jpg,1,0,1,0,D00+D20,test
Japan_011389.jpg,0,0,1,0,D20,test
Japan_011734.jpg,0,0,0,0,NONE,test
Japan_012182.jpg,0,0,1,0,D20,test
Japan_004367.jpg,0,0,0,0,NONE,test
Japan_001471.jpg,0,0,1,1,D20+D40,test
Japan_006614.jpg,0,1,1,0,D10+D20,test
Japan_011688.jpg,0,0,0,0,NONE,test
Japan_008720.jpg,0,0,1,0,D20,test
Japan_000041.jpg,0,0,1,0,D20,test
Japan_009148.jpg,1,0,0,0,D00,test
Japan_008135.jpg,0,0,0,0,NONE,test
Japan_012675.jpg,0,0,1,0,D20,test
Japan_009843.jpg,0,0,0,0,NONE,test
Japan_012545.jpg,0,0,1,0,D20,test
Japan_003186.jpg,0,0,0,0,NONE,test
Japan_003652.jpg,0,0,1,0,D20,test
Japan_005779.jpg,0,0,1,0,D20,test
Japan_011529.jpg,0,0,0,0,NONE,test
Japan_006713.jpg,0,0,1,1,D20+D40,test
Japan_006516.jpg,0,1,1,0,D10+D20,test
Japan_012880.jpg,0,0,0,0,NONE,test
Japan_007537.jpg,0,0,1,0,D20,test
Japan_000548.jpg,1,0,1,0,D00+D20,test
Japan_005256.jpg,0,0,1,0,D20,test
Japan_003595.jpg,0,0,1,0,D20,test
Japan_008691.jpg,0,1,1,0,D10+D20,test
Japan_012854.jpg,1,1,1,0,D00+D10+D20,test
Japan_000484.jpg,1,0,1,0,D00+D20,test
Japan_000584.jpg,0,0,0,0,NONE,test
Japan_006737.jpg,0,0,0,1,D40,test
Japan_007872.jpg,1,1,1,0,D00+D10+D20,test
Japan_010562.jpg,1,0,1,1,D00+D20+D40,test
Japan_007139.jpg,1,1,1,0,D00+D10+D20,test
Japan_007037.jpg,0,0,0,0,NONE,test
Japan_004392.jpg,1,1,1,1,D00+D10+D20+D40,test
Japan_009237.jpg,0,0,0,1,D40,test
Japan_003706.jpg,0,0,0,0,NONE,test
Japan_002305.jpg,0,0,0,0,NONE,test
Japan_006253.jpg,1,1,0,0,D00+D10,test
Japan_006698.jpg,0,0,1,0,D20,test
Japan_012159.jpg,1,1,1,0,D00+D10+D20,test
Japan_001486.jpg,1,0,0,0,D00,test
Japan_002100.jpg,1,0,0,0,D00,test
Japan_010180.jpg,0,0,1,0,D20,test
Japan_011431.jpg,0,0,1,0,D20,test
Japan_001407.jpg,1,0,0,0,D00,test
Japan_007064.jpg,0,0,0,0,NONE,test
Japan_009440.jpg,0,0,1,0,D20,test
Japan_003151.jpg,0,0,1,0,D20,test
Japan_009836.jpg,0,0,0,0,NONE,test
Japan_008190.jpg,0,0,1,0,D20,test
Japan_011618.jpg,0,0,0,0,NONE,test
Japan_009139.jpg,0,0,1,1,D20+D40,test
Japan_010889.jpg,0,0,0,0,NONE,test
Japan_012505.jpg,0,0,1,1,D20+D40,test
Japan_003858.jpg,0,0,1,1,D20+D40,test
Japan_000355.jpg,0,0,1,1,D20+D40,test
Japan_010669.jpg,0,0,1,0,D20,test
Japan_002066.jpg,0,1,0,0,D10,test
Japan_004938.jpg,0,0,1,0,D20,test
Japan_000866.jpg,1,0,0,0,D00,test
Japan_008745.jpg,0,1,1,0,D10+D20,test
Japan_005893.jpg,1,0,0,0,D00,test
Japan_008403.jpg,0,0,0,0,NONE,test
Japan_005887.jpg,0,0,0,1,D40,test
Japan_010518.jpg,0,0,0,0,NONE,test
Japan_000414.jpg,0,1,1,0,D10+D20,test
Japan_002428.jpg,1,1,0,0,D00+D10,test
Japan_010151.jpg,0,0,0,0,NONE,test
Japan_003908.jpg,0,0,1,0,D20,test
Japan_009415.jpg,0,1,1,0,D10+D20,test
Japan_005993.jpg,0,0,1,0,D20,test
Japan_012363.jpg,0,1,1,0,D10+D20,test
Japan_006174.jpg,0,0,1,1,D20+D40,test
Japan_007362.jpg,0,0,1,0,D20,test
Japan_009606.jpg,0,0,1,0,D20,test
Japan_002757.jpg,1,0,0,0,D00,test
Japan_001675.jpg,1,0,0,0,D00,test
Japan_010759.jpg,0,1,0,0,D10,test
Japan_009470.jpg,1,1,1,0,D00+D10+D20,test
Japan_011649.jpg,0,0,1,0,D20,test
Japan_005780.jpg,0,0,1,1,D20+D40,test
Japan_005777.jpg,0,1,1,0,D10+D20,test
Japan_000193.jpg,0,1,1,0,D10+D20,test
Japan_002138.jpg,0,0,1,0,D20,test
Japan_011435.jpg,0,0,0,1,D40,test
Japan_012075.jpg,0,0,1,0,D20,test
Japan_000201.jpg,0,0,1,0,D20,test
Japan_007528.jpg,1,1,0,0,D00+D10,test
Japan_008692.jpg,0,1,0,0,D10,test
Japan_000224.jpg,0,0,1,0,D20,test
Japan_011751.jpg,1,0,0,0,D00,test
Japan_006544.jpg,0,0,0,1,D40,test
Japan_002254.jpg,1,0,0,0,D00,test
Japan_001718.jpg,0,0,0,0,NONE,test
Japan_011986.jpg,0,0,1,0,D20,test
Japan_002559.jpg,0,0,0,0,NONE,test
Japan_006227.jpg,0,0,1,1,D20+D40,test
Japan_005424.jpg,0,0,0,0,NONE,test
Japan_000706.jpg,0,0,0,0,NONE,test
Japan_004210.jpg,1,1,0,0,D00+D10,test
Japan_012019.jpg,0,0,1,1,D20+D40,test
Japan_000399.jpg,1,0,0,0,D00,test
Japan_000182.jpg,1,0,0,0,D00,test
Japan_006051.jpg,1,0,0,0,D00,test
Japan_004300.jpg,1,0,0,0,D00,test
Japan_003916.jpg,0,0,0,0,NONE,test
Japan_000756.jpg,0,1,0,0,D10,test
Japan_009236.jpg,0,0,1,0,D20,test
Japan_000539.jpg,0,1,0,0,D10,test
Japan_008903.jpg,0,0,0,0,NONE,test
Japan_000437.jpg,1,1,0,0,D00+D10,test
Japan_001432.jpg,1,0,0,0,D00,test
Japan_011277.jpg,0,0,0,0,NONE,test
Japan_012299.jpg,0,0,1,1,D20+D40,test
Japan_010025.jpg,1,0,0,0,D00,test
Japan_011616.jpg,1,0,0,0,D00,test
Japan_001399.jpg,1,0,0,0,D00,test
Japan_005122.jpg,0,0,1,0,D20,test
Japan_000590.jpg,1,0,1,0,D00+D20,test
Japan_007707.jpg,0,0,1,0,D20,test
Japan_001154.jpg,0,1,1,1,D10+D20+D40,test
Japan_011206.jpg,0,0,1,0,D20,test
Japan_004664.jpg,0,0,1,0,D20,test
Japan_008196.jpg,0,0,0,1,D40,test
Japan_010136.jpg,0,0,0,0,NONE,test
Japan_002599.jpg,0,0,1,0,D20,test
Japan_010092.jpg,0,0,1,0,D20,test
Japan_006448.jpg,0,0,0,0,NONE,test
Japan_006846.jpg,0,1,1,0,D10+D20,test
Japan_006532.jpg,0,0,1,0,D20,test
Japan_007972.jpg,0,0,0,0,NONE,test
Japan_006687.jpg,0,0,0,0,NONE,test
Japan_000971.jpg,1,1,0,0,D00+D10,test
Japan_008895.jpg,1,0,0,0,D00,test
Japan_009251.jpg,1,0,0,0,D00,test
Japan_000020.jpg,0,1,1,0,D10+D20,test
Japan_001413.jpg,0,0,0,0,NONE,test
Japan_006509.jpg,0,0,1,1,D20+D40,test
Japan_002518.jpg,1,0,0,0,D00,test
Japan_007504.jpg,0,0,1,1,D20+D40,test
Japan_008186.jpg,0,0,1,0,D20,test
Japan_012162.jpg,1,1,0,0,D00+D10,test
Japan_009520.jpg,0,0,1,1,D20+D40,test
Japan_001090.jpg,0,1,1,0,D10+D20,test
Japan_007270.jpg,1,1,0,0,D00+D10,test
Japan_002650.jpg,0,0,0,0,NONE,test
Japan_007991.jpg,0,1,0,0,D10,test
Japan_001017.jpg,0,0,1,0,D20,test
Japan_000289.jpg,0,0,0,0,NONE,test
Japan_008703.jpg,1,1,1,0,D00+D10+D20,test
Japan_001377.jpg,0,0,0,0,NONE,test
Japan_005324.jpg,0,0,1,0,D20,test
Japan_010747.jpg,1,1,0,0,D00+D10,test
Japan_007066.jpg,1,1,1,0,D00+D10+D20,test
Japan_003949.jpg,1,1,0,0,D00+D10,test
Japan_005946.jpg,0,1,0,0,D10,test
Japan_011193.jpg,0,1,0,0,D10,test
Japan_000272.jpg,0,0,0,0,NONE,test
Japan_009247.jpg,1,1,0,0,D00+D10,test
Japan_005244.jpg,0,0,1,0,D20,test
Japan_005552.jpg,0,0,1,0,D20,test
Japan_007964.jpg,0,1,0,0,D10,test
Japan_005828.jpg,0,0,1,1,D20+D40,test
Japan_008876.jpg,0,0,1,0,D20,test
Japan_011690.jpg,1,1,0,0,D00+D10,test
Japan_004703.jpg,0,0,1,0,D20,test
Japan_004734.jpg,1,1,1,0,D00+D10+D20,test
Japan_000028.jpg,1,0,0,0,D00,test
Japan_004793.jpg,0,0,0,0,NONE,test
Japan_008866.jpg,1,0,0,0,D00,test
Japan_012578.jpg,0,0,1,1,D20+D40,test
Japan_011351.jpg,1,1,0,0,D00+D10,test
Japan_004188.jpg,0,1,1,0,D10+D20,test
Japan_000403.jpg,0,1,0,0,D10,test
Japan_012072.jpg,0,0,0,0,NONE,test
Japan_011419.jpg,0,0,1,1,D20+D40,test
Japan_004235.jpg,0,0,1,0,D20,test
Japan_007038.jpg,1,0,0,0,D00,test
Japan_008313.jpg,0,0,1,1,D20+D40,test
Japan_001809.jpg,0,1,1,0,D10+D20,test
Japan_011995.jpg,0,1,1,0,D10+D20,test
Japan_011806.jpg,0,1,0,0,D10,test
Japan_008631.jpg,1,0,0,0,D00,test
Japan_009232.jpg,0,0,1,0,D20,test
Japan_005149.jpg,0,0,0,0,NONE,test
Japan_010808.jpg,0,0,0,0,NONE,test
Japan_003352.jpg,1,0,0,0,D00,test
Japan_002622.jpg,0,0,1,1,D20+D40,test
Japan_001185.jpg,1,1,1,0,D00+D10+D20,test
Japan_012422.jpg,0,0,1,0,D20,test
Japan_003677.jpg,0,0,0,0,NONE,test
Japan_012828.jpg,0,0,0,0,NONE,test
Japan_005999.jpg,0,0,1,1,D20+D40,test
Japan_001428.jpg,1,1,1,0,D00+D10+D20,test
Japan_011175.jpg,0,0,0,0,NONE,test
Japan_001104.jpg,0,1,0,0,D10,test
Japan_005813.jpg,0,0,1,0,D20,test
Japan_006801.jpg,0,1,1,0,D10+D20,test
Japan_011034.jpg,1,0,0,0,D00,test
Japan_007056.jpg,0,1,0,0,D10,test
Japan_003605.jpg,0,0,0,1,D40,test
Japan_005380.jpg,1,1,0,0,D00+D10,test
Japan_009343.jpg,0,0,1,0,D20,test
Japan_008677.jpg,1,1,0,0,D00+D10,test
Japan_000828.jpg,0,0,0,0,NONE,test
Japan_000775.jpg,0,0,1,0,D20,test
Japan_003832.jpg,1,1,0,0,D00+D10,test
Japan_007478.jpg,0,0,0,0,NONE,test
Japan_001357.jpg,1,0,0,0,D00,test
Japan_002051.jpg,1,0,0,0,D00,test
Japan_010873.jpg,1,0,0,0,D00,test
Japan_005705.jpg,0,0,1,0,D20,test
Japan_008154.jpg,0,0,0,0,NONE,test
Japan_001703.jpg,0,0,0,0,NONE,test
Japan_006095.jpg,0,0,1,0,D20,test
Japan_011280.jpg,0,0,1,0,D20,test
Japan_004477.jpg,1,1,0,0,D00+D10,test
Japan_000567.jpg,1,1,0,0,D00+D10,test
Japan_000276.jpg,1,0,0,0,D00,test
Japan_003815.jpg,0,0,0,1,D40,test
Japan_011756.jpg,1,1,0,0,D00+D10,test
Japan_001258.jpg,0,0,0,0,NONE,test
Japan_008890.jpg,0,1,1,0,D10+D20,test
Japan_001843.jpg,1,0,0,0,D00,test
Japan_007163.jpg,1,1,1,0,D00+D10+D20,test
Japan_006870.jpg,0,0,0,0,NONE,test
Japan_007756.jpg,0,1,1,0,D10+D20,test
Japan_005205.jpg,0,0,0,0,NONE,test
Japan_008328.jpg,0,0,1,0,D20,test
Japan_004407.jpg,0,0,1,0,D20,test
Japan_004311.jpg,0,0,1,0,D20,test
Japan_010104.jpg,1,0,0,0,D00,test
Japan_009536.jpg,0,0,0,0,NONE,test
Japan_000381.jpg,0,1,1,0,D10+D20,test
Japan_006018.jpg,1,1,0,0,D00+D10,test
Japan_004146.jpg,0,1,0,0,D10,test
Japan_001319.jpg,0,0,1,1,D20+D40,test
Japan_003325.jpg,0,0,0,1,D40,test
Japan_009904.jpg,0,0,0,0,NONE,test
Japan_008502.jpg,0,0,0,0,NONE,test
Japan_007509.jpg,0,0,1,0,D20,test
Japan_000115.jpg,0,0,0,0,NONE,test
Japan_011867.jpg,0,1,0,0,D10,test
Japan_010183.jpg,0,0,1,0,D20,test
Japan_003923.jpg,0,0,0,0,NONE,test
Japan_005057.jpg,1,0,1,0,D00+D20,test
Japan_009243.jpg,0,0,1,0,D20,test
Japan_012507.jpg,0,0,0,0,NONE,test
Japan_002605.jpg,0,0,0,0,NONE,test
Japan_005879.jpg,0,0,1,0,D20,test
Japan_006541.jpg,0,0,0,1,D40,test
Japan_001824.jpg,0,0,0,0,NONE,test
Japan_003787.jpg,1,0,1,0,D00+D20,test
Japan_003451.jpg,0,1,0,1,D10+D40,test
Japan_003432.jpg,0,0,1,0,D20,test
Japan_011682.jpg,0,0,0,0,NONE,test
Japan_005794.jpg,1,0,0,0,D00,test
Japan_000506.jpg,0,0,1,0,D20,test
Japan_006967.jpg,0,0,1,1,D20+D40,test
Japan_011153.jpg,0,0,0,0,NONE,test
Japan_003531.jpg,0,0,0,0,NONE,test
Japan_003035.jpg,0,0,0,0,NONE,test
Japan_004005.jpg,0,0,0,0,NONE,test
Japan_002746.jpg,0,0,1,1,D20+D40,test
Japan_005088.jpg,0,1,1,1,D10+D20+D40,test
Japan_010419.jpg,0,0,0,0,NONE,test
Japan_011110.jpg,0,0,1,1,D20+D40,test
Japan_008590.jpg,0,0,1,0,D20,test
Japan_002840.jpg,0,0,0,0,NONE,test
Japan_004936.jpg,1,0,0,0,D00,test
Japan_005106.jpg,0,1,1,1,D10+D20+D40,test
Japan_007615.jpg,0,0,0,0,NONE,test
Japan_001967.jpg,0,0,1,0,D20,test
Japan_001194.jpg,0,0,0,0,NONE,test
Japan_010503.jpg,0,0,1,0,D20,test
Japan_003262.jpg,1,0,1,0,D00+D20,test
Japan_005985.jpg,0,0,0,0,NONE,test
Japan_002733.jpg,0,0,1,0,D20,test
Japan_012439.jpg,1,0,0,0,D00,test
Japan_013078.jpg,1,0,1,0,D00+D20,test
Japan_008547.jpg,0,0,1,0,D20,test
Japan_010686.jpg,0,1,1,1,D10+D20+D40,test
Japan_005040.jpg,0,1,1,0,D10+D20,test
Japan_007284.jpg,0,1,0,0,D10,test
Japan_000676.jpg,0,0,0,0,NONE,test
Japan_005104.jpg,0,0,0,0,NONE,test
Japan_003892.jpg,1,0,0,0,D00,test
Japan_003157.jpg,0,0,1,0,D20,test
Japan_001116.jpg,0,0,1,0,D20,test
Japan_007861.jpg,1,1,0,0,D00+D10,test
Japan_008002.jpg,0,0,0,0,NONE,test
Japan_010978.jpg,0,0,1,0,D20,test
Japan_003427.jpg,0,0,0,0,NONE,test
Japan_004094.jpg,1,1,1,0,D00+D10+D20,test
Japan_003156.jpg,1,0,0,0,D00,test
Japan_007752.jpg,1,0,0,0,D00,test
Japan_009501.jpg,1,0,1,0,D00+D20,test
Japan_000199.jpg,0,0,0,0,NONE,test
Japan_010215.jpg,0,1,0,0,D10,test
Japan_006190.jpg,0,1,1,0,D10+D20,test
Japan_001631.jpg,0,0,1,0,D20,test
Japan_006921.jpg,0,0,1,0,D20,test
Japan_011203.jpg,0,1,1,0,D10+D20,test
Japan_010205.jpg,0,1,0,0,D10,test
Japan_007686.jpg,0,0,0,0,NONE,test
Japan_010470.jpg,1,0,0,0,D00,test
Japan_003327.jpg,1,0,0,0,D00,test
Japan_000843.jpg,0,0,0,0,NONE,test
Japan_010432.jpg,0,0,1,0,D20,test
Japan_001954.jpg,1,0,0,0,D00,test
Japan_000582.jpg,0,0,0,0,NONE,test
Japan_005347.jpg,0,0,1,0,D20,test
Japan_005366.jpg,0,0,0,0,NONE,test
Japan_004265.jpg,1,0,0,0,D00,test
Japan_008674.jpg,1,1,0,0,D00+D10,test
Japan_000366.jpg,0,0,1,0,D20,test
Japan_002517.jpg,1,1,0,0,D00+D10,test
Japan_001601.jpg,0,0,1,0,D20,test
Japan_010069.jpg,0,0,1,1,D20+D40,test
Japan_012296.jpg,0,0,0,0,NONE,test
Japan_005612.jpg,1,0,0,0,D00,test
Japan_008946.jpg,0,0,0,1,D40,test
Japan_012344.jpg,0,0,1,1,D20+D40,test
Japan_011016.jpg,0,0,0,0,NONE,test
Japan_003326.jpg,0,0,0,0,NONE,test
Japan_007081.jpg,0,0,1,0,D20,test
Japan_002616.jpg,0,0,1,0,D20,test
Japan_006103.jpg,0,0,0,1,D40,test
Japan_010531.jpg,0,1,0,0,D10,test
Japan_005590.jpg,0,0,1,0,D20,test
Japan_003298.jpg,0,0,1,0,D20,test
Japan_011483.jpg,1,0,1,0,D00+D20,test
Japan_008949.jpg,1,0,0,0,D00,test
Japan_008970.jpg,0,0,1,0,D20,test
Japan_010704.jpg,0,0,1,0,D20,test
Japan_012949.jpg,1,0,0,0,D00,test
Japan_008120.jpg,1,0,0,0,D00,test
Japan_007954.jpg,0,0,1,0,D20,test
Japan_012207.jpg,1,0,1,0,D00+D20,test
Japan_010628.jpg,1,0,0,0,D00,test
Japan_005631.jpg,0,0,0,0,NONE,test
Japan_012504.jpg,1,0,1,0,D00+D20,test
Japan_012014.jpg,1,0,0,0,D00,test
Japan_013097.jpg,1,0,1,0,D00+D20,test
Japan_000457.jpg,1,0,0,0,D00,test
Japan_012668.jpg,0,1,0,0,D10,test
Japan_002852.jpg,1,0,0,0,D00,test
Japan_006178.jpg,0,0,0,0,NONE,test
Japan_002641.jpg,1,0,0,1,D00+D40,test
Japan_005603.jpg,0,0,1,0,D20,test
Japan_004870.jpg,0,0,1,0,D20,test
Japan_003040.jpg,0,1,1,0,D10+D20,test
Japan_003976.jpg,0,0,0,0,NONE,test
Japan_005370.jpg,0,0,0,0,NONE,test
Japan_012729.jpg,0,1,1,0,D10+D20,test
Japan_002282.jpg,0,0,0,0,NONE,test
Japan_000862.jpg,0,0,1,0,D20,test
Japan_001289.jpg,0,0,0,0,NONE,test
Japan_011910.jpg,0,1,1,0,D10+D20,test
Japan_008963.jpg,0,0,1,0,D20,test
Japan_009356.jpg,1,0,0,0,D00,test
Japan_000265.jpg,0,0,1,0,D20,test
Japan_000324.jpg,0,0,0,0,NONE,test
Japan_010467.jpg,0,0,1,0,D20,test
Japan_008542.jpg,0,0,0,0,NONE,test
Japan_012410.jpg,0,0,0,0,NONE,test
Japan_005906.jpg,0,0,0,1,D40,test
Japan_011670.jpg,1,0,0,0,D00,test
Japan_003866.jpg,1,0,1,1,D00+D20+D40,test
Japan_005607.jpg,0,0,0,0,NONE,test
Japan_012575.jpg,0,0,1,0,D20,test
Japan_001160.jpg,0,0,0,0,NONE,test
Japan_008848.jpg,0,0,1,0,D20,test
Japan_001580.jpg,0,0,1,0,D20,test
Japan_008830.jpg,1,0,0,1,D00+D40,test
Japan_006019.jpg,1,1,0,0,D00+D10,test
Japan_008131.jpg,0,0,1,0,D20,test
Japan_001451.jpg,0,0,0,0,NONE,test
Japan_012061.jpg,0,0,0,0,NONE,test
Japan_011848.jpg,1,0,0,0,D00,test
Japan_008291.jpg,0,0,1,0,D20,test
Japan_001860.jpg,0,1,0,0,D10,test
Japan_009057.jpg,0,1,1,0,D10+D20,test
Japan_008084.jpg,0,1,0,0,D10,test
Japan_005075.jpg,0,0,0,0,NONE,test
Japan_003456.jpg,0,0,0,0,NONE,test
Japan_006053.jpg,0,0,1,0,D20,test
Japan_004063.jpg,0,1,1,0,D10+D20,test
Japan_000448.jpg,0,1,1,0,D10+D20,test
Japan_001231.jpg,0,0,1,0,D20,test
Japan_006695.jpg,1,0,0,0,D00,test
Japan_010695.jpg,0,1,1,1,D10+D20+D40,test
Japan_011626.jpg,0,0,1,0,D20,test
Japan_002640.jpg,1,0,0,0,D00,test
Japan_008639.jpg,1,0,1,1,D00+D20+D40,test
Japan_000687.jpg,0,0,0,0,NONE,test
Japan_013059.jpg,0,0,0,0,NONE,test
Japan_006432.jpg,1,0,1,0,D00+D20,test
Japan_011950.jpg,1,0,0,0,D00,test
Japan_009480.jpg,0,1,1,0,D10+D20,test
Japan_012442.jpg,1,1,0,0,D00+D10,test
Japan_011291.jpg,0,0,0,0,NONE,test
Japan_004975.jpg,0,0,0,0,NONE,test
Japan_011525.jpg,0,1,1,0,D10+D20,test
Japan_009802.jpg,0,0,1,0,D20,test
Japan_003428.jpg,0,0,1,0,D20,test
Japan_006895.jpg,0,0,0,0,NONE,test
Japan_012710.jpg,0,1,0,0,D10,test
Japan_009171.jpg,0,0,0,0,NONE,test
Japan_011803.jpg,0,0,1,0,D20,test
Japan_002058.jpg,0,0,1,0,D20,test
Japan_008364.jpg,0,0,1,0,D20,test
Japan_004513.jpg,0,0,1,0,D20,test
Japan_011514.jpg,0,0,0,0,NONE,test
Japan_010918.jpg,0,0,1,0,D20,test
Japan_010441.jpg,1,0,0,0,D00,test
Japan_010050.jpg,1,0,0,0,D00,test
Japan_007327.jpg,0,0,1,0,D20,test
Japan_005079.jpg,0,0,0,0,NONE,test
Japan_012566.jpg,0,0,1,0,D20,test
Japan_011048.jpg,0,1,1,0,D10+D20,test
Japan_001982.jpg,0,0,1,0,D20,test
Japan_002813.jpg,0,1,0,0,D10,test
Japan_004200.jpg,0,0,0,0,NONE,test
Japan_006218.jpg,0,1,1,0,D10+D20,test
Japan_000887.jpg,1,1,1,0,D00+D10+D20,test
Japan_002278.jpg,1,0,0,0,D00,test
Japan_004499.jpg,0,0,0,0,NONE,test
Japan_001359.jpg,0,0,0,0,NONE,test
Japan_008012.jpg,1,0,0,0,D00,test
Japan_008286.jpg,0,1,0,0,D10,test
Japan_009709.jpg,0,0,1,0,D20,test
Japan_006664.jpg,0,0,0,0,NONE,test
Japan_011974.jpg,0,0,0,0,NONE,test
Japan_001013.jpg,0,0,0,0,NONE,test
Japan_004894.jpg,0,0,1,0,D20,test
Japan_004829.jpg,0,0,1,0,D20,test
Japan_009093.jpg,0,0,0,0,NONE,test
Japan_003395.jpg,0,0,0,0,NONE,test
Japan_006917.jpg,0,0,0,0,NONE,test
Japan_000783.jpg,1,0,0,0,D00,test
Japan_003856.jpg,0,0,0,0,NONE,test
Japan_012863.jpg,0,0,1,0,D20,test
Japan_003689.jpg,0,1,0,1,D10+D40,test
Japan_003366.jpg,1,0,0,0,D00,test
Japan_006777.jpg,0,0,1,0,D20,test
Japan_007678.jpg,0,0,1,0,D20,test
Japan_002213.jpg,0,0,1,0,D20,test
Japan_004433.jpg,0,0,1,0,D20,test
Japan_005625.jpg,0,0,1,1,D20+D40,test
Japan_013035.jpg,0,0,1,0,D20,test
Japan_009325.jpg,0,0,1,0,D20,test
Japan_010385.jpg,0,0,1,0,D20,test
Japan_003864.jpg,1,1,0,0,D00+D10,test
Japan_005114.jpg,1,1,0,0,D00+D10,test
Japan_000044.jpg,0,0,1,0,D20,test
Japan_001386.jpg,0,1,0,0,D10,test
Japan_002360.jpg,0,0,0,0,NONE,test
Japan_005340.jpg,0,0,0,0,NONE,test
Japan_003833.jpg,0,0,1,0,D20,test
Japan_000926.jpg,1,0,0,0,D00,test
Japan_000555.jpg,0,0,1,0,D20,test
Japan_004878.jpg,1,0,0,0,D00,test
Japan_011228.jpg,1,0,1,0,D00+D20,test
Japan_009838.jpg,1,0,0,0,D00,test
Japan_009310.jpg,1,0,0,0,D00,test
Japan_009814.jpg,0,0,0,0,NONE,test
Japan_007333.jpg,0,0,1,0,D20,test
Japan_011232.jpg,0,0,0,0,NONE,test
Japan_006144.jpg,1,0,1,0,D00+D20,test
Japan_004346.jpg,1,0,0,0,D00,test
Japan_012275.jpg,1,0,0,0,D00,test
Japan_001920.jpg,0,0,0,1,D40,test
Japan_005431.jpg,1,1,0,0,D00+D10,test
Japan_010821.jpg,0,0,0,0,NONE,test
Japan_007921.jpg,0,1,0,0,D10,test
Japan_000310.jpg,0,0,1,1,D20+D40,test
Japan_008798.jpg,1,0,0,0,D00,test
Japan_011521.jpg,0,0,1,1,D20+D40,test
Japan_001516.jpg,0,0,1,0,D20,test
Japan_000725.jpg,0,0,0,0,NONE,test
Japan_011679.jpg,0,0,1,0,D20,test
Japan_006188.jpg,0,0,1,0,D20,test
Japan_000643.jpg,0,1,0,0,D10,test
Japan_001214.jpg,0,0,1,0,D20,test
Japan_010594.jpg,0,0,1,0,D20,test
Japan_010176.jpg,0,0,0,0,NONE,test
Japan_009807.jpg,0,0,1,0,D20,test
Japan_008554.jpg,0,0,0,0,NONE,test
Japan_006886.jpg,0,0,0,1,D40,test
Japan_011436.jpg,0,0,0,0,NONE,test
Japan_008506.jpg,0,0,0,0,NONE,test
Japan_005007.jpg,1,0,1,0,D00+D20,test
Japan_003945.jpg,1,0,0,0,D00,test
Japan_012448.jpg,0,0,1,0,D20,test
Japan_008727.jpg,0,0,1,0,D20,test
Japan_008261.jpg,1,0,1,0,D00+D20,test
Japan_011371.jpg,0,1,0,0,D10,test
Japan_011057.jpg,0,0,1,0,D20,test
Japan_008829.jpg,0,1,0,0,D10,test
Japan_012490.jpg,0,0,0,0,NONE,test
Japan_011661.jpg,0,1,1,1,D10+D20+D40,test
Japan_012498.jpg,0,0,1,0,D20,test
Japan_005335.jpg,1,0,0,0,D00,test
Japan_005454.jpg,0,0,1,0,D20,test
Japan_000721.jpg,0,0,1,0,D20,test
Japan_003935.jpg,1,1,0,0,D00+D10,test
Japan_004768.jpg,1,0,0,0,D00,test
Japan_008997.jpg,0,0,1,0,D20,test
Japan_002473.jpg,0,0,0,1,D40,test
Japan_000914.jpg,0,0,1,0,D20,test
Japan_002930.jpg,0,0,0,0,NONE,test
Japan_009420.jpg,1,0,0,0,D00,test
Japan_012707.jpg,1,0,0,0,D00,test
Japan_010421.jpg,1,1,0,0,D00+D10,test
Japan_002554.jpg,0,0,0,1,D40,test
Japan_006749.jpg,0,0,1,1,D20+D40,test
Japan_006673.jpg,0,0,0,0,NONE,test
Japan_009502.jpg,0,0,0,1,D40,test
Japan_002152.jpg,0,0,1,1,D20+D40,test
Japan_004810.jpg,0,0,0,0,NONE,test
Japan_003340.jpg,0,0,1,0,D20,test
Japan_002728.jpg,0,0,0,0,NONE,test
Japan_003177.jpg,1,0,0,0,D00,test
Japan_000348.jpg,0,0,1,1,D20+D40,test
Japan_001420.jpg,0,0,0,1,D40,test
Japan_008034.jpg,0,0,0,1,D40,test
Japan_007725.jpg,0,0,1,0,D20,test
Japan_012741.jpg,0,0,1,0,D20,test
Japan_001113.jpg,0,0,0,0,NONE,test
Japan_009889.jpg,0,0,0,0,NONE,test
Japan_011042.jpg,0,0,1,0,D20,test
Japan_011352.jpg,0,1,0,0,D10,test
Japan_009555.jpg,0,0,0,0,NONE,test
Japan_005681.jpg,0,1,0,0,D10,test
Japan_004889.jpg,0,1,1,1,D10+D20+D40,test
Japan_002077.jpg,0,0,1,0,D20,test
Japan_011054.jpg,1,1,1,1,D00+D10+D20+D40,test
Japan_003235.jpg,1,0,1,0,D00+D20,test
Japan_012291.jpg,0,1,0,0,D10,test
Japan_007929.jpg,0,0,1,0,D20,test
Japan_001960.jpg,0,1,0,0,D10,test
Japan_003303.jpg,1,0,0,1,D00+D40,test
Japan_012389.jpg,1,1,0,0,D00+D10,test
Japan_007984.jpg,0,0,1,0,D20,test
Japan_004930.jpg,0,1,1,1,D10+D20+D40,test
Japan_006694.jpg,1,0,0,0,D00,test
Japan_010935.jpg,0,0,1,0,D20,test
Japan_004623.jpg,0,0,1,1,D20+D40,test
Japan_007107.jpg,1,0,0,0,D00,test
Japan_010915.jpg,0,0,0,0,NONE,test
Japan_012119.jpg,0,0,0,0,NONE,test
Japan_009102.jpg,0,0,0,0,NONE,test
Japan_002179.jpg,0,0,1,0,D20,test
Japan_010275.jpg,0,0,0,0,NONE,test
Japan_008226.jpg,0,0,1,0,D20,test
Japan_012166.jpg,1,0,0,0,D00,test
Japan_006486.jpg,0,0,0,0,NONE,test
Japan_011445.jpg,0,0,1,0,D20,test
Japan_003585.jpg,0,0,1,1,D20+D40,test
Japan_000328.jpg,0,0,1,1,D20+D40,test
Japan_012117.jpg,0,0,1,0,D20,test
Japan_012726.jpg,0,0,0,0,NONE,test
Japan_002416.jpg,1,0,0,1,D00+D40,test
Japan_003234.jpg,0,0,0,0,NONE,test
Japan_012317.jpg,1,0,1,0,D00+D20,test
Japan_012424.jpg,0,0,0,0,NONE,test
Japan_009073.jpg,0,1,1,0,D10+D20,test
Japan_001041.jpg,0,1,0,0,D10,test
Japan_002309.jpg,0,0,1,0,D20,test
Japan_003015.jpg,0,0,0,0,NONE,test
Japan_003870.jpg,0,0,0,0,NONE,test
Japan_005396.jpg,1,0,0,0,D00,test
Japan_010123.jpg,0,0,0,0,NONE,test
Japan_005322.jpg,0,0,0,0,NONE,test
Japan_004281.jpg,0,0,0,0,NONE,test
Japan_008707.jpg,0,0,1,0,D20,test
Japan_012532.jpg,0,1,1,0,D10+D20,test
Japan_008466.jpg,0,0,0,0,NONE,test
Japan_001508.jpg,0,0,0,0,NONE,test
Japan_003997.jpg,0,0,0,0,NONE,test
Japan_008887.jpg,0,0,0,0,NONE,test
Japan_008122.jpg,0,1,0,0,D10,test
Japan_006797.jpg,0,0,0,0,NONE,test
Japan_006232.jpg,0,0,0,0,NONE,test
Japan_011664.jpg,0,0,1,0,D20,test
Japan_007833.jpg,0,0,1,0,D20,test
Japan_007668.jpg,0,0,1,0,D20,test
Japan_004746.jpg,0,0,0,0,NONE,test
Japan_010779.jpg,0,0,1,1,D20+D40,test
Japan_002738.jpg,0,0,1,0,D20,test
Japan_012417.jpg,1,0,0,0,D00,test
Japan_005348.jpg,0,0,0,0,NONE,test
Japan_004079.jpg,0,0,1,0,D20,test
Japan_008655.jpg,0,0,0,0,NONE,test
Japan_008439.jpg,0,0,0,1,D40,test
Japan_003888.jpg,1,1,1,0,D00+D10+D20,test
Japan_004021.jpg,1,1,1,0,D00+D10+D20,test
Japan_011146.jpg,1,0,0,0,D00,test
Japan_000958.jpg,0,0,1,1,D20+D40,test
Japan_012066.jpg,0,0,1,0,D20,test
Japan_005195.jpg,0,1,0,0,D10,test
Japan_004688.jpg,0,0,1,0,D20,test
Japan_005770.jpg,1,1,1,0,D00+D10+D20,test
Japan_000442.jpg,0,0,1,0,D20,test
Japan_008498.jpg,0,1,0,0,D10,test
Japan_012912.jpg,0,0,0,0,NONE,test
Japan_006246.jpg,0,0,1,0,D20,test
Japan_009014.jpg,0,0,1,0,D20,test
Japan_012092.jpg,0,1,1,0,D10+D20,test
Japan_004318.jpg,1,0,1,0,D00+D20,test
Japan_009585.jpg,0,0,0,0,NONE,test
Japan_010150.jpg,0,0,1,0,D20,test
Japan_005064.jpg,0,0,1,0,D20,test
Japan_001346.jpg,0,0,1,0,D20,test
Japan_008682.jpg,1,1,0,0,D00+D10,test
Japan_000295.jpg,0,0,0,1,D40,test
Japan_003680.jpg,1,1,1,0,D00+D10+D20,test
Japan_006355.jpg,0,0,0,0,NONE,test
Japan_009523.jpg,1,0,1,0,D00+D20,test
Japan_002292.jpg,0,0,1,0,D20,test
Japan_008015.jpg,0,0,0,0,NONE,test
Japan_007758.jpg,0,0,1,1,D20+D40,test
Japan_002609.jpg,0,0,1,0,D20,test
Japan_001570.jpg,1,0,1,0,D00+D20,test
Japan_004832.jpg,0,0,0,0,NONE,test
Japan_010681.jpg,0,0,0,0,NONE,test
Japan_006973.jpg,1,0,0,0,D00,test
Japan_004413.jpg,1,0,0,0,D00,test
Japan_007601.jpg,1,0,0,0,D00,test
Japan_008148.jpg,1,1,0,0,D00+D10,test
Japan_011570.jpg,0,0,1,0,D20,test
Japan_001554.jpg,0,1,0,0,D10,test
Japan_005683.jpg,0,0,1,1,D20+D40,test
Japan_010350.jpg,0,1,1,1,D10+D20+D40,test
Japan_002034.jpg,0,0,0,0,NONE,test
Japan_010260.jpg,0,0,1,0,D20,test
Japan_000197.jpg,0,0,1,0,D20,test
Japan_004375.jpg,0,0,1,0,D20,test
Japan_007316.jpg,0,0,0,0,NONE,test
Japan_012082.jpg,1,0,0,0,D00,test
Japan_010491.jpg,1,1,0,0,D00+D10,test
Japan_008473.jpg,1,0,0,0,D00,test
Japan_011706.jpg,0,0,0,0,NONE,test
Japan_003147.jpg,0,0,0,0,NONE,test
Japan_011394.jpg,0,0,0,0,NONE,test
Japan_013081.jpg,0,0,0,0,NONE,test
Japan_011831.jpg,0,0,1,1,D20+D40,test
Japan_002153.jpg,0,0,0,1,D40,test
Japan_002656.jpg,1,1,1,0,D00+D10+D20,test
Japan_007911.jpg,1,1,0,0,D00+D10,test
Japan_007013.jpg,1,0,0,0,D00,test
Japan_007699.jpg,0,0,1,1,D20+D40,test
Japan_009713.jpg,0,0,1,0,D20,test
Japan_012960.jpg,0,0,0,0,NONE,test
Japan_004334.jpg,0,0,0,0,NONE,test
Japan_007305.jpg,0,0,1,0,D20,test
Japan_007092.jpg,0,1,0,0,D10,test
Japan_009693.jpg,0,0,0,0,NONE,test
Japan_002912.jpg,1,1,0,0,D00+D10,test
Japan_002795.jpg,1,1,0,1,D00+D10+D40,test
Japan_006682.jpg,1,0,0,0,D00,test
Japan_002984.jpg,0,0,1,0,D20,test
Japan_005062.jpg,0,0,1,1,D20+D40,test
Japan_010002.jpg,1,0,0,0,D00,test
Japan_007717.jpg,1,1,0,0,D00+D10,test
Japan_010344.jpg,0,0,1,0,D20,test
Japan_003290.jpg,0,1,0,0,D10,test
Japan_005157.jpg,0,0,0,0,NONE,test
Japan_007882.jpg,0,0,1,1,D20+D40,test
Japan_000447.jpg,0,1,0,0,D10,test
Japan_008451.jpg,1,0,0,0,D00,test
Japan_005329.jpg,0,0,1,0,D20,test
Japan_003978.jpg,0,0,1,1,D20+D40,test
Japan_008790.jpg,0,0,1,0,D20,test
Japan_005881.jpg,0,0,0,0,NONE,test
Japan_006191.jpg,0,0,0,0,NONE,test
Japan_001453.jpg,1,0,0,0,D00,test
Japan_010255.jpg,1,0,1,0,D00+D20,test
Japan_001303.jpg,0,0,1,1,D20+D40,test
Japan_010986.jpg,0,0,1,0,D20,test
Japan_010293.jpg,0,0,1,0,D20,test
Japan_005109.jpg,0,0,1,0,D20,test
Japan_005791.jpg,0,0,0,0,NONE,test
Japan_008518.jpg,0,0,0,0,NONE,test
Japan_011698.jpg,0,0,1,0,D20,test
Japan_001323.jpg,0,0,1,0,D20,test
Japan_013110.jpg,0,1,1,0,D10+D20,test
Japan_008046.jpg,0,0,1,0,D20,test
Japan_005338.jpg,0,0,1,1,D20+D40,test
Japan_012718.jpg,0,0,0,0,NONE,test
Japan_009191.jpg,0,0,1,0,D20,test
Japan_000105.jpg,1,1,0,0,D00+D10,test
Japan_007165.jpg,1,0,0,0,D00,test
Japan_006922.jpg,1,0,0,0,D00,test
Japan_010680.jpg,1,0,0,0,D00,test
Japan_013113.jpg,0,0,0,0,NONE,test
Japan_012596.jpg,0,0,1,0,D20,test
Japan_005408.jpg,0,0,1,0,D20,test
Japan_007593.jpg,0,0,0,0,NONE,test
Japan_005602.jpg,0,0,1,1,D20+D40,test
Japan_002689.jpg,0,0,0,1,D40,test
Japan_012552.jpg,0,0,0,0,NONE,test
Japan_006843.jpg,0,0,0,0,NONE,test
Japan_009254.jpg,0,0,0,0,NONE,test
Japan_012649.jpg,1,1,0,0,D00+D10,test
Japan_002874.jpg,0,0,0,1,D40,test
Japan_005228.jpg,0,0,0,0,NONE,test
Japan_008985.jpg,0,1,0,0,D10,test
Japan_001153.jpg,0,0,0,0,NONE,test
Japan_007188.jpg,0,1,0,0,D10,test
Japan_006137.jpg,0,0,0,0,NONE,test
Japan_011970.jpg,1,0,0,0,D00,test
Japan_001505.jpg,0,0,0,0,NONE,test
Japan_009144.jpg,1,0,0,0,D00,test
Japan_011239.jpg,1,0,0,0,D00,test
Japan_008460.jpg,0,0,1,0,D20,test
Japan_005788.jpg,0,0,0,0,NONE,test
Japan_005801.jpg,0,0,0,0,NONE,test
Japan_001803.jpg,0,0,0,0,NONE,test
Japan_004838.jpg,0,0,0,0,NONE,test
Japan_012163.jpg,0,0,0,0,NONE,test
Japan_002498.jpg,0,0,1,1,D20+D40,test
Japan_005206.jpg,1,0,0,0,D00,test
Japan_007624.jpg,1,0,0,0,D00,test
Japan_005044.jpg,0,0,1,1,D20+D40,test
Japan_001107.jpg,0,0,1,0,D20,test
Japan_011924.jpg,0,0,1,1,D20+D40,test
Japan_004814.jpg,1,0,0,0,D00,test
Japan_011979.jpg,0,0,1,0,D20,test
Japan_010764.jpg,0,0,1,1,D20+D40,test
Japan_003983.jpg,0,1,1,0,D10+D20,test
Japan_004425.jpg,0,0,1,0,D20,test
Japan_007162.jpg,0,0,0,1,D40,test
Japan_011533.jpg,0,0,1,0,D20,test
Japan_009473.jpg,1,0,0,0,D00,test
Japan_011726.jpg,1,0,0,0,D00,test
Japan_011463.jpg,1,0,1,0,D00+D20,test
Japan_004330.jpg,1,0,0,0,D00,test
Japan_003550.jpg,1,1,0,0,D00+D10,test
Japan_010310.jpg,0,0,0,0,NONE,test
Japan_001773.jpg,0,1,1,0,D10+D20,test
Japan_008303.jpg,0,0,1,1,D20+D40,test
Japan_012976.jpg,0,1,0,0,D10,test
Japan_010812.jpg,0,0,1,0,D20,test
Japan_011001.jpg,0,1,1,0,D10+D20,test
Japan_012298.jpg,0,0,1,0,D20,test
Japan_001620.jpg,0,0,1,0,D20,test
Japan_008809.jpg,0,0,1,0,D20,test
Japan_009157.jpg,0,0,0,0,NONE,test
Japan_002344.jpg,1,0,0,0,D00,test
Japan_007248.jpg,0,0,0,0,NONE,test
Japan_003189.jpg,0,0,1,0,D20,test
Japan_006135.jpg,0,1,1,0,D10+D20,test
Japan_004881.jpg,1,0,1,0,D00+D20,test
Japan_009199.jpg,0,0,1,1,D20+D40,test
Japan_001117.jpg,0,0,0,1,D40,test
Japan_009797.jpg,0,1,0,0,D10,test
Japan_000702.jpg,0,0,1,0,D20,test
Japan_011857.jpg,0,0,0,0,NONE,test
Japan_002259.jpg,0,0,1,0,D20,test
Japan_007264.jpg,0,0,0,0,NONE,test
Japan_002269.jpg,0,0,0,0,NONE,test
Japan_012154.jpg,0,0,0,0,NONE,test
Japan_010565.jpg,0,0,0,0,NONE,test
Japan_002938.jpg,1,0,1,0,D00+D20,test
Japan_011035.jpg,1,1,0,0,D00+D10,test
Japan_001950.jpg,1,0,1,0,D00+D20,test
Japan_008743.jpg,0,0,1,0,D20,test
Japan_006288.jpg,0,1,1,0,D10+D20,test
Japan_000142.jpg,0,0,0,0,NONE,test
Japan_006927.jpg,0,0,0,0,NONE,test
Japan_006369.jpg,0,0,1,0,D20,test
Japan_006221.jpg,0,0,1,0,D20,test
Japan_012526.jpg,0,0,0,0,NONE,test
Japan_006132.jpg,0,1,0,0,D10,test
Japan_001187.jpg,0,0,0,0,NONE,test
Japan_002802.jpg,1,0,0,0,D00,test
Japan_003104.jpg,1,0,0,0,D00,test
Japan_012046.jpg,0,0,1,0,D20,test
Japan_011392.jpg,0,0,1,1,D20+D40,test
Japan_005004.jpg,0,0,0,0,NONE,test
Japan_001024.jpg,1,0,0,0,D00,test
Japan_006359.jpg,0,0,0,0,NONE,test
Japan_009431.jpg,0,0,0,0,NONE,test
Japan_000890.jpg,1,0,0,0,D00,test
Japan_010600.jpg,0,0,1,0,D20,test
Japan_009735.jpg,0,0,1,0,D20,test
Japan_008106.jpg,0,0,0,0,NONE,test
Japan_011458.jpg,0,0,1,0,D20,test
Japan_006272.jpg,0,0,1,1,D20+D40,test
Japan_012432.jpg,0,0,1,0,D20,test
Japan_002104.jpg,0,1,1,0,D10+D20,test
Japan_003236.jpg,0,0,1,0,D20,test
Japan_012561.jpg,0,0,1,0,D20,test
Japan_004485.jpg,0,0,0,1,D40,test
Japan_007814.jpg,0,1,0,0,D10,test
Japan_007187.jpg,0,0,1,0,D20,test
Japan_011302.jpg,1,1,1,0,D00+D10+D20,test
Japan_008412.jpg,0,0,1,0,D20,test
Japan_004083.jpg,0,0,1,0,D20,test
Japan_012047.jpg,0,0,1,0,D20,test
Japan_008245.jpg,1,1,0,0,D00+D10,test
Japan_006466.jpg,0,0,1,1,D20+D40,test
Japan_009054.jpg,0,0,1,1,D20+D40,test
Japan_006087.jpg,0,0,1,0,D20,test
Japan_000578.jpg,0,0,0,1,D40,test
Japan_010189.jpg,0,0,1,0,D20,test
Japan_006366.jpg,0,0,0,0,NONE,test
Japan_003063.jpg,0,0,1,0,D20,test
Japan_000338.jpg,0,0,1,0,D20,test
Japan_003611.jpg,0,0,1,0,D20,test
Japan_007220.jpg,0,0,1,0,D20,test
Japan_001184.jpg,1,0,0,0,D00,test
Japan_004646.jpg,0,0,0,1,D40,test
Japan_007963.jpg,1,0,0,0,D00,test
Japan_005161.jpg,0,0,0,0,NONE,test
Japan_001131.jpg,0,0,0,1,D40,test
Japan_010844.jpg,0,0,1,0,D20,test
Japan_006899.jpg,1,0,0,0,D00,test
Japan_001222.jpg,0,0,0,0,NONE,test
Japan_000455.jpg,0,1,1,0,D10+D20,test
Japan_004958.jpg,0,0,0,1,D40,test
Japan_012698.jpg,0,0,0,0,NONE,test
Japan_000612.jpg,0,0,0,0,NONE,test
Japan_001129.jpg,1,0,0,0,D00,test
Japan_001327.jpg,0,0,1,1,D20+D40,test
Japan_005566.jpg,0,0,1,1,D20+D40,test
Japan_003238.jpg,1,0,1,0,D00+D20,test
Japan_009956.jpg,0,0,0,1,D40,test
Japan_001110.jpg,0,1,0,0,D10,test
Japan_012917.jpg,0,0,0,0,NONE,test
Japan_012875.jpg,0,0,0,0,NONE,test
Japan_009349.jpg,0,0,1,0,D20,test
Japan_003809.jpg,0,1,0,0,D10,test
Japan_012269.jpg,1,0,0,0,D00,test
Japan_003338.jpg,0,0,1,0,D20,test
Japan_009004.jpg,0,0,1,0,D20,test
Japan_005028.jpg,1,0,1,1,D00+D20+D40,test
Japan_007679.jpg,0,1,1,1,D10+D20+D40,test
Japan_006131.jpg,1,0,0,0,D00,test
Japan_004998.jpg,0,0,0,0,NONE,test
Japan_012456.jpg,0,0,1,0,D20,test
Japan_000316.jpg,0,0,1,1,D20+D40,test
Japan_003135.jpg,0,0,1,0,D20,test
Japan_010880.jpg,0,0,1,0,D20,test
Japan_007141.jpg,0,1,0,0,D10,test
Japan_002139.jpg,0,0,0,0,NONE,test
Japan_005965.jpg,0,0,1,0,D20,test
Japan_000259.jpg,0,0,1,0,D20,test
Japan_001708.jpg,0,1,1,0,D10+D20,test
Japan_008481.jpg,0,0,0,0,NONE,test
Japan_006153.jpg,0,0,0,0,NONE,test
Japan_003408.jpg,0,0,1,0,D20,test
Japan_011885.jpg,1,1,0,0,D00+D10,test
Japan_005669.jpg,0,0,1,1,D20+D40,test
Japan_012935.jpg,0,1,0,0,D10,test
Japan_011643.jpg,0,0,1,0,D20,test
Japan_003668.jpg,0,0,1,0,D20,test
Japan_003088.jpg,0,0,0,1,D40,test
Japan_011326.jpg,0,0,1,0,D20,test
Japan_008312.jpg,1,0,0,0,D00,test
Japan_005290.jpg,1,1,0,0,D00+D10,test
Japan_002301.jpg,0,0,1,1,D20+D40,test
Japan_007048.jpg,0,0,0,0,NONE,test
Japan_009283.jpg,1,0,0,0,D00,test
Japan_000040.jpg,0,0,0,1,D40,test
Japan_007268.jpg,0,0,1,0,D20,test
Japan_001682.jpg,0,0,1,0,D20,test
Japan_003149.jpg,0,0,0,0,NONE,test
Japan_001866.jpg,0,0,0,0,NONE,test
Japan_009732.jpg,0,1,1,0,D10+D20,test
Japan_012084.jpg,0,0,1,0,D20,test
Japan_000625.jpg,0,0,1,0,D20,test
Japan_006469.jpg,0,0,1,0,D20,test
Japan_006155.jpg,0,0,1,0,D20,test
Japan_010197.jpg,1,0,0,0,D00,test
Japan_000270.jpg,0,0,1,1,D20+D40,test
Japan_009661.jpg,0,0,0,0,NONE,test
Japan_012427.jpg,0,0,1,0,D20,test
Japan_002941.jpg,0,1,1,0,D10+D20,test
Japan_007571.jpg,1,0,0,0,D00,test
Japan_011099.jpg,0,0,0,0,NONE,test
Japan_006357.jpg,0,0,1,0,D20,test
Japan_006748.jpg,1,0,0,0,D00,test
Japan_002789.jpg,1,0,1,0,D00+D20,test
Japan_011361.jpg,0,0,0,0,NONE,test
Japan_009609.jpg,1,0,0,0,D00,test
Japan_007360.jpg,0,1,1,0,D10+D20,test
Japan_004228.jpg,1,1,1,0,D00+D10+D20,test
Japan_011195.jpg,1,0,0,0,D00,test
Japan_002614.jpg,0,0,0,1,D40,test
Japan_004602.jpg,0,0,1,0,D20,test
